0,0.0,1.0,0.0,1.0,0.651186790505676,0.7723378212974297,0.7066069428891378,0.8277165872102581
0.05,0.0,1.0,0.0,1.0,0.651186790505676,0.7723378212974297,0.7066069428891378,0.8277165872102581
0.1,0.0,1.0,0.0,1.0,0.651186790505676,0.7723378212974297,0.7066069428891378,0.8277165872102581
0.15000000000000002,0.0,1.0,0.0,1.0,0.651186790505676,0.7723378212974297,0.7066069428891378,0.8277165872102581
0.2,0.0,1.0,0.0,1.0,0.6507772020725389,0.7686658506731946,0.7048260381593715,0.8270590169324347
0.25,0.0,1.0,0.0,1.0,0.6505460218408736,0.7656058751529988,0.7034017430418892,0.8265658392240671
0.30000000000000004,0.0,1.0,0.0,1.0,0.6492146596858639,0.758873929008568,0.6997742663656885,0.8250863060989643
0.35000000000000003,0.0,1.0,0.0,1.0,0.6476492340200739,0.7503059975520195,0.6952083924014743,0.8232779878349499
0.4,0.0,1.0,0.0,1.0,0.6449546182594768,0.7392900856793145,0.6889078984887368,0.8206477067236561
0.45,0.0,1.0,0.0,1.0,0.6423948220064725,0.7288861689106487,0.6829128440366972,0.8181818181818182
0.5,0.0,1.0,0.0,1.0,0.6390854654327708,0.7184822521419829,0.6764621146643618,0.8153871445010685
0.55,0.0,1.0,0.0,1.0,0.6348593491450635,0.704406364749082,0.6678270960255295,0.8117705079730396
0.6000000000000001,0.0,1.0,0.0,1.0,0.6280898876404495,0.6842105263157895,0.6549502050380784,0.8063455531809962
0.65,0.0,1.0,0.0,1.0,0.6167247386759582,0.6499388004895961,0.6328963051251489,0.7974683544303798
0.7000000000000001,0.0,1.0,0.0,1.0,0.6057347670250897,0.620563035495716,0.6130592503022975,0.7895775110964984
0.75,0.0,1.0,0.0,1.0,0.5916976456009914,0.5844553243574051,0.5880541871921183,0.7800427420680586
0.8,0.0,1.0,0.0,1.0,0.5781049935979513,0.5526315789473685,0.565081351689612,0.7714943284563538
0.8500000000000001,0.0,1.0,0.0,1.0,0.5684210526315789,0.5287637698898409,0.5478757133798351,0.7655761959559428
0.9,0.0,1.0,0.0,1.0,0.5612040133779265,0.5134638922888617,0.5362735698306169,0.7614663817195463
0.9500000000000001,0.0,1.0,0.0,1.0,0.5535105657805044,0.4969400244798042,0.5237020316027089,0.757192174913694
1.0,0.0,1.0,0.0,1.0,0.5485871812543074,0.48714810281517745,0.5160453808752026,0.7545618938024001
0,0.0,1.0,0.0,1.0,0.651186790505676,0.7723378212974297,0.7066069428891378,0.8277165872102581
0,0.0,1.05,0.0,1.0,0.651186790505676,0.7723378212974297,0.7066069428891378,0.8277165872102581
0,0.0,1.1,0.0,1.0,0.651186790505676,0.7723378212974297,0.7066069428891378,0.8277165872102581
0,0.0,1.15,0.0,1.0,0.651186790505676,0.7723378212974297,0.7066069428891378,0.8277165872102581
0,0.0,1.2,0.0,1.0,0.651186790505676,0.7723378212974297,0.7066069428891378,0.8277165872102581
0,0.0,1.25,0.0,1.0,0.651186790505676,0.7723378212974297,0.7066069428891378,0.8277165872102581
0,0.0,1.3,0.0,1.0,0.651186790505676,0.7723378212974297,0.7066069428891378,0.8277165872102581
0,0.0,1.35,0.0,1.0,0.651186790505676,0.7723378212974297,0.7066069428891378,0.8277165872102581
0,0.0,1.4,0.0,1.0,0.651186790505676,0.7723378212974297,0.7066069428891378,0.8277165872102581
0,0.0,1.45,0.0,1.0,0.651186790505676,0.7723378212974297,0.7066069428891378,0.8277165872102581
0,0.0,1.5,0.0,1.0,0.651186790505676,0.7723378212974297,0.7066069428891378,0.8277165872102581
0,0.0,1.55,0.0,1.0,0.651186790505676,0.7723378212974297,0.7066069428891378,0.8277165872102581
0,0.0,1.6,0.0,1.0,0.651186790505676,0.7723378212974297,0.7066069428891378,0.8277165872102581
0,0.0,1.65,0.0,1.0,0.651186790505676,0.7723378212974297,0.7066069428891378,0.8277165872102581
0,0.0,1.7000000000000002,0.0,1.0,0.651186790505676,0.7723378212974297,0.7066069428891378,0.8277165872102581
0,0.0,1.75,0.0,1.0,0.651186790505676,0.7723378212974297,0.7066069428891378,0.8277165872102581
0,0.0,1.8,0.0,1.0,0.651186790505676,0.7723378212974297,0.7066069428891378,0.8277165872102581
0,0.0,1.85,0.0,1.0,0.651186790505676,0.7723378212974297,0.7066069428891378,0.8277165872102581
0,0.0,1.9,0.0,1.0,0.651186790505676,0.7723378212974297,0.7066069428891378,0.8277165872102581
0,0.0,1.9500000000000002,0.0,1.0,0.651186790505676,0.7723378212974297,0.7066069428891378,0.8277165872102581
0,0.0,2.0,0.0,1.0,0.651186790505676,0.7723378212974297,0.7066069428891378,0.8277165872102581
0,0.05,1.0,0.0,1.0,0.651186790505676,0.7723378212974297,0.7066069428891378,0.8277165872102581
0,0.05,1.05,0.0,1.0,0.651186790505676,0.7723378212974297,0.7066069428891378,0.8277165872102581
0,0.05,1.1,0.0,1.0,0.651186790505676,0.7723378212974297,0.7066069428891378,0.8277165872102581
0,0.05,1.15,0.0,1.0,0.651186790505676,0.7723378212974297,0.7066069428891378,0.8277165872102581
0,0.05,1.2,0.0,1.0,0.651186790505676,0.7723378212974297,0.7066069428891378,0.8277165872102581
0,0.05,1.25,0.0,1.0,0.651186790505676,0.7723378212974297,0.7066069428891378,0.8277165872102581
0,0.05,1.3,0.0,1.0,0.651186790505676,0.7723378212974297,0.7066069428891378,0.8277165872102581
0,0.05,1.35,0.0,1.0,0.651186790505676,0.7723378212974297,0.7066069428891378,0.8277165872102581
0,0.05,1.4,0.0,1.0,0.651186790505676,0.7723378212974297,0.7066069428891378,0.8277165872102581
0,0.05,1.45,0.0,1.0,0.651186790505676,0.7723378212974297,0.7066069428891378,0.8277165872102581
0,0.05,1.5,0.0,1.0,0.651186790505676,0.7723378212974297,0.7066069428891378,0.8277165872102581
0,0.05,1.55,0.0,1.0,0.651186790505676,0.7723378212974297,0.7066069428891378,0.8277165872102581
0,0.05,1.6,0.0,1.0,0.651186790505676,0.7723378212974297,0.7066069428891378,0.8277165872102581
0,0.05,1.65,0.0,1.0,0.651186790505676,0.7723378212974297,0.7066069428891378,0.8277165872102581
0,0.05,1.7000000000000002,0.0,1.0,0.651186790505676,0.7723378212974297,0.7066069428891378,0.8277165872102581
0,0.05,1.75,0.0,1.0,0.651186790505676,0.7723378212974297,0.7066069428891378,0.8277165872102581
0,0.05,1.8,0.0,1.0,0.651186790505676,0.7723378212974297,0.7066069428891378,0.8277165872102581
0,0.05,1.85,0.0,1.0,0.651186790505676,0.7723378212974297,0.7066069428891378,0.8277165872102581
0,0.05,1.9,0.0,1.0,0.651186790505676,0.7723378212974297,0.7066069428891378,0.8277165872102581
0,0.05,1.9500000000000002,0.0,1.0,0.651186790505676,0.7723378212974297,0.7066069428891378,0.8277165872102581
0,0.05,2.0,0.0,1.0,0.651186790505676,0.7723378212974297,0.7066069428891378,0.8277165872102581
0,0.1,1.0,0.0,1.0,0.651186790505676,0.7723378212974297,0.7066069428891378,0.8277165872102581
0,0.1,1.05,0.0,1.0,0.651186790505676,0.7723378212974297,0.7066069428891378,0.8277165872102581
0,0.1,1.1,0.0,1.0,0.651186790505676,0.7723378212974297,0.7066069428891378,0.8277165872102581
0,0.1,1.15,0.0,1.0,0.651186790505676,0.7723378212974297,0.7066069428891378,0.8277165872102581
0,0.1,1.2,0.0,1.0,0.651186790505676,0.7723378212974297,0.7066069428891378,0.8277165872102581
0,0.1,1.25,0.0,1.0,0.651186790505676,0.7723378212974297,0.7066069428891378,0.8277165872102581
0,0.1,1.3,0.0,1.0,0.651186790505676,0.7723378212974297,0.7066069428891378,0.8277165872102581
0,0.1,1.35,0.0,1.0,0.651186790505676,0.7723378212974297,0.7066069428891378,0.8277165872102581
0,0.1,1.4,0.0,1.0,0.651186790505676,0.7723378212974297,0.7066069428891378,0.8277165872102581
0,0.1,1.45,0.0,1.0,0.651186790505676,0.7723378212974297,0.7066069428891378,0.8277165872102581
0,0.1,1.5,0.0,1.0,0.651186790505676,0.7723378212974297,0.7066069428891378,0.8277165872102581
0,0.1,1.55,0.0,1.0,0.651186790505676,0.7723378212974297,0.7066069428891378,0.8277165872102581
0,0.1,1.6,0.0,1.0,0.651186790505676,0.7723378212974297,0.7066069428891378,0.8277165872102581
0,0.1,1.65,0.0,1.0,0.651186790505676,0.7723378212974297,0.7066069428891378,0.8277165872102581
0,0.1,1.7000000000000002,0.0,1.0,0.651186790505676,0.7723378212974297,0.7066069428891378,0.8277165872102581
0,0.1,1.75,0.0,1.0,0.651186790505676,0.7723378212974297,0.7066069428891378,0.8277165872102581
0,0.1,1.8,0.0,1.0,0.651186790505676,0.7723378212974297,0.7066069428891378,0.8277165872102581
0,0.1,1.85,0.0,1.0,0.651186790505676,0.7723378212974297,0.7066069428891378,0.8277165872102581
0,0.1,1.9,0.0,1.0,0.651186790505676,0.7723378212974297,0.7066069428891378,0.8277165872102581
0,0.1,1.9500000000000002,0.0,1.0,0.651186790505676,0.7723378212974297,0.7066069428891378,0.8277165872102581
0,0.1,2.0,0.0,1.0,0.651186790505676,0.7723378212974297,0.7066069428891378,0.8277165872102581
0,0.15000000000000002,1.0,0.0,1.0,0.651186790505676,0.7723378212974297,0.7066069428891378,0.8277165872102581
0,0.15000000000000002,1.05,0.0,1.0,0.651186790505676,0.7723378212974297,0.7066069428891378,0.8277165872102581
0,0.15000000000000002,1.1,0.0,1.0,0.651186790505676,0.7723378212974297,0.7066069428891378,0.8277165872102581
0,0.15000000000000002,1.15,0.0,1.0,0.651186790505676,0.7723378212974297,0.7066069428891378,0.8277165872102581
0,0.15000000000000002,1.2,0.0,1.0,0.651186790505676,0.7723378212974297,0.7066069428891378,0.8277165872102581
0,0.15000000000000002,1.25,0.0,1.0,0.651186790505676,0.7723378212974297,0.7066069428891378,0.8277165872102581
0,0.15000000000000002,1.3,0.0,1.0,0.651186790505676,0.7723378212974297,0.7066069428891378,0.8277165872102581
0,0.15000000000000002,1.35,0.0,1.0,0.651186790505676,0.7723378212974297,0.7066069428891378,0.8277165872102581
0,0.15000000000000002,1.4,0.0,1.0,0.651186790505676,0.7723378212974297,0.7066069428891378,0.8277165872102581
0,0.15000000000000002,1.45,0.0,1.0,0.651186790505676,0.7723378212974297,0.7066069428891378,0.8277165872102581
0,0.15000000000000002,1.5,0.0,1.0,0.651186790505676,0.7723378212974297,0.7066069428891378,0.8277165872102581
0,0.15000000000000002,1.55,0.0,1.0,0.651186790505676,0.7723378212974297,0.7066069428891378,0.8277165872102581
0,0.15000000000000002,1.6,0.0,1.0,0.651186790505676,0.7723378212974297,0.7066069428891378,0.8277165872102581
0,0.15000000000000002,1.65,0.0,1.0,0.651186790505676,0.7723378212974297,0.7066069428891378,0.8277165872102581
0,0.15000000000000002,1.7000000000000002,0.0,1.0,0.651186790505676,0.7723378212974297,0.7066069428891378,0.8277165872102581
0,0.15000000000000002,1.75,0.0,1.0,0.651186790505676,0.7723378212974297,0.7066069428891378,0.8277165872102581
0,0.15000000000000002,1.8,0.0,1.0,0.651186790505676,0.7723378212974297,0.7066069428891378,0.8277165872102581
0,0.15000000000000002,1.85,0.0,1.0,0.651186790505676,0.7723378212974297,0.7066069428891378,0.8277165872102581
0,0.15000000000000002,1.9,0.0,1.0,0.651186790505676,0.7723378212974297,0.7066069428891378,0.8277165872102581
0,0.15000000000000002,1.9500000000000002,0.0,1.0,0.651186790505676,0.7723378212974297,0.7066069428891378,0.8277165872102581
0,0.15000000000000002,2.0,0.0,1.0,0.651186790505676,0.7723378212974297,0.7066069428891378,0.8277165872102581
0,0.2,1.0,0.0,1.0,0.651186790505676,0.7723378212974297,0.7066069428891378,0.8277165872102581
0,0.2,1.05,0.0,1.0,0.6510067114093959,0.7717258261933905,0.7062447493699244,0.8275521946408022
0,0.2,1.1,0.0,1.0,0.6510067114093959,0.7717258261933905,0.7062447493699244,0.8275521946408022
0,0.2,1.15,0.0,1.0,0.6510067114093959,0.7717258261933905,0.7062447493699244,0.8275521946408022
0,0.2,1.2,0.0,1.0,0.6510067114093959,0.7717258261933905,0.7062447493699244,0.8275521946408022
0,0.2,1.25,0.0,1.0,0.6510067114093959,0.7717258261933905,0.7062447493699244,0.8275521946408022
0,0.2,1.3,0.0,1.0,0.6510067114093959,0.7717258261933905,0.7062447493699244,0.8275521946408022
0,0.2,1.35,0.0,1.0,0.6510067114093959,0.7717258261933905,0.7062447493699244,0.8275521946408022
0,0.2,1.4,0.0,1.0,0.6510067114093959,0.7717258261933905,0.7062447493699244,0.8275521946408022
0,0.2,1.45,0.0,1.0,0.6510067114093959,0.7717258261933905,0.7062447493699244,0.8275521946408022
0,0.2,1.5,0.0,1.0,0.6510067114093959,0.7717258261933905,0.7062447493699244,0.8275521946408022
0,0.2,1.55,0.0,1.0,0.6510067114093959,0.7717258261933905,0.7062447493699244,0.8275521946408022
0,0.2,1.6,0.0,1.0,0.6510067114093959,0.7717258261933905,0.7062447493699244,0.8275521946408022
0,0.2,1.65,0.0,1.0,0.6510067114093959,0.7717258261933905,0.7062447493699244,0.8275521946408022
0,0.2,1.7000000000000002,0.0,1.0,0.6510067114093959,0.7717258261933905,0.7062447493699244,0.8275521946408022
0,0.2,1.75,0.0,1.0,0.6510067114093959,0.7717258261933905,0.7062447493699244,0.8275521946408022
0,0.2,1.8,0.0,1.0,0.6510067114093959,0.7717258261933905,0.7062447493699244,0.8275521946408022
0,0.2,1.85,0.0,1.0,0.6510067114093959,0.7717258261933905,0.7062447493699244,0.8275521946408022
0,0.2,1.9,0.0,1.0,0.6510067114093959,0.7717258261933905,0.7062447493699244,0.8275521946408022
0,0.2,1.9500000000000002,0.0,1.0,0.6510067114093959,0.7717258261933905,0.7062447493699244,0.8275521946408022
0,0.2,2.0,0.0,1.0,0.6510067114093959,0.7717258261933905,0.7062447493699244,0.8275521946408022
0,0.25,1.0,0.0,1.0,0.651186790505676,0.7723378212974297,0.7066069428891378,0.8277165872102581
0,0.25,1.05,0.0,1.0,0.6511627906976745,0.7711138310893513,0.7060801344914542,0.8275521946408022
0,0.25,1.1,0.0,1.0,0.6511627906976745,0.7711138310893513,0.7060801344914542,0.8275521946408022
0,0.25,1.15,0.0,1.0,0.6518365235385412,0.7711138310893513,0.706476030277544,0.827880979779714
0,0.25,1.2,0.0,1.0,0.6518365235385412,0.7711138310893513,0.706476030277544,0.827880979779714
0,0.25,1.25,0.0,1.0,0.6518365235385412,0.7711138310893513,0.706476030277544,0.827880979779714
0,0.25,1.3,0.0,1.0,0.6518365235385412,0.7711138310893513,0.706476030277544,0.827880979779714
0,0.25,1.35,0.0,1.0,0.6518365235385412,0.7711138310893513,0.706476030277544,0.827880979779714
0,0.25,1.4,0.0,1.0,0.6518365235385412,0.7711138310893513,0.706476030277544,0.827880979779714
0,0.25,1.45,0.0,1.0,0.6518365235385412,0.7711138310893513,0.706476030277544,0.827880979779714
0,0.25,1.5,0.0,1.0,0.6518365235385412,0.7711138310893513,0.706476030277544,0.827880979779714
0,0.25,1.55,0.0,1.0,0.6518365235385412,0.7711138310893513,0.706476030277544,0.827880979779714
0,0.25,1.6,0.0,1.0,0.6518365235385412,0.7711138310893513,0.706476030277544,0.827880979779714
0,0.25,1.65,0.0,1.0,0.6518365235385412,0.7711138310893513,0.706476030277544,0.827880979779714
0,0.25,1.7000000000000002,0.0,1.0,0.6518365235385412,0.7711138310893513,0.706476030277544,0.827880979779714
0,0.25,1.75,0.0,1.0,0.6518365235385412,0.7711138310893513,0.706476030277544,0.827880979779714
0,0.25,1.8,0.0,1.0,0.6518365235385412,0.7711138310893513,0.706476030277544,0.827880979779714
0,0.25,1.85,0.0,1.0,0.6518365235385412,0.7711138310893513,0.706476030277544,0.827880979779714
0,0.25,1.9,0.0,1.0,0.6518365235385412,0.7711138310893513,0.706476030277544,0.827880979779714
0,0.25,1.9500000000000002,0.0,1.0,0.6518365235385412,0.7711138310893513,0.706476030277544,0.827880979779714
0,0.25,2.0,0.0,1.0,0.6518365235385412,0.7711138310893513,0.706476030277544,0.827880979779714
0,0.30000000000000004,1.0,0.0,1.0,0.651186790505676,0.7723378212974297,0.7066069428891378,0.8277165872102581
0,0.30000000000000004,1.05,0.0,1.0,0.6514994829369183,0.7711138310893513,0.7062780269058295,0.8277165872102581
0,0.30000000000000004,1.1,0.0,1.0,0.6513191929643042,0.7705018359853121,0.705915335015419,0.8275521946408022
0,0.30000000000000004,1.15,0.0,1.0,0.6523316062176165,0.7705018359853121,0.706509539842873,0.8280453723491699
0,0.30000000000000004,1.2,0.0,1.0,0.6523316062176165,0.7705018359853121,0.706509539842873,0.8280453723491699
0,0.30000000000000004,1.25,0.0,1.0,0.6526697770865734,0.7705018359853121,0.7067078304799326,0.8282097649186256
0,0.30000000000000004,1.3,0.0,1.0,0.6526697770865734,0.7705018359853121,0.7067078304799326,0.8282097649186256
0,0.30000000000000004,1.35,0.0,1.0,0.6526697770865734,0.7705018359853121,0.7067078304799326,0.8282097649186256
0,0.30000000000000004,1.4,0.0,1.0,0.6526697770865734,0.7705018359853121,0.7067078304799326,0.8282097649186256
0,0.30000000000000004,1.45,0.0,1.0,0.6526697770865734,0.7705018359853121,0.7067078304799326,0.8282097649186256
0,0.30000000000000004,1.5,0.0,1.0,0.6526697770865734,0.7705018359853121,0.7067078304799326,0.8282097649186256
0,0.30000000000000004,1.55,0.0,1.0,0.6526697770865734,0.7705018359853121,0.7067078304799326,0.8282097649186256
0,0.30000000000000004,1.6,0.0,1.0,0.6526697770865734,0.7705018359853121,0.7067078304799326,0.8282097649186256
0,0.30000000000000004,1.65,0.0,1.0,0.6526697770865734,0.7705018359853121,0.7067078304799326,0.8282097649186256
0,0.30000000000000004,1.7000000000000002,0.0,1.0,0.6526697770865734,0.7705018359853121,0.7067078304799326,0.8282097649186256
0,0.30000000000000004,1.75,0.0,1.0,0.6526697770865734,0.7705018359853121,0.7067078304799326,0.8282097649186256
0,0.30000000000000004,1.8,0.0,1.0,0.6526697770865734,0.7705018359853121,0.7067078304799326,0.8282097649186256
0,0.30000000000000004,1.85,0.0,1.0,0.6526697770865734,0.7705018359853121,0.7067078304799326,0.8282097649186256
0,0.30000000000000004,1.9,0.0,1.0,0.6526697770865734,0.7705018359853121,0.7067078304799326,0.8282097649186256
0,0.30000000000000004,1.9500000000000002,0.0,1.0,0.6526697770865734,0.7705018359853121,0.7067078304799326,0.8282097649186256
0,0.30000000000000004,2.0,0.0,1.0,0.6526697770865734,0.7705018359853121,0.7067078304799326,0.8282097649186256
0,0.35000000000000003,1.0,0.0,1.0,0.651186790505676,0.7723378212974297,0.7066069428891378,0.8277165872102581
0,0.35000000000000003,1.05,0.0,1.0,0.6513191929643042,0.7705018359853121,0.705915335015419,0.8275521946408022
0,0.35000000000000003,1.1,0.0,1.0,0.6511387163561076,0.769889840881273,0.7055524397083568,0.8273878020713463
0,0.35000000000000003,1.15,0.0,1.0,0.6521513737687922,0.769889840881273,0.7061465057535784,0.827880979779714
0,0.35000000000000003,1.2,0.0,1.0,0.6521513737687922,0.769889840881273,0.7061465057535784,0.827880979779714
0,0.35000000000000003,1.25,0.0,1.0,0.6524896265560166,0.769889840881273,0.7063447501403706,0.8280453723491699
0,0.35000000000000003,1.3,0.0,1.0,0.6528282304099636,0.769889840881273,0.7065431058691378,0.8282097649186256
0,0.35000000000000003,1.35,0.0,1.0,0.6531671858774662,0.769889840881273,0.7067415730337079,0.8283741574880815
0,0.35000000000000003,1.4,0.0,1.0,0.652987012987013,0.7692778457772338,0.7063781961225063,0.8282097649186256
0,0.35000000000000003,1.45,0.0,1.0,0.6528066528066528,0.7686658506731946,0.7060146149522204,0.8280453723491699
0,0.35000000000000003,1.5,0.0,1.0,0.6528066528066528,0.7686658506731946,0.7060146149522204,0.8280453723491699
0,0.35000000000000003,1.55,0.0,1.0,0.6528066528066528,0.7686658506731946,0.7060146149522204,0.8280453723491699
0,0.35000000000000003,1.6,0.0,1.0,0.6528066528066528,0.7686658506731946,0.7060146149522204,0.8280453723491699
0,0.35000000000000003,1.65,0.0,1.0,0.6528066528066528,0.7686658506731946,0.7060146149522204,0.8280453723491699
0,0.35000000000000003,1.7000000000000002,0.0,1.0,0.6528066528066528,0.7686658506731946,0.7060146149522204,0.8280453723491699
0,0.35000000000000003,1.75,0.0,1.0,0.6528066528066528,0.7686658506731946,0.7060146149522204,0.8280453723491699
0,0.35000000000000003,1.8,0.0,1.0,0.6528066528066528,0.7686658506731946,0.7060146149522204,0.8280453723491699
0,0.35000000000000003,1.85,0.0,1.0,0.6528066528066528,0.7686658506731946,0.7060146149522204,0.8280453723491699
0,0.35000000000000003,1.9,0.0,1.0,0.6528066528066528,0.7686658506731946,0.7060146149522204,0.8280453723491699
0,0.35000000000000003,1.9500000000000002,0.0,1.0,0.6528066528066528,0.7686658506731946,0.7060146149522204,0.8280453723491699
0,0.35000000000000003,2.0,0.0,1.0,0.6528066528066528,0.7686658506731946,0.7060146149522204,0.8280453723491699
0,0.4,1.0,0.0,1.0,0.651186790505676,0.7723378212974297,0.7066069428891378,0.8277165872102581
0,0.4,1.05,0.0,1.0,0.651656314699793,0.7705018359853121,0.7061132922041504,0.8277165872102581
0,0.4,1.1,0.0,1.0,0.6514522821576764,0.7686658506731946,0.7052217855137564,0.8273878020713463
0,0.4,1.15,0.0,1.0,0.6528066528066528,0.7686658506731946,0.7060146149522204,0.8280453723491699
0,0.4,1.2,0.0,1.0,0.6528066528066528,0.7686658506731946,0.7060146149522204,0.8280453723491699
0,0.4,1.25,0.0,1.0,0.6531461258450338,0.7686658506731946,0.7062131009277481,0.8282097649186256
0,0.4,1.3,0.0,1.0,0.6534859521331946,0.7686658506731946,0.7064116985376827,0.8283741574880815
0,0.4,1.35,0.0,1.0,0.6536458333333334,0.7680538555691554,0.7062464828362409,0.8283741574880815
0,0.4,1.4,0.0,1.0,0.6534653465346535,0.7674418604651163,0.7058823529411765,0.8282097649186256
0,0.4,1.45,0.0,1.0,0.6532846715328468,0.7668298653610771,0.7055180180180181,0.8280453723491699
0,0.4,1.5,0.0,1.0,0.6532846715328468,0.7668298653610771,0.7055180180180181,0.8280453723491699
0,0.4,1.55,0.0,1.0,0.6532846715328468,0.7668298653610771,0.7055180180180181,0.8280453723491699
0,0.4,1.6,0.0,1.0,0.6532846715328468,0.7668298653610771,0.7055180180180181,0.8280453723491699
0,0.4,1.65,0.0,1.0,0.6532846715328468,0.7668298653610771,0.7055180180180181,0.8280453723491699
0,0.4,1.7000000000000002,0.0,1.0,0.6532846715328468,0.7668298653610771,0.7055180180180181,0.8280453723491699
0,0.4,1.75,0.0,1.0,0.6532846715328468,0.7668298653610771,0.7055180180180181,0.8280453723491699
0,0.4,1.8,0.0,1.0,0.6532846715328468,0.7668298653610771,0.7055180180180181,0.8280453723491699
0,0.4,1.85,0.0,1.0,0.6532846715328468,0.7668298653610771,0.7055180180180181,0.8280453723491699
0,0.4,1.9,0.0,1.0,0.6532846715328468,0.7668298653610771,0.7055180180180181,0.8280453723491699
0,0.4,1.9500000000000002,0.0,1.0,0.6532846715328468,0.7668298653610771,0.7055180180180181,0.8280453723491699
0,0.4,2.0,0.0,1.0,0.6532846715328468,0.7668298653610771,0.7055180180180181,0.8280453723491699
0,0.45,1.0,0.0,1.0,0.651186790505676,0.7723378212974297,0.7066069428891378,0.8277165872102581
0,0.45,1.05,0.0,1.0,0.651656314699793,0.7705018359853121,0.7061132922041504,0.8277165872102581
0,0.45,1.1,0.0,1.0,0.6514522821576764,0.7686658506731946,0.7052217855137564,0.8273878020713463
0,0.45,1.15,0.0,1.0,0.6528066528066528,0.7686658506731946,0.7060146149522204,0.8280453723491699
0,0.45,1.2,0.0,1.0,0.6528066528066528,0.7686658506731946,0.7060146149522204,0.8280453723491699
0,0.45,1.25,0.0,1.0,0.6531461258450338,0.7686658506731946,0.7062131009277481,0.8282097649186256
0,0.45,1.3,0.0,1.0,0.6534859521331946,0.7686658506731946,0.7064116985376827,0.8283741574880815
0,0.45,1.35,0.0,1.0,0.6536458333333334,0.7680538555691554,0.7062464828362409,0.8283741574880815
0,0.45,1.4,0.0,1.0,0.6534653465346535,0.7674418604651163,0.7058823529411765,0.8282097649186256
0,0.45,1.45,0.0,1.0,0.6534446764091858,0.7662178702570379,0.7053521126760564,0.8280453723491699
0,0.45,1.5,0.0,1.0,0.6534446764091858,0.7662178702570379,0.7053521126760564,0.8280453723491699
0,0.45,1.55,0.0,1.0,0.6534446764091858,0.7662178702570379,0.7053521126760564,0.8280453723491699
0,0.45,1.6,0.0,1.0,0.6534446764091858,0.7662178702570379,0.7053521126760564,0.8280453723491699
0,0.45,1.65,0.0,1.0,0.6534446764091858,0.7662178702570379,0.7053521126760564,0.8280453723491699
0,0.45,1.7000000000000002,0.0,1.0,0.6534446764091858,0.7662178702570379,0.7053521126760564,0.8280453723491699
0,0.45,1.75,0.0,1.0,0.6534446764091858,0.7662178702570379,0.7053521126760564,0.8280453723491699
0,0.45,1.8,0.0,1.0,0.6534446764091858,0.7662178702570379,0.7053521126760564,0.8280453723491699
0,0.45,1.85,0.0,1.0,0.6534446764091858,0.7662178702570379,0.7053521126760564,0.8280453723491699
0,0.45,1.9,0.0,1.0,0.6534446764091858,0.7662178702570379,0.7053521126760564,0.8280453723491699
0,0.45,1.9500000000000002,0.0,1.0,0.6534446764091858,0.7662178702570379,0.7053521126760564,0.8280453723491699
0,0.45,2.0,0.0,1.0,0.6534446764091858,0.7662178702570379,0.7053521126760564,0.8280453723491699
0,0.5,1.0,0.0,1.0,0.651186790505676,0.7723378212974297,0.7066069428891378,0.8277165872102581
0,0.5,1.05,0.0,1.0,0.6514759192128431,0.769889840881273,0.705750350631136,0.8275521946408022
0,0.5,1.1,0.0,1.0,0.6512714063310846,0.7680538555691554,0.7048581859028364,0.8272234095018905
0,0.5,1.15,0.0,1.0,0.6524453694068678,0.7674418604651163,0.7052868391451068,0.8277165872102581
0,0.5,1.2,0.0,1.0,0.6524453694068678,0.7674418604651163,0.7052868391451068,0.8277165872102581
0,0.5,1.25,0.0,1.0,0.6527850078084331,0.7674418604651163,0.7054852320675106,0.827880979779714
0,0.5,1.3,0.0,1.0,0.653125,0.7674418604651163,0.7056837366347777,0.8280453723491699
0,0.5,1.35,0.0,1.0,0.6531038080333855,0.7662178702570379,0.7051534778935511,0.827880979779714
0,0.5,1.4,0.0,1.0,0.6529227557411273,0.7656058751529988,0.7047887323943662,0.8277165872102581
0,0.5,1.45,0.0,1.0,0.6527196652719666,0.7637698898408812,0.7038917089678511,0.8273878020713463
0,0.5,1.5,0.0,1.0,0.6530612244897959,0.7637698898408812,0.7040902679830747,0.8275521946408022
0,0.5,1.55,0.0,1.0,0.6530612244897959,0.7637698898408812,0.7040902679830747,0.8275521946408022
0,0.5,1.6,0.0,1.0,0.6528795811518324,0.7631578947368421,0.70372460496614,0.8273878020713463
0,0.5,1.65,0.0,1.0,0.6528795811518324,0.7631578947368421,0.70372460496614,0.8273878020713463
0,0.5,1.7000000000000002,0.0,1.0,0.6528795811518324,0.7631578947368421,0.70372460496614,0.8273878020713463
0,0.5,1.75,0.0,1.0,0.6528795811518324,0.7631578947368421,0.70372460496614,0.8273878020713463
0,0.5,1.8,0.0,1.0,0.6528795811518324,0.7631578947368421,0.70372460496614,0.8273878020713463
0,0.5,1.85,0.0,1.0,0.6528795811518324,0.7631578947368421,0.70372460496614,0.8273878020713463
0,0.5,1.9,0.0,1.0,0.6528795811518324,0.7631578947368421,0.70372460496614,0.8273878020713463
0,0.5,1.9500000000000002,0.0,1.0,0.6528795811518324,0.7631578947368421,0.70372460496614,0.8273878020713463
0,0.5,2.0,0.0,1.0,0.6528795811518324,0.7631578947368421,0.70372460496614,0.8273878020713463
0,0.55,1.0,0.0,1.0,0.651186790505676,0.7723378212974297,0.7066069428891378,0.8277165872102581
0,0.55,1.05,0.0,1.0,0.6516329704510109,0.7692778457772338,0.7055851810272242,0.8275521946408022
0,0.55,1.1,0.0,1.0,0.6517671517671517,0.7674418604651163,0.7048903878583473,0.8273878020713463
0,0.55,1.15,0.0,1.0,0.6527632950990615,0.7662178702570379,0.7049549549549549,0.8277165872102581
0,0.55,1.2,0.0,1.0,0.6525821596244131,0.7656058751529988,0.7045902562658407,0.8275521946408022
0,0.55,1.25,0.0,1.0,0.6530825496342738,0.7649938800489596,0.7046223224351748,0.8277165872102581
0,0.55,1.3,0.0,1.0,0.6534239414532148,0.7649938800489596,0.70482097547223,0.827880979779714
0,0.55,1.35,0.0,1.0,0.6534031413612565,0.7637698898408812,0.7042889390519187,0.8277165872102581
0,0.55,1.4,0.0,1.0,0.6532215819800943,0.7631578947368421,0.7039232289020604,0.8275521946408022
0,0.55,1.45,0.0,1.0,0.6530183727034121,0.7613219094247246,0.7030234529528117,0.8272234095018905
0,0.55,1.5,0.0,1.0,0.653179190751445,0.7607099143206855,0.7028555272830083,0.8272234095018905
0,0.55,1.55,0.0,1.0,0.653179190751445,0.7607099143206855,0.7028555272830083,0.8272234095018905
0,0.55,1.6,0.0,1.0,0.6526315789473685,0.758873929008568,0.7017543859649124,0.8267302317935229
0,0.55,1.65,0.0,1.0,0.6526315789473685,0.758873929008568,0.7017543859649124,0.8267302317935229
0,0.55,1.7000000000000002,0.0,1.0,0.6526315789473685,0.758873929008568,0.7017543859649124,0.8267302317935229
0,0.55,1.75,0.0,1.0,0.6526315789473685,0.758873929008568,0.7017543859649124,0.8267302317935229
0,0.55,1.8,0.0,1.0,0.6524486571879937,0.7582619339045288,0.7013869232946505,0.8265658392240671
0,0.55,1.85,0.0,1.0,0.6524486571879937,0.7582619339045288,0.7013869232946505,0.8265658392240671
0,0.55,1.9,0.0,1.0,0.6522655426765016,0.7576499388004896,0.7010192525481314,0.8264014466546112
0,0.55,1.9500000000000002,0.0,1.0,0.6522655426765016,0.7576499388004896,0.7010192525481314,0.8264014466546112
0,0.55,2.0,0.0,1.0,0.6522655426765016,0.7576499388004896,0.7010192525481314,0.8264014466546112
0,0.6000000000000001,1.0,0.0,1.0,0.651186790505676,0.7723378212974297,0.7066069428891378,0.8277165872102581
0,0.6000000000000001,1.05,0.0,1.0,0.6514522821576764,0.7686658506731946,0.7052217855137564,0.8273878020713463
0,0.6000000000000001,1.1,0.0,1.0,0.6514047866805411,0.7662178702570379,0.7041619797525309,0.8270590169324347
0,0.6000000000000001,1.15,0.0,1.0,0.6524008350730689,0.7649938800489596,0.7042253521126761,0.8273878020713463
0,0.6000000000000001,1.2,0.0,1.0,0.6522193211488251,0.7643818849449204,0.7038602423217807,0.8272234095018905
0,0.6000000000000001,1.25,0.0,1.0,0.6527196652719666,0.7637698898408812,0.7038917089678511,0.8273878020713463
0,0.6000000000000001,1.3,0.0,1.0,0.6530612244897959,0.7637698898408812,0.7040902679830747,0.8275521946408022
0,0.6000000000000001,1.35,0.0,1.0,0.6530398322851153,0.762545899632803,0.7035573122529644,0.8273878020713463
0,0.6000000000000001,1.4,0.0,1.0,0.6528578919769271,0.7619339045287638,0.7031911889296809,0.8272234095018905
0,0.6000000000000001,1.45,0.0,1.0,0.6522882693319305,0.758873929008568,0.7015558698727016,0.8265658392240671
0,0.6000000000000001,1.5,0.0,1.0,0.6524486571879937,0.7582619339045288,0.7013869232946505,0.8265658392240671
0,0.6000000000000001,1.55,0.0,1.0,0.6524486571879937,0.7582619339045288,0.7013869232946505,0.8265658392240671
0,0.6000000000000001,1.6,0.0,1.0,0.6518987341772152,0.7564259485924113,0.7002832861189802,0.8260726615156995
0,0.6000000000000001,1.65,0.0,1.0,0.6517150395778364,0.7558139534883721,0.6999149900821762,0.8259082689462436
0,0.6000000000000001,1.7000000000000002,0.0,1.0,0.6520591341077085,0.7558139534883721,0.7001133786848073,0.8260726615156995
0,0.6000000000000001,1.75,0.0,1.0,0.6520591341077085,0.7558139534883721,0.7001133786848073,0.8260726615156995
0,0.6000000000000001,1.8,0.0,1.0,0.6518753301637612,0.7552019583843329,0.6997448256308478,0.8259082689462436
0,0.6000000000000001,1.85,0.0,1.0,0.6515071390798519,0.7539779681762546,0.6990070921985816,0.8255794838073319
0,0.6000000000000001,1.9,0.0,1.0,0.6513227513227513,0.7533659730722154,0.6986379114642451,0.825415091237876
0,0.6000000000000001,1.9500000000000002,0.0,1.0,0.6513227513227513,0.7533659730722154,0.6986379114642451,0.825415091237876
0,0.6000000000000001,2.0,0.0,1.0,0.6513227513227513,0.7533659730722154,0.6986379114642451,0.825415091237876
0,0.65,1.0,0.0,1.0,0.651186790505676,0.7723378212974297,0.7066069428891378,0.8277165872102581
0,0.65,1.05,0.0,1.0,0.6512714063310846,0.7680538555691554,0.7048581859028364,0.8272234095018905
0,0.65,1.1,0.0,1.0,0.6515625,0.7656058751529988,0.7039954980303884,0.8270590169324347
0,0.65,1.15,0.0,1.0,0.6521966527196653,0.7631578947368421,0.7033276931754089,0.8270590169324347
0,0.65,1.2,0.0,1.0,0.6526977475117863,0.762545899632803,0.7033587355348575,0.8272234095018905
0,0.65,1.25,0.0,1.0,0.6532004197271774,0.7619339045287638,0.7033898305084746,0.8273878020713463
0,0.65,1.3,0.0,1.0,0.6533613445378151,0.7613219094247246,0.7032221594120973,0.8273878020713463
0,0.65,1.35,0.0,1.0,0.6536842105263158,0.7600979192166463,0.7028862478777589,0.8273878020713463
0,0.65,1.4,0.0,1.0,0.6531365313653137,0.7582619339045288,0.7017841971112999,0.8268946243629788
0,0.65,1.45,0.0,1.0,0.6523809523809524,0.7545899632802937,0.6997729852440409,0.8260726615156995
0,0.65,1.5,0.0,1.0,0.652542372881356,0.7539779681762546,0.6996024985803522,0.8260726615156995
0,0.65,1.55,0.0,1.0,0.652888182299947,0.7539779681762546,0.6998011928429424,0.8262370540851554
0,0.65,1.6,0.0,1.0,0.6523354564755839,0.7521419828641371,0.6986924388857305,0.8257438763767878
0,0.65,1.65,0.0,1.0,0.6521508231545406,0.7515299877600979,0.698322433892522,0.8255794838073319
0,0.65,1.7000000000000002,0.0,1.0,0.6524973432518597,0.7515299877600979,0.6985210466439136,0.8257438763767878
0,0.65,1.75,0.0,1.0,0.6524973432518597,0.7515299877600979,0.6985210466439136,0.8257438763767878
0,0.65,1.8,0.0,1.0,0.6523125996810207,0.7509179926560587,0.6981507823613087,0.8255794838073319
0,0.65,1.85,0.0,1.0,0.651942522618414,0.7496940024479805,0.6974096214062055,0.8252506986684202
0,0.65,1.9,0.0,1.0,0.6517571884984026,0.7490820073439413,0.6970387243735764,0.8250863060989643
0,0.65,1.9500000000000002,0.0,1.0,0.6515716568993074,0.7484700122399021,0.6966676160637995,0.8249219135295085
0,0.65,2.0,0.0,1.0,0.6515716568993074,0.7484700122399021,0.6966676160637995,0.8249219135295085
0,0.7000000000000001,1.0,0.0,1.0,0.651186790505676,0.7723378212974297,0.7066069428891378,0.8277165872102581
0,0.7000000000000001,1.05,0.0,1.0,0.6515860634425377,0.7668298653610771,0.7045262861962327,0.8272234095018905
0,0.7000000000000001,1.1,0.0,1.0,0.6515151515151515,0.7631578947368421,0.7029312288613304,0.8267302317935229
0,0.7000000000000001,1.15,0.0,1.0,0.6517857142857143,0.7594859241126071,0.7015262860373092,0.8264014466546112
0,0.7000000000000001,1.2,0.0,1.0,0.6522882693319305,0.758873929008568,0.7015558698727016,0.8265658392240671
0,0.7000000000000001,1.25,0.0,1.0,0.6531365313653137,0.7582619339045288,0.7017841971112999,0.8268946243629788
0,0.7000000000000001,1.3,0.0,1.0,0.6536430834213305,0.7576499388004896,0.7018140589569161,0.8270590169324347
0,0.7000000000000001,1.35,0.0,1.0,0.6543144520910534,0.7564259485924113,0.7016747090547828,0.8272234095018905
0,0.7000000000000001,1.4,0.0,1.0,0.6533970276008493,0.7533659730722154,0.6998294485503127,0.8264014466546112
0,0.7000000000000001,1.45,0.0,1.0,0.6529850746268657,0.7496940024479805,0.6980056980056981,0.8257438763767878
0,0.7000000000000001,1.5,0.0,1.0,0.6531483457844184,0.7490820073439413,0.6978335233751425,0.8257438763767878
0,0.7000000000000001,1.55,0.0,1.0,0.6533119658119658,0.7484700122399021,0.6976611523103251,0.8257438763767878
0,0.7000000000000001,1.6,0.0,1.0,0.6525695931477516,0.7460220318237454,0.6961736150770989,0.8250863060989643
0,0.7000000000000001,1.65,0.0,1.0,0.6521972132904609,0.7447980416156671,0.6954285714285714,0.8247575209600526
0,0.7000000000000001,1.7000000000000002,0.0,1.0,0.6525469168900804,0.7447980416156671,0.6956273220920262,0.8249219135295085
0,0.7000000000000001,1.75,0.0,1.0,0.6523605150214592,0.7441860465116279,0.6952544311034877,0.8247575209600526
0,0.7000000000000001,1.8,0.0,1.0,0.6521739130434783,0.7435740514075887,0.694881326851587,0.8245931283905967
0,0.7000000000000001,1.85,0.0,1.0,0.6518001074691027,0.7423500611995104,0.694134477825465,0.8242643432516851
0,0.7000000000000001,1.9,0.0,1.0,0.6516129032258065,0.7417380660954712,0.6937607326846021,0.8240999506822292
0,0.7000000000000001,1.9500000000000002,0.0,1.0,0.6514254975793438,0.741126070991432,0.6933867735470941,0.8239355581127733
0,0.7000000000000001,2.0,0.0,1.0,0.6514254975793438,0.741126070991432,0.6933867735470941,0.8239355581127733
0,0.75,1.0,0.0,1.0,0.651186790505676,0.7723378212974297,0.7066069428891378,0.8277165872102581
0,0.75,1.05,0.0,1.0,0.6504955659885238,0.7631578947368421,0.7023373697549986,0.8262370540851554
0,0.75,1.1,0.0,1.0,0.6502359727320398,0.758873929008568,0.7003671279299633,0.8255794838073319
0,0.75,1.15,0.0,1.0,0.6504751847940866,0.7539779681762546,0.6984126984126984,0.8250863060989643
0,0.75,1.2,0.0,1.0,0.6506087877183695,0.7521419828641371,0.6977008231620777,0.8249219135295085
0,0.75,1.25,0.0,1.0,0.6510886882634095,0.7503059975520195,0.6971851009382997,0.8249219135295085
0,0.75,1.3,0.0,1.0,0.6510388918486947,0.7478580171358629,0.6960979777841071,0.8245931283905967
0,0.75,1.35,0.0,1.0,0.6517094017094017,0.7466340269277846,0.6959498003422704,0.8247575209600526
0,0.75,1.4,0.0,1.0,0.6507766470273165,0.7435740514075887,0.6940874035989717,0.8239355581127733
0,0.75,1.45,0.0,1.0,0.6503496503496503,0.7399020807833537,0.6922416261093616,0.8232779878349499
0,0.75,1.5,0.0,1.0,0.6501347708894879,0.7380660954712362,0.6913155631986243,0.8229492026960381
0,0.75,1.55,0.0,1.0,0.650296815974096,0.737454100367197,0.6911385144823631,0.8229492026960381
0,0.75,1.6,0.0,1.0,0.6495402920497566,0.7350061199510404,0.6896353718059145,0.8222916324182147
0,0.75,1.65,0.0,1.0,0.6489707475622969,0.7331701346389229,0.6885057471264368,0.8217984547098471
0,0.75,1.7000000000000002,0.0,1.0,0.6493224932249323,0.7331701346389229,0.6887036504742743,0.821962847279303
0,0.75,1.75,0.0,1.0,0.6489419424850786,0.7319461444308446,0.6879493816508484,0.8216340621403913
0,0.75,1.8,0.0,1.0,0.6487513572204126,0.7313341493268054,0.687571921749137,0.8214696695709354
0,0.75,1.85,0.0,1.0,0.6481783578031539,0.7294981640146879,0.6864382378347249,0.8209764918625678
0,0.75,1.9,0.0,1.0,0.6479869423286181,0.7288861689106487,0.6860599078341013,0.8208120992931119
0,0.75,1.9500000000000002,0.0,1.0,0.6476034858387799,0.7276621787025703,0.6853025936599424,0.8204833141542003
0,0.75,2.0,0.0,1.0,0.6476034858387799,0.7276621787025703,0.6853025936599424,0.8204833141542003
0,0.8,1.0,0.0,1.0,0.651186790505676,0.7723378212974297,0.7066069428891378,0.8277165872102581
0,0.8,1.05,0.0,1.0,0.6503131524008351,0.762545899632803,0.7019718309859155,0.8260726615156995
0,0.8,1.1,0.0,1.0,0.6496848739495799,0.7570379436964504,0.6992651215375918,0.8250863060989643
0,0.8,1.15,0.0,1.0,0.6499206768905341,0.7521419828641371,0.6973049645390071,0.8245931283905967
0,0.8,1.2,0.0,1.0,0.6503978779840849,0.7503059975520195,0.6967888604717248,0.8245931283905967
0,0.8,1.25,0.0,1.0,0.650692225772098,0.7478580171358629,0.6958997722095671,0.8244287358211408
0,0.8,1.3,0.0,1.0,0.6508021390374331,0.7447980416156671,0.694634703196347,0.8240999506822292
0,0.8,1.35,0.0,1.0,0.6514745308310992,0.7435740514075887,0.6944841383252357,0.8242643432516851
0,0.8,1.4,0.0,1.0,0.6501614639397201,0.7392900856793145,0.6918671248568156,0.823113595265494
0,0.8,1.45,0.0,1.0,0.6495402920497566,0.7350061199510404,0.6896353718059145,0.8222916324182147
0,0.8,1.5,0.0,1.0,0.6491323210412148,0.7325581395348837,0.6883266244968372,0.8217984547098471
0,0.8,1.55,0.0,1.0,0.6492942453854506,0.7319461444308446,0.6881472957422324,0.8217984547098471
0,0.8,1.6,0.0,1.0,0.6485310119695321,0.7294981640146879,0.6866359447004609,0.8211408844320237
0,0.8,1.65,0.0,1.0,0.6477644492911668,0.7270501835985312,0.6851211072664359,0.8204833141542003
0,0.8,1.7000000000000002,0.0,1.0,0.6481178396072013,0.7270501835985312,0.6853187193539083,0.8206477067236561
0,0.8,1.75,0.0,1.0,0.6475409836065574,0.7252141982864138,0.6841801385681294,0.8201545290152885
0,0.8,1.8,0.0,1.0,0.647348277747403,0.7246022031823746,0.6838001732601791,0.8199901364458326
0,0.8,1.85,0.0,1.0,0.6471232876712328,0.7227662178702571,0.6828563168545823,0.819661351306921
0,0.8,1.9,0.0,1.0,0.6469298245614035,0.7221542227662179,0.6824754193175245,0.8194969587374651
0,0.8,1.9500000000000002,0.0,1.0,0.6465422612513722,0.7209302325581395,0.6817129629629629,0.8191681735985533
0,0.8,2.0,0.0,1.0,0.6465422612513722,0.7209302325581395,0.6817129629629629,0.8191681735985533
0,0.8500000000000001,1.0,0.0,1.0,0.651186790505676,0.7723378212974297,0.7066069428891378,0.8277165872102581
0,0.8500000000000001,1.05,0.0,1.0,0.6501046025104602,0.7607099143206855,0.7010716300056402,0.8257438763767878
0,0.8500000000000001,1.1,0.0,1.0,0.6494464944649446,0.7539779681762546,0.6978193146417445,0.8245931283905967
0,0.8500000000000001,1.15,0.0,1.0,0.6494954859267127,0.7484700122399021,0.6954791015069661,0.8239355581127733
0,0.8500000000000001,1.2,0.0,1.0,0.650319829424307,0.7466340269277846,0.6951566951566951,0.8240999506822292
0,0.8500000000000001,1.25,0.0,1.0,0.6504282655246253,0.7435740514075887,0.6938892061679041,0.8237711655433174
0,0.8500000000000001,1.3,0.0,1.0,0.6505376344086021,0.7405140758873929,0.6926159129937036,0.8234423804044058
0,0.8500000000000001,1.35,0.0,1.0,0.6512129380053908,0.7392900856793145,0.6924620235024362,0.8236067729738615
0,0.8500000000000001,1.4,0.0,1.0,0.6498917748917749,0.7350061199510404,0.6898334290637564,0.8224560249876706
0,0.8500000000000001,1.45,0.0,1.0,0.6490750816104461,0.730110159118727,0.6872119815668203,0.8214696695709354
0,0.8500000000000001,1.5,0.0,1.0,0.6486633933442444,0.7276621787025703,0.685895586962792,0.8209764918625678
0,0.8500000000000001,1.55,0.0,1.0,0.6488257782632442,0.7270501835985312,0.6857142857142858,0.8209764918625678
0,0.8500000000000001,1.6,0.0,1.0,0.6476712328767124,0.7233782129742962,0.6834345186470078,0.8199901364458326
0,0.8500000000000001,1.65,0.0,1.0,0.6467032967032967,0.7203182374541004,0.6815286624203821,0.8191681735985533
0,0.8500000000000001,1.7000000000000002,0.0,1.0,0.6470588235294118,0.7203182374541004,0.6817260353315957,0.8193325661680092
0,0.8500000000000001,1.75,0.0,1.0,0.6464757709251101,0.7184822521419829,0.6805797101449276,0.8188393884596417
0,0.8500000000000001,1.8,0.0,1.0,0.6462809917355372,0.7178702570379437,0.6801971585966946,0.8186749958901858
0,0.8500000000000001,1.85,0.0,1.0,0.6460519050248481,0.7160342717258262,0.6792452830188679,0.818346210751274
0,0.8500000000000001,1.9,0.0,1.0,0.6456605859590934,0.7148102815177478,0.6784780714493174,0.8180174256123623
0,0.8500000000000001,1.9500000000000002,0.0,1.0,0.6452684006640841,0.7135862913096696,0.6777099680325487,0.8176886404734506
0,0.8500000000000001,2.0,0.0,1.0,0.6452684006640841,0.7135862913096696,0.6777099680325487,0.8176886404734506
0,0.9,1.0,0.0,1.0,0.651186790505676,0.7723378212974297,0.7066069428891378,0.8277165872102581
0,0.9,1.05,0.0,1.0,0.6501046025104602,0.7607099143206855,0.7010716300056402,0.8257438763767878
0,0.9,1.1,0.0,1.0,0.6497890295358649,0.7539779681762546,0.6980169971671387,0.8247575209600526
0,0.9,1.15,0.0,1.0,0.6498405951115834,0.7484700122399021,0.6956769055745164,0.8240999506822292
0,0.9,1.2,0.0,1.0,0.6506666666666666,0.7466340269277846,0.695354801937874,0.8242643432516851
0,0.9,1.25,0.0,1.0,0.6507766470273165,0.7435740514075887,0.6940874035989717,0.8239355581127733
0,0.9,1.3,0.0,1.0,0.650887573964497,0.7405140758873929,0.6928141998282279,0.8236067729738615
0,0.9,1.35,0.0,1.0,0.6511879049676026,0.7380660954712362,0.6919104991394147,0.8234423804044058
0,0.9,1.4,0.0,1.0,0.6498644986449864,0.7337821297429621,0.6892785283127335,0.8222916324182147
0,0.9,1.45,0.0,1.0,0.6490463215258856,0.7288861689106487,0.6866532141827616,0.8213052770014795
0,0.9,1.5,0.0,1.0,0.6486338797814207,0.726438188494492,0.6853348729792148,0.8208120992931119
0,0.9,1.55,0.0,1.0,0.6486042692939245,0.7252141982864138,0.6847731869401906,0.8206477067236561
0,0.9,1.6,0.0,1.0,0.6474464579901154,0.7215422276621787,0.6824891461649784,0.819661351306921
0,0.9,1.65,0.0,1.0,0.6462809917355372,0.7178702570379437,0.6801971585966946,0.8186749958901858
0,0.9,1.7000000000000002,0.0,1.0,0.6466372657111357,0.7178702570379437,0.6803944315545244,0.8188393884596417
0,0.9,1.75,0.0,1.0,0.6458563535911602,0.715422276621787,0.6788617886178863,0.8181818181818182
0,0.9,1.8,0.0,1.0,0.6456605859590934,0.7148102815177478,0.6784780714493174,0.8180174256123623
0,0.9,1.85,0.0,1.0,0.6454293628808865,0.7129742962056304,0.67752253562082,0.8176886404734506
0,0.9,1.9,0.0,1.0,0.6450360510260676,0.7117503059975521,0.676752982251964,0.8173598553345389
0,0.9,1.9500000000000002,0.0,1.0,0.6444444444444445,0.7099143206854345,0.675596971461852,0.8168666776261713
0,0.9,2.0,0.0,1.0,0.6444444444444445,0.7099143206854345,0.675596971461852,0.8168666776261713
0,0.9500000000000001,1.0,0.0,1.0,0.651186790505676,0.7723378212974297,0.7066069428891378,0.8277165872102581
0,0.9500000000000001,1.05,0.0,1.0,0.6501046025104602,0.7607099143206855,0.7010716300056402,0.8257438763767878
0,0.9500000000000001,1.1,0.0,1.0,0.6497890295358649,0.7539779681762546,0.6980169971671387,0.8247575209600526
0,0.9500000000000001,1.15,0.0,1.0,0.6498405951115834,0.7484700122399021,0.6956769055745164,0.8240999506822292
0,0.9500000000000001,1.2,0.0,1.0,0.6506666666666666,0.7466340269277846,0.695354801937874,0.8242643432516851
0,0.9500000000000001,1.25,0.0,1.0,0.6505894962486602,0.7429620563035496,0.6937142857142857,0.8237711655433174
0,0.9500000000000001,1.3,0.0,1.0,0.6506996770721205,0.7399020807833537,0.6924398625429554,0.8234423804044058
0,0.9500000000000001,1.35,0.0,1.0,0.6509994597514857,0.737454100367197,0.6915351506456241,0.8232779878349499
0,0.9500000000000001,1.4,0.0,1.0,0.6494845360824743,0.7325581395348837,0.6885245901639344,0.821962847279303
0,0.9500000000000001,1.45,0.0,1.0,0.6486633933442444,0.7276621787025703,0.685895586962792,0.8209764918625678
0,0.9500000000000001,1.5,0.0,1.0,0.6482494529540481,0.7252141982864138,0.6845753899480069,0.8204833141542003
0,0.9500000000000001,1.55,0.0,1.0,0.6482191780821918,0.7239902080783354,0.6840127204394334,0.8203189215847444
0,0.9500000000000001,1.6,0.0,1.0,0.6470588235294118,0.7203182374541004,0.6817260353315957,0.8193325661680092
0,0.9500000000000001,1.65,0.0,1.0,0.6458907887479316,0.7166462668298653,0.6794313896141573,0.818346210751274
0,0.9500000000000001,1.7000000000000002,0.0,1.0,0.6462472406181016,0.7166462668298653,0.6796285548461986,0.8185106033207299
0,0.9500000000000001,1.75,0.0,1.0,0.6452684006640841,0.7135862913096696,0.6777099680325487,0.8176886404734506
0,0.9500000000000001,1.8,0.0,1.0,0.6450719822812846,0.7129742962056304,0.6773255813953488,0.8175242479039947
0,0.9500000000000001,1.85,0.0,1.0,0.6448390677025527,0.7111383108935129,0.6763678696158324,0.817195462765083
0,0.9500000000000001,1.9,0.0,1.0,0.6444444444444445,0.7099143206854345,0.675596971461852,0.8168666776261713
0,0.9500000000000001,1.9500000000000002,0.0,1.0,0.6438508625486923,0.708078335373317,0.674438939084815,0.8163734999178037
0,0.9500000000000001,2.0,0.0,1.0,0.6438508625486923,0.708078335373317,0.674438939084815,0.8163734999178037
0,1.0,1.0,0.0,1.0,0.651186790505676,0.7723378212974297,0.7066069428891378,0.8277165872102581
0,1.0,1.05,0.0,1.0,0.6501046025104602,0.7607099143206855,0.7010716300056402,0.8257438763767878
0,1.0,1.1,0.0,1.0,0.6497890295358649,0.7539779681762546,0.6980169971671387,0.8247575209600526
0,1.0,1.15,0.0,1.0,0.6498405951115834,0.7484700122399021,0.6956769055745164,0.8240999506822292
0,1.0,1.2,0.0,1.0,0.6504802561366062,0.7460220318237454,0.6949828962371722,0.8240999506822292
0,1.0,1.25,0.0,1.0,0.650402144772118,0.7423500611995104,0.6933409545584452,0.8236067729738615
0,1.0,1.3,0.0,1.0,0.650511577813678,0.7392900856793145,0.692065310799198,0.8232779878349499
0,1.0,1.35,0.0,1.0,0.6508108108108108,0.7368421052631579,0.6911595866819746,0.823113595265494
0,1.0,1.4,0.0,1.0,0.6492942453854506,0.7319461444308446,0.6881472957422324,0.8217984547098471
0,1.0,1.45,0.0,1.0,0.648471615720524,0.7270501835985312,0.6855164454702827,0.8208120992931119
0,1.0,1.5,0.0,1.0,0.6480569239189928,0.7246022031823746,0.6841953192718868,0.8203189215847444
0,1.0,1.55,0.0,1.0,0.6480263157894737,0.7233782129742962,0.6836321573163678,0.8201545290152885
0,1.0,1.6,0.0,1.0,0.6468646864686468,0.7197062423500612,0.6813441483198146,0.8191681735985533
0,1.0,1.65,0.0,1.0,0.6454997239094423,0.715422276621787,0.6786647314949202,0.8180174256123623
0,1.0,1.7000000000000002,0.0,1.0,0.6458563535911602,0.715422276621787,0.6788617886178863,0.8181818181818182
0,1.0,1.75,0.0,1.0,0.6448753462603878,0.7123623011015912,0.6769409712125617,0.8173598553345389
0,1.0,1.8,0.0,1.0,0.6446784922394678,0.7117503059975521,0.6765561372891217,0.817195462765083
0,1.0,1.85,0.0,1.0,0.6444444444444445,0.7099143206854345,0.675596971461852,0.8168666776261713
0,1.0,1.9,0.0,1.0,0.6440489432703004,0.7086903304773562,0.6748251748251748,0.8165378924872596
0,1.0,1.9500000000000002,0.0,1.0,0.6434540389972145,0.7068543451652387,0.673665791776028,0.816044714778892
0,1.0,2.0,0.0,1.0,0.6434540389972145,0.7068543451652387,0.673665791776028,0.816044714778892
0,0.0,1.0,0.0,1.0,0.651186790505676,0.7723378212974297,0.7066069428891378,0.8277165872102581
0,0.0,1.0,0.0,1.05,0.651186790505676,0.7723378212974297,0.7066069428891378,0.8277165872102581
0,0.0,1.0,0.0,1.1,0.651186790505676,0.7723378212974297,0.7066069428891378,0.8277165872102581
0,0.0,1.0,0.0,1.15,0.651186790505676,0.7723378212974297,0.7066069428891378,0.8277165872102581
0,0.0,1.0,0.0,1.2,0.651186790505676,0.7723378212974297,0.7066069428891378,0.8277165872102581
0,0.0,1.0,0.0,1.25,0.651186790505676,0.7723378212974297,0.7066069428891378,0.8277165872102581
0,0.0,1.0,0.0,1.3,0.651186790505676,0.7723378212974297,0.7066069428891378,0.8277165872102581
0,0.0,1.0,0.0,1.35,0.651186790505676,0.7723378212974297,0.7066069428891378,0.8277165872102581
0,0.0,1.0,0.0,1.4,0.651186790505676,0.7723378212974297,0.7066069428891378,0.8277165872102581
0,0.0,1.0,0.0,1.45,0.651186790505676,0.7723378212974297,0.7066069428891378,0.8277165872102581
0,0.0,1.0,0.0,1.5,0.651186790505676,0.7723378212974297,0.7066069428891378,0.8277165872102581
0,0.0,1.0,0.0,1.55,0.651186790505676,0.7723378212974297,0.7066069428891378,0.8277165872102581
0,0.0,1.0,0.0,1.6,0.651186790505676,0.7723378212974297,0.7066069428891378,0.8277165872102581
0,0.0,1.0,0.0,1.65,0.651186790505676,0.7723378212974297,0.7066069428891378,0.8277165872102581
0,0.0,1.0,0.0,1.7000000000000002,0.651186790505676,0.7723378212974297,0.7066069428891378,0.8277165872102581
0,0.0,1.0,0.0,1.75,0.651186790505676,0.7723378212974297,0.7066069428891378,0.8277165872102581
0,0.0,1.0,0.0,1.8,0.651186790505676,0.7723378212974297,0.7066069428891378,0.8277165872102581
0,0.0,1.0,0.0,1.85,0.651186790505676,0.7723378212974297,0.7066069428891378,0.8277165872102581
0,0.0,1.0,0.0,1.9,0.651186790505676,0.7723378212974297,0.7066069428891378,0.8277165872102581
0,0.0,1.0,0.0,1.9500000000000002,0.651186790505676,0.7723378212974297,0.7066069428891378,0.8277165872102581
0,0.0,1.0,0.0,2.0,0.651186790505676,0.7723378212974297,0.7066069428891378,0.8277165872102581
0,0.0,1.0,0.05,1.0,0.651186790505676,0.7723378212974297,0.7066069428891378,0.8277165872102581
0,0.0,1.0,0.05,1.05,0.651186790505676,0.7723378212974297,0.7066069428891378,0.8277165872102581
0,0.0,1.0,0.05,1.1,0.651186790505676,0.7723378212974297,0.7066069428891378,0.8277165872102581
0,0.0,1.0,0.05,1.15,0.651186790505676,0.7723378212974297,0.7066069428891378,0.8277165872102581
0,0.0,1.0,0.05,1.2,0.651186790505676,0.7723378212974297,0.7066069428891378,0.8277165872102581
0,0.0,1.0,0.05,1.25,0.651186790505676,0.7723378212974297,0.7066069428891378,0.8277165872102581
0,0.0,1.0,0.05,1.3,0.651186790505676,0.7723378212974297,0.7066069428891378,0.8277165872102581
0,0.0,1.0,0.05,1.35,0.651186790505676,0.7723378212974297,0.7066069428891378,0.8277165872102581
0,0.0,1.0,0.05,1.4,0.651186790505676,0.7723378212974297,0.7066069428891378,0.8277165872102581
0,0.0,1.0,0.05,1.45,0.651186790505676,0.7723378212974297,0.7066069428891378,0.8277165872102581
0,0.0,1.0,0.05,1.5,0.651186790505676,0.7723378212974297,0.7066069428891378,0.8277165872102581
0,0.0,1.0,0.05,1.55,0.651186790505676,0.7723378212974297,0.7066069428891378,0.8277165872102581
0,0.0,1.0,0.05,1.6,0.651186790505676,0.7723378212974297,0.7066069428891378,0.8277165872102581
0,0.0,1.0,0.05,1.65,0.651186790505676,0.7723378212974297,0.7066069428891378,0.8277165872102581
0,0.0,1.0,0.05,1.7000000000000002,0.651186790505676,0.7723378212974297,0.7066069428891378,0.8277165872102581
0,0.0,1.0,0.05,1.75,0.651186790505676,0.7723378212974297,0.7066069428891378,0.8277165872102581
0,0.0,1.0,0.05,1.8,0.651186790505676,0.7723378212974297,0.7066069428891378,0.8277165872102581
0,0.0,1.0,0.05,1.85,0.651186790505676,0.7723378212974297,0.7066069428891378,0.8277165872102581
0,0.0,1.0,0.05,1.9,0.651186790505676,0.7723378212974297,0.7066069428891378,0.8277165872102581
0,0.0,1.0,0.05,1.9500000000000002,0.651186790505676,0.7723378212974297,0.7066069428891378,0.8277165872102581
0,0.0,1.0,0.05,2.0,0.651186790505676,0.7723378212974297,0.7066069428891378,0.8277165872102581
0,0.0,1.0,0.1,1.0,0.651186790505676,0.7723378212974297,0.7066069428891378,0.8277165872102581
0,0.0,1.0,0.1,1.05,0.651186790505676,0.7723378212974297,0.7066069428891378,0.8277165872102581
0,0.0,1.0,0.1,1.1,0.651186790505676,0.7723378212974297,0.7066069428891378,0.8277165872102581
0,0.0,1.0,0.1,1.15,0.651186790505676,0.7723378212974297,0.7066069428891378,0.8277165872102581
0,0.0,1.0,0.1,1.2,0.651186790505676,0.7723378212974297,0.7066069428891378,0.8277165872102581
0,0.0,1.0,0.1,1.25,0.651186790505676,0.7723378212974297,0.7066069428891378,0.8277165872102581
0,0.0,1.0,0.1,1.3,0.651186790505676,0.7723378212974297,0.7066069428891378,0.8277165872102581
0,0.0,1.0,0.1,1.35,0.651186790505676,0.7723378212974297,0.7066069428891378,0.8277165872102581
0,0.0,1.0,0.1,1.4,0.651186790505676,0.7723378212974297,0.7066069428891378,0.8277165872102581
0,0.0,1.0,0.1,1.45,0.651186790505676,0.7723378212974297,0.7066069428891378,0.8277165872102581
0,0.0,1.0,0.1,1.5,0.651186790505676,0.7723378212974297,0.7066069428891378,0.8277165872102581
0,0.0,1.0,0.1,1.55,0.651186790505676,0.7723378212974297,0.7066069428891378,0.8277165872102581
0,0.0,1.0,0.1,1.6,0.651186790505676,0.7723378212974297,0.7066069428891378,0.8277165872102581
0,0.0,1.0,0.1,1.65,0.651186790505676,0.7723378212974297,0.7066069428891378,0.8277165872102581
0,0.0,1.0,0.1,1.7000000000000002,0.651186790505676,0.7723378212974297,0.7066069428891378,0.8277165872102581
0,0.0,1.0,0.1,1.75,0.651186790505676,0.7723378212974297,0.7066069428891378,0.8277165872102581
0,0.0,1.0,0.1,1.8,0.651186790505676,0.7723378212974297,0.7066069428891378,0.8277165872102581
0,0.0,1.0,0.1,1.85,0.651186790505676,0.7723378212974297,0.7066069428891378,0.8277165872102581
0,0.0,1.0,0.1,1.9,0.651186790505676,0.7723378212974297,0.7066069428891378,0.8277165872102581
0,0.0,1.0,0.1,1.9500000000000002,0.651186790505676,0.7723378212974297,0.7066069428891378,0.8277165872102581
0,0.0,1.0,0.1,2.0,0.651186790505676,0.7723378212974297,0.7066069428891378,0.8277165872102581
0,0.0,1.0,0.15000000000000002,1.0,0.651186790505676,0.7723378212974297,0.7066069428891378,0.8277165872102581
0,0.0,1.0,0.15000000000000002,1.05,0.6510067114093959,0.7717258261933905,0.7062447493699244,0.8275521946408022
0,0.0,1.0,0.15000000000000002,1.1,0.6510067114093959,0.7717258261933905,0.7062447493699244,0.8275521946408022
0,0.0,1.0,0.15000000000000002,1.15,0.6510067114093959,0.7717258261933905,0.7062447493699244,0.8275521946408022
0,0.0,1.0,0.15000000000000002,1.2,0.6510067114093959,0.7717258261933905,0.7062447493699244,0.8275521946408022
0,0.0,1.0,0.15000000000000002,1.25,0.6510067114093959,0.7717258261933905,0.7062447493699244,0.8275521946408022
0,0.0,1.0,0.15000000000000002,1.3,0.6510067114093959,0.7717258261933905,0.7062447493699244,0.8275521946408022
0,0.0,1.0,0.15000000000000002,1.35,0.6510067114093959,0.7717258261933905,0.7062447493699244,0.8275521946408022
0,0.0,1.0,0.15000000000000002,1.4,0.6510067114093959,0.7717258261933905,0.7062447493699244,0.8275521946408022
0,0.0,1.0,0.15000000000000002,1.45,0.6510067114093959,0.7717258261933905,0.7062447493699244,0.8275521946408022
0,0.0,1.0,0.15000000000000002,1.5,0.6510067114093959,0.7717258261933905,0.7062447493699244,0.8275521946408022
0,0.0,1.0,0.15000000000000002,1.55,0.6510067114093959,0.7717258261933905,0.7062447493699244,0.8275521946408022
0,0.0,1.0,0.15000000000000002,1.6,0.6510067114093959,0.7717258261933905,0.7062447493699244,0.8275521946408022
0,0.0,1.0,0.15000000000000002,1.65,0.6510067114093959,0.7717258261933905,0.7062447493699244,0.8275521946408022
0,0.0,1.0,0.15000000000000002,1.7000000000000002,0.6510067114093959,0.7717258261933905,0.7062447493699244,0.8275521946408022
0,0.0,1.0,0.15000000000000002,1.75,0.6510067114093959,0.7717258261933905,0.7062447493699244,0.8275521946408022
0,0.0,1.0,0.15000000000000002,1.8,0.6510067114093959,0.7717258261933905,0.7062447493699244,0.8275521946408022
0,0.0,1.0,0.15000000000000002,1.85,0.6510067114093959,0.7717258261933905,0.7062447493699244,0.8275521946408022
0,0.0,1.0,0.15000000000000002,1.9,0.6510067114093959,0.7717258261933905,0.7062447493699244,0.8275521946408022
0,0.0,1.0,0.15000000000000002,1.9500000000000002,0.6510067114093959,0.7717258261933905,0.7062447493699244,0.8275521946408022
0,0.0,1.0,0.15000000000000002,2.0,0.6510067114093959,0.7717258261933905,0.7062447493699244,0.8275521946408022
0,0.0,1.0,0.2,1.0,0.651186790505676,0.7723378212974297,0.7066069428891378,0.8277165872102581
0,0.0,1.0,0.2,1.05,0.6510067114093959,0.7717258261933905,0.7062447493699244,0.8275521946408022
0,0.0,1.0,0.2,1.1,0.6508264462809917,0.7711138310893513,0.7058823529411764,0.8273878020713463
0,0.0,1.0,0.2,1.15,0.6511627906976745,0.7711138310893513,0.7060801344914542,0.8275521946408022
0,0.0,1.0,0.2,1.2,0.6518365235385412,0.7711138310893513,0.706476030277544,0.827880979779714
0,0.0,1.0,0.2,1.25,0.6518365235385412,0.7711138310893513,0.706476030277544,0.827880979779714
0,0.0,1.0,0.2,1.3,0.651656314699793,0.7705018359853121,0.7061132922041504,0.8277165872102581
0,0.0,1.0,0.2,1.35,0.6518134715025907,0.769889840881273,0.7059483726150394,0.8277165872102581
0,0.0,1.0,0.2,1.4,0.6521513737687922,0.769889840881273,0.7061465057535784,0.827880979779714
0,0.0,1.0,0.2,1.45,0.6521513737687922,0.769889840881273,0.7061465057535784,0.827880979779714
0,0.0,1.0,0.2,1.5,0.6524896265560166,0.769889840881273,0.7063447501403706,0.8280453723491699
0,0.0,1.0,0.2,1.55,0.652128764278297,0.7686658506731946,0.7056179775280899,0.8277165872102581
0,0.0,1.0,0.2,1.6,0.6519480519480519,0.7680538555691554,0.7052542849114921,0.8275521946408022
0,0.0,1.0,0.2,1.65,0.6519480519480519,0.7680538555691554,0.7052542849114921,0.8275521946408022
0,0.0,1.0,0.2,1.7000000000000002,0.6517671517671517,0.7674418604651163,0.7048903878583473,0.8273878020713463
0,0.0,1.0,0.2,1.75,0.6517671517671517,0.7674418604651163,0.7048903878583473,0.8273878020713463
0,0.0,1.0,0.2,1.8,0.6517671517671517,0.7674418604651163,0.7048903878583473,0.8273878020713463
0,0.0,1.0,0.2,1.85,0.6517671517671517,0.7674418604651163,0.7048903878583473,0.8273878020713463
0,0.0,1.0,0.2,1.9,0.6517671517671517,0.7674418604651163,0.7048903878583473,0.8273878020713463
0,0.0,1.0,0.2,1.9500000000000002,0.6517671517671517,0.7674418604651163,0.7048903878583473,0.8273878020713463
0,0.0,1.0,0.2,2.0,0.6517671517671517,0.7674418604651163,0.7048903878583473,0.8273878020713463
0,0.0,1.0,0.25,1.0,0.651186790505676,0.7723378212974297,0.7066069428891378,0.8277165872102581
0,0.0,1.0,0.25,1.05,0.6514759192128431,0.769889840881273,0.705750350631136,0.8275521946408022
0,0.0,1.0,0.25,1.1,0.6514285714285715,0.7674418604651163,0.7046923293059849,0.8272234095018905
0,0.0,1.0,0.25,1.15,0.6509926854754441,0.762545899632803,0.7023675310033821,0.8264014466546112
0,0.0,1.0,0.25,1.2,0.6518324607329843,0.7619339045287638,0.7025959367945824,0.8267302317935229
0,0.0,1.0,0.25,1.25,0.6533613445378151,0.7613219094247246,0.7032221594120973,0.8273878020713463
0,0.0,1.0,0.25,1.3,0.6533403471856918,0.7600979192166463,0.7026874115983026,0.8272234095018905
0,0.0,1.0,0.25,1.35,0.6536636794939378,0.758873929008568,0.7023506088926651,0.8272234095018905
0,0.0,1.0,0.25,1.4,0.6541710665258712,0.7582619339045288,0.7023809523809524,0.8273878020713463
0,0.0,1.0,0.25,1.45,0.6539883782356049,0.7576499388004896,0.7020130422455344,0.8272234095018905
0,0.0,1.0,0.25,1.5,0.653968253968254,0.7564259485924113,0.7014755959137344,0.8270590169324347
0,0.0,1.0,0.25,1.55,0.6530503978779841,0.7533659730722154,0.6996305768684286,0.8262370540851554
0,0.0,1.0,0.25,1.6,0.6524973432518597,0.7515299877600979,0.6985210466439136,0.8257438763767878
0,0.0,1.0,0.25,1.65,0.6528442317916002,0.7515299877600979,0.6987197724039829,0.8259082689462436
0,0.0,1.0,0.25,1.7000000000000002,0.6522896698615549,0.7496940024479805,0.6976082004555809,0.825415091237876
0,0.0,1.0,0.25,1.75,0.6522666666666667,0.7484700122399021,0.6970646907950984,0.8252506986684202
0,0.0,1.0,0.25,1.8,0.6520811099252934,0.7478580171358629,0.6966932725199544,0.8250863060989643
0,0.0,1.0,0.25,1.85,0.6520811099252934,0.7478580171358629,0.6966932725199544,0.8250863060989643
0,0.0,1.0,0.25,1.9,0.6520811099252934,0.7478580171358629,0.6966932725199544,0.8250863060989643
0,0.0,1.0,0.25,1.9500000000000002,0.6522435897435898,0.7472460220318238,0.6965202509982887,0.8250863060989643
0,0.0,1.0,0.25,2.0,0.652592196686264,0.7472460220318238,0.696718972895863,0.8252506986684202
0,0.0,1.0,0.30000000000000004,1.0,0.651186790505676,0.7723378212974297,0.7066069428891378,0.8277165872102581
0,0.0,1.0,0.30000000000000004,1.05,0.6543274244004171,0.7680538555691554,0.7066441441441442,0.8287029426269933
0,0.0,1.0,0.30000000000000004,1.1,0.6547743966421826,0.7637698898408812,0.705084745762712,0.8283741574880815
0,0.0,1.0,0.30000000000000004,1.15,0.6570972886762361,0.7564259485924113,0.7032716927453769,0.8285385500575374
0,0.0,1.0,0.30000000000000004,1.2,0.6595289079229122,0.7539779681762546,0.7035979440319817,0.8293605129048167
0,0.0,1.0,0.30000000000000004,1.25,0.6621694549379384,0.7509179926560587,0.7037568110123315,0.830182475752096
0,0.0,1.0,0.30000000000000004,1.3,0.6635869565217392,0.7472460220318238,0.7029360967184801,0.8303468683215519
0,0.0,1.0,0.30000000000000004,1.35,0.6641221374045801,0.7454100367197063,0.7024221453287197,0.8303468683215519
0,0.0,1.0,0.30000000000000004,1.4,0.6644736842105263,0.7417380660954712,0.7009832272990167,0.8300180831826401
0,0.0,1.0,0.30000000000000004,1.45,0.6642857142857143,0.7399020807833537,0.7000579038795599,0.8296892980437284
0,0.0,1.0,0.30000000000000004,1.5,0.6648291069459757,0.7380660954712362,0.6995359628770302,0.8296892980437284
0,0.0,1.0,0.30000000000000004,1.55,0.6635307138904262,0.7337821297429621,0.6968904388259227,0.8285385500575374
0,0.0,1.0,0.30000000000000004,1.6,0.6627842484747642,0.7313341493268054,0.6953738725632819,0.827880979779714
0,0.0,1.0,0.30000000000000004,1.65,0.6631520532741398,0.7313341493268054,0.6955762514551804,0.8280453723491699
0,0.0,1.0,0.30000000000000004,1.7000000000000002,0.6624026696329255,0.7288861689106487,0.6940559440559441,0.8273878020713463
0,0.0,1.0,0.30000000000000004,1.75,0.6622073578595318,0.7270501835985312,0.6931155192532088,0.8270590169324347
0,0.0,1.0,0.30000000000000004,1.8,0.6621998883305416,0.7258261933904528,0.6925547445255474,0.8268946243629788
0,0.0,1.0,0.30000000000000004,1.85,0.6620111731843575,0.7252141982864138,0.6921728971962616,0.8267302317935229
0,0.0,1.0,0.30000000000000004,1.9,0.6620111731843575,0.7252141982864138,0.6921728971962616,0.8267302317935229
0,0.0,1.0,0.30000000000000004,1.9500000000000002,0.6623740201567749,0.7239902080783354,0.691812865497076,0.8267302317935229
0,0.0,1.0,0.30000000000000004,2.0,0.6627450980392157,0.7239902080783354,0.6920152091254752,0.8268946243629788
0,0.0,1.0,0.35000000000000003,1.0,0.651186790505676,0.7723378212974297,0.7066069428891378,0.8277165872102581
0,0.0,1.0,0.35000000000000003,1.05,0.6577145866245392,0.7643818849449204,0.7070478347013869,0.8298536906131843
0,0.0,1.0,0.35000000000000003,1.1,0.6611437733832175,0.7570379436964504,0.705848787446505,0.8305112608910077
0,0.0,1.0,0.35000000000000003,1.15,0.6641262928688079,0.7466340269277846,0.7029674445404782,0.8305112608910077
0,0.0,1.0,0.35000000000000003,1.2,0.6690647482014388,0.7399020807833537,0.7027027027027026,0.8318264014466547
0,0.0,1.0,0.35000000000000003,1.25,0.6715165081141579,0.7343941248470012,0.701549254603917,0.8321551865855663
0,0.0,1.0,0.35000000000000003,1.3,0.674233825198638,0.7270501835985312,0.6996466431095406,0.8323195791550222
0,0.0,1.0,0.35000000000000003,1.35,0.674843126069595,0.7239902080783354,0.698553291998819,0.8321551865855663
0,0.0,1.0,0.35000000000000003,1.4,0.6764536557282671,0.719094247246022,0.6971225155740136,0.8321551865855663
0,0.0,1.0,0.35000000000000003,1.45,0.6759420289855073,0.7135862913096696,0.694254242334028,0.8311688311688312
0,0.0,1.0,0.35000000000000003,1.5,0.6771561771561772,0.7111383108935129,0.6937313432835821,0.831333223738287
0,0.0,1.0,0.35000000000000003,1.55,0.6756440281030445,0.7062423500611995,0.6906044284859365,0.8300180831826401
0,0.0,1.0,0.35000000000000003,1.6,0.6746917204932472,0.7031823745410036,0.6886424932574168,0.8291961203353608
0,0.0,1.0,0.35000000000000003,1.65,0.6747200942840307,0.700734394124847,0.687481236865806,0.8288673351964492
0,0.0,1.0,0.35000000000000003,1.7000000000000002,0.6741573033707865,0.6976744186046512,0.6857142857142857,0.8282097649186256
0,0.0,1.0,0.35000000000000003,1.75,0.6745843230403801,0.6952264381884945,0.6847498493068114,0.8280453723491699
0,0.0,1.0,0.35000000000000003,1.8,0.6740298507462686,0.6909424724602203,0.6823813841039589,0.8272234095018905
0,0.0,1.0,0.35000000000000003,1.85,0.6738351254480287,0.6903304773561811,0.6819830713422007,0.8270590169324347
0,0.0,1.0,0.35000000000000003,1.9,0.6736401673640168,0.6897184822521419,0.681584517689749,0.8268946243629788
0,0.0,1.0,0.35000000000000003,1.9500000000000002,0.6738609112709832,0.6878824969400245,0.6807995154451847,0.8267302317935229
0,0.0,1.0,0.35000000000000003,2.0,0.6742651469706059,0.6878824969400245,0.6810057558315662,0.8268946243629788
0,0.0,1.0,0.4,1.0,0.651186790505676,0.7723378212974297,0.7066069428891378,0.8277165872102581
0,0.0,1.0,0.4,1.05,0.6585494970884066,0.7613219094247246,0.70621629293216,0.8298536906131843
0,0.0,1.0,0.4,1.1,0.6655844155844156,0.7527539779681762,0.7064905226881103,0.8319907940161104
0,0.0,1.0,0.4,1.15,0.6701715550636413,0.741126070991432,0.7038651554780587,0.8324839717244781
0,0.0,1.0,0.4,1.2,0.6764705882352942,0.7319461444308446,0.7031158142269254,0.8339635048495808
0,0.0,1.0,0.4,1.25,0.6806433084434234,0.7252141982864138,0.7022222222222223,0.8347854676968601
0,0.0,1.0,0.4,1.3,0.6832844574780058,0.7129742962056304,0.6978137166816412,0.8341278974190367
0,0.0,1.0,0.4,1.35,0.6839929119905493,0.7086903304773562,0.6961226330027052,0.8337991122801249
0,0.0,1.0,0.4,1.4,0.6851851851851852,0.7019583843329253,0.6934703748488513,0.8333059345717574
0,0.0,1.0,0.4,1.45,0.6847172081829122,0.6964504283965728,0.6905339805825242,0.8323195791550222
0,0.0,1.0,0.4,1.5,0.6872727272727273,0.6940024479804161,0.6906211936662606,0.8329771494328456
0,0.0,1.0,0.4,1.55,0.6865853658536586,0.6891064871481029,0.6878436163714111,0.8319907940161104
0,0.0,1.0,0.4,1.6,0.6856269113149847,0.686046511627907,0.6858366472927501,0.8311688311688312
0,0.0,1.0,0.4,1.65,0.6857318573185732,0.682374541003672,0.6840490797546013,0.8306756534604636
0,0.0,1.0,0.4,1.7000000000000002,0.6851851851851852,0.6793145654834761,0.6822372464658882,0.8300180831826401
0,0.0,1.0,0.4,1.75,0.6852886405959032,0.6756425948592412,0.6804314329738058,0.8295249054742726
0,0.0,1.0,0.4,1.8,0.6845721424109932,0.6707466340269278,0.6775888717156106,0.8285385500575374
0,0.0,1.0,0.4,1.85,0.6841776110068793,0.6695226438188494,0.6767708011135168,0.8282097649186256
0,0.0,1.0,0.4,1.9,0.6839799749687109,0.6689106487148103,0.6763613861386139,0.8280453723491699
0,0.0,1.0,0.4,1.9500000000000002,0.6838466373350094,0.6658506731946144,0.6747286821705427,0.8275521946408022
0,0.0,1.0,0.4,2.0,0.684078036500944,0.6652386780905752,0.6745268383493639,0.8275521946408022
0,0.0,1.0,0.45,1.0,0.6516795865633075,0.7717258261933905,0.7066405155505744,0.827880979779714
0,0.0,1.0,0.45,1.05,0.6608093716719915,0.7594859241126071,0.7067198177676539,0.8306756534604636
0,0.0,1.0,0.45,1.1,0.6686714051394205,0.7484700122399021,0.7063239965347964,0.8328127568633897
0,0.0,1.0,0.45,1.15,0.6745362563237775,0.7343941248470012,0.7031936712569586,0.8334703271412132
0,0.0,1.0,0.45,1.2,0.6824207492795389,0.7246022031823746,0.7028791926387652,0.8354430379746836
0,0.0,1.0,0.45,1.25,0.6862170087976539,0.7160342717258262,0.7008086253369272,0.8357718231135952
0,0.0,1.0,0.45,1.3,0.6894484412470024,0.7037943696450428,0.6965475469412477,0.8352786454052277
0,0.0,1.0,0.45,1.35,0.6904474002418379,0.6988984088127295,0.694647201946472,0.834949860266316
0,0.0,1.0,0.45,1.4,0.6917892156862745,0.6909424724602203,0.6913655848132272,0.8342922899884925
0,0.0,1.0,0.45,1.45,0.6915945611866502,0.6848225214198287,0.6881918819188192,0.8333059345717574
0,0.0,1.0,0.45,1.5,0.6949469744229569,0.6817625458996328,0.6882916280506641,0.8341278974190367
0,0.0,1.0,0.45,1.55,0.6942875078468299,0.6768665850673194,0.685466377440347,0.8331415420023015
0,0.0,1.0,0.45,1.6,0.6944444444444444,0.6731946144430845,0.6836544437538844,0.832648364293934
0,0.0,1.0,0.45,1.65,0.6942148760330579,0.6682986536107711,0.6810102899906454,0.8318264014466547
0,0.0,1.0,0.45,1.7000000000000002,0.6936821952776006,0.6652386780905752,0.6791627616369884,0.8311688311688312
0,0.0,1.0,0.45,1.75,0.6938382541720154,0.6615667074663403,0.6773182957393484,0.8306756534604636
0,0.0,1.0,0.45,1.8,0.6929541047188106,0.6560587515299877,0.6740018861993085,0.8295249054742726
0,0.0,1.0,0.45,1.85,0.6930051813471503,0.6548347613219094,0.6733794839521712,0.8293605129048167
0,0.0,1.0,0.45,1.9,0.6926070038910506,0.653610771113831,0.672544080604534,0.829031727765905
0,0.0,1.0,0.45,1.9500000000000002,0.6925081433224756,0.6505507955936353,0.6708740927737457,0.8285385500575374
0,0.0,1.0,0.45,2.0,0.6923579359895493,0.6487148102815178,0.669826224328594,0.8282097649186256
0,0.0,1.0,0.5,1.0,0.6516795865633075,0.7717258261933905,0.7066405155505744,0.827880979779714
0,0.0,1.0,0.5,1.05,0.6613247863247863,0.7576499388004896,0.7062179121505989,0.8306756534604636
0,0.0,1.0,0.5,1.1,0.6708860759493671,0.7460220318237454,0.7064618951028688,0.8334703271412132
0,0.0,1.0,0.5,1.15,0.6766704416761042,0.7313341493268054,0.7029411764705883,0.8339635048495808
0,0.0,1.0,0.5,1.2,0.6862973760932944,0.7203182374541004,0.7028963869811884,0.8364293933914188
0,0.0,1.0,0.5,1.25,0.6898809523809524,0.7093023255813954,0.6994568497284249,0.8362650008219629
0,0.0,1.0,0.5,1.3,0.6934795856185253,0.6964504283965728,0.6949618320610687,0.8357718231135952
0,0.0,1.0,0.5,1.35,0.6947692307692308,0.6909424724602203,0.692850567658791,0.8354430379746836
0,0.0,1.0,0.5,1.4,0.6958151155527795,0.6817625458996328,0.6887171561051004,0.8344566825579484
0,0.0,1.0,0.5,1.45,0.6967782691092862,0.675030599755202,0.6857320484923842,0.8337991122801249
0,0.0,1.0,0.5,1.5,0.7007019783024888,0.6719706242350061,0.6860356138706654,0.8347854676968601
0,0.0,1.0,0.5,1.55,0.7003215434083602,0.6664626682986536,0.6829727187206022,0.8337991122801249
0,0.0,1.0,0.5,1.6,0.7003236245954693,0.6621787025703795,0.6807172066687638,0.8331415420023015
0,0.0,1.0,0.5,1.65,0.7001303780964798,0.6572827417380661,0.678030303030303,0.8323195791550222
0,0.0,1.0,0.5,1.7000000000000002,0.6992136304062909,0.652998776009792,0.6753164556962026,0.831333223738287
0,0.0,1.0,0.5,1.75,0.6994067237969677,0.6493268053855569,0.6734370041256743,0.8308400460299195
0,0.0,1.0,0.5,1.8,0.6981382978723404,0.642594859241126,0.6692160611854684,0.8293605129048167
0,0.0,1.0,0.5,1.85,0.698,0.6407588739290085,0.6681557115507337,0.829031727765905
0,0.0,1.0,0.5,1.9,0.6975967957276369,0.6395348837209303,0.6673052362707536,0.8287029426269933
0,0.0,1.0,0.5,1.9500000000000002,0.6973154362416107,0.6358629130966952,0.6651728553137003,0.8280453723491699
0,0.0,1.0,0.5,2.0,0.6972353337828725,0.6328029375764994,0.6634584536413218,0.8275521946408022
0,0.0,1.0,0.55,1.0,0.6516795865633075,0.7717258261933905,0.7066405155505744,0.827880979779714
0,0.0,1.0,0.55,1.05,0.664873587950511,0.7564259485924113,0.7077011165187518,0.8321551865855663
0,0.0,1.0,0.55,1.1,0.6772752652149637,0.7423500611995104,0.7083211678832119,0.8357718231135952
0,0.0,1.0,0.55,1.15,0.6856978085351788,0.7276621787025703,0.7060570071258907,0.8372513562386981
0,0.0,1.0,0.55,1.2,0.6969515839808726,0.7135862913096696,0.7051708497127306,0.8397172447805359
0,0.0,1.0,0.55,1.25,0.7022058823529411,0.7013463892288861,0.7017758726270668,0.8398816373499918
0,0.0,1.0,0.55,1.3,0.7074401008827238,0.6866585067319462,0.6968944099378882,0.8395528522110801
0,0.0,1.0,0.55,1.35,0.7098214285714286,0.6811505507955936,0.6951905059337915,0.8395528522110801
0,0.0,1.0,0.55,1.4,0.7115009746588694,0.6701346389228886,0.6901985502678852,0.838402104224889
0,0.0,1.0,0.55,1.45,0.7139090309822017,0.6627906976744186,0.6874008251348778,0.8380733190859773
0,0.0,1.0,0.55,1.5,0.7194388777555111,0.6591187270501836,0.6879591184924945,0.8393884596416242
0,0.0,1.0,0.55,1.55,0.7191919191919192,0.653610771113831,0.6848348829753126,0.838402104224889
0,0.0,1.0,0.55,1.6,0.7196198234894773,0.6487148102815178,0.682330222079176,0.8377445339470656
0,0.0,1.0,0.55,1.65,0.7198630136986301,0.6432068543451652,0.6793794440853264,0.8369225710997863
0,0.0,1.0,0.55,1.7000000000000002,0.71900826446281,0.6389228886168911,0.6766040181464679,0.8359362156830511
0,0.0,1.0,0.55,1.75,0.7193347193347194,0.6352509179926561,0.6746831329216769,0.8354430379746836
0,0.0,1.0,0.55,1.8,0.7179846046186145,0.627906976744186,0.6699314397649364,0.8337991122801249
0,0.0,1.0,0.55,1.85,0.7190140845070423,0.6248470012239902,0.6686313032089064,0.833634719710669
0,0.0,1.0,0.55,1.9,0.7184191954834157,0.6230110159118727,0.6673221894460833,0.8331415420023015
0,0.0,1.0,0.55,1.9500000000000002,0.7180397727272727,0.6187270501835985,0.6646942800788953,0.8323195791550222
0,0.0,1.0,0.55,2.0,0.7180585296216988,0.6156670746634026,0.6629324546952224,0.8318264014466547
0,0.0,1.0,0.6000000000000001,1.0,0.6516795865633075,0.7717258261933905,0.7066405155505744,0.827880979779714
0,0.0,1.0,0.6000000000000001,1.05,0.667027027027027,0.7552019583843329,0.7083811710677382,0.8329771494328456
0,0.0,1.0,0.6000000000000001,1.1,0.6807432432432432,0.7399020807833537,0.709090909090909,0.8369225710997863
0,0.0,1.0,0.6000000000000001,1.15,0.6898364485981309,0.7227662178702571,0.7059175134488942,0.8382377116554331
0,0.0,1.0,0.6000000000000001,1.2,0.7035236938031592,0.7086903304773562,0.7060975609756097,0.8415255630445504
0,0.0,1.0,0.6000000000000001,1.25,0.7094763092269327,0.6964504283965728,0.7029030265596047,0.841854348183462
0,0.0,1.0,0.6000000000000001,1.3,0.7153895685769478,0.6799265605875153,0.6972074050831503,0.8413611704750945
0,0.0,1.0,0.6000000000000001,1.35,0.7180156657963447,0.6731946144430845,0.6948831332912193,0.8411967779056386
0,0.0,1.0,0.6000000000000001,1.4,0.7198935462408517,0.6621787025703795,0.6898310487727128,0.8400460299194477
0,0.0,1.0,0.6000000000000001,1.45,0.7227856659905342,0.6542227662178702,0.686797301638291,0.8397172447805359
0,0.0,1.0,0.6000000000000001,1.5,0.728894989704873,0.6499388004895961,0.6871562601099966,0.8410323853361829
0,0.0,1.0,0.6000000000000001,1.55,0.7292243767313019,0.6444308445532436,0.6842105263157894,0.8402104224889035
0,0.0,1.0,0.6000000000000001,1.6,0.7303370786516854,0.6364749082007344,0.6801831262262916,0.8392240670721683
0,0.0,1.0,0.6000000000000001,1.65,0.7315340909090909,0.6303549571603427,0.6771860618014465,0.8385664967943449
0,0.0,1.0,0.6000000000000001,1.7000000000000002,0.7307142857142858,0.6260709914320686,0.6743572841133818,0.8375801413776097
0,0.0,1.0,0.6000000000000001,1.75,0.7311286843997125,0.6223990208078335,0.672396694214876,0.8370869636692422
0,0.0,1.0,0.6000000000000001,1.8,0.7298474945533769,0.6150550795593636,0.6675523082032548,0.8354430379746836
0,0.0,1.0,0.6000000000000001,1.85,0.7307973664959766,0.6113831089351285,0.6657780739753416,0.8351142528357718
0,0.0,1.0,0.6000000000000001,1.9,0.7300073367571533,0.6089351285189718,0.6639973306639974,0.8344566825579484
0,0.0,1.0,0.6000000000000001,1.9500000000000002,0.7302291204730229,0.6046511627906976,0.6615333110143957,0.8337991122801249
0,0.0,1.0,0.6000000000000001,2.0,0.7299107142857143,0.6003671970624235,0.6588314304902619,0.8329771494328456
0,0.0,1.0,0.65,1.0,0.6516795865633075,0.7717258261933905,0.7066405155505744,0.827880979779714
0,0.0,1.0,0.65,1.05,0.6668484187568157,0.7484700122399021,0.7053056516724336,0.8319907940161104
0,0.0,1.0,0.65,1.1,0.68210405946255,0.730110159118727,0.7052911616908069,0.836100608252507
0,0.0,1.0,0.65,1.15,0.6945107398568019,0.7123623011015912,0.7033232628398791,0.8385664967943449
0,0.0,1.0,0.65,1.2,0.7101811367895066,0.6958384332925337,0.702936630602782,0.8420187407529179
0,0.0,1.0,0.65,1.25,0.7162162162162162,0.6811505507955936,0.6982434127979924,0.841854348183462
0,0.0,1.0,0.65,1.3,0.7232620320855615,0.6621787025703795,0.6913738019169329,0.8411967779056386
0,0.0,1.0,0.65,1.35,0.7280761386811693,0.6554467564259486,0.6898550724637682,0.8416899556140063
0,0.0,1.0,0.65,1.4,0.7303135888501742,0.6413708690330477,0.6829586184424894,0.8400460299194477
0,0.0,1.0,0.65,1.45,0.7345195729537367,0.631578947368421,0.6791707798617965,0.8397172447805359
0,0.0,1.0,0.65,1.5,0.7414916727009413,0.6266829865361077,0.6792703150912106,0.8410323853361829
0,0.0,1.0,0.65,1.55,0.7428571428571429,0.620563035495716,0.6762254084694899,0.8403748150583593
0,0.0,1.0,0.65,1.6,0.744220730797912,0.6107711138310894,0.670924369747899,0.8390596745027125
0,0.0,1.0,0.65,1.65,0.7464042392127176,0.6034271725826194,0.6673434856175973,0.838402104224889
0,0.0,1.0,0.65,1.7000000000000002,0.7452326468344775,0.5979192166462668,0.6634974533106961,0.8370869636692422
0,0.0,1.0,0.65,1.75,0.7457757296466974,0.5942472460220318,0.6614441416893733,0.8365937859608745
0,0.0,1.0,0.65,1.8,0.7445652173913043,0.5869033047735618,0.6563997262149213,0.834949860266316
0,0.0,1.0,0.65,1.85,0.7458823529411764,0.5820073439412484,0.6538329322791336,0.8344566825579484
0,0.0,1.0,0.65,1.9,0.7454688731284476,0.5789473684210527,0.6517395797450912,0.8337991122801249
0,0.0,1.0,0.65,1.9500000000000002,0.7462211614956245,0.5740514075887393,0.648910411622276,0.8331415420023015
0,0.0,1.0,0.65,2.0,0.7459935897435898,0.5697674418604651,0.6460791117279667,0.8323195791550222
0,0.0,1.0,0.7000000000000001,1.0,0.6516795865633075,0.7717258261933905,0.7066405155505744,0.827880979779714
0,0.0,1.0,0.7000000000000001,1.05,0.6705170517051705,0.7460220318237454,0.7062572421784472,0.8333059345717574
0,0.0,1.0,0.7000000000000001,1.1,0.6889146836912362,0.726438188494492,0.7071790288948465,0.838402104224889
0,0.0,1.0,0.7000000000000001,1.15,0.7040878584502746,0.7062423500611995,0.7051634586006722,0.8413611704750945
0,0.0,1.0,0.7000000000000001,1.2,0.7227214377406932,0.6891064871481029,0.705513784461153,0.8454709847114911
0,0.0,1.0,0.7000000000000001,1.25,0.7289595758780649,0.6731946144430845,0.699968183264397,0.8449778070031234
0,0.0,1.0,0.7000000000000001,1.3,0.7372413793103448,0.6542227662178702,0.6932555123216602,0.8444846292947559
0,0.0,1.0,0.7000000000000001,1.35,0.7426160337552743,0.6462668298653611,0.6910994764397906,0.8448134144336676
0,0.0,1.0,0.7000000000000001,1.4,0.7472845763939174,0.631578947368421,0.6845771144278607,0.8436626664474766
0,0.0,1.0,0.7000000000000001,1.45,0.7529673590504451,0.6211750305997552,0.6807511737089201,0.8434982738780207
0,0.0,1.0,0.7000000000000001,1.5,0.7605740181268882,0.6162790697674418,0.680865449628127,0.8448134144336676
0,0.0,1.0,0.7000000000000001,1.55,0.7633996937212864,0.6101591187270502,0.6782312925170068,0.8444846292947559
0,0.0,1.0,0.7000000000000001,1.6,0.765625,0.5997552019583844,0.6726149622512012,0.843169488739109
0,0.0,1.0,0.7000000000000001,1.65,0.7692919649960223,0.5917992656058751,0.6689726738152888,0.8426763110307414
0,0.0,1.0,0.7000000000000001,1.7000000000000002,0.7684887459807074,0.5850673194614443,0.6643502432244615,0.8411967779056386
0,0.0,1.0,0.7000000000000001,1.75,0.7698541329011345,0.5813953488372093,0.6624825662482566,0.840867992766727
0,0.0,1.0,0.7000000000000001,1.8,0.7694831829368335,0.5740514075887393,0.6575534525061338,0.8393884596416242
0,0.0,1.0,0.7000000000000001,1.85,0.7728785357737105,0.5685434516523867,0.6551480959097319,0.8392240670721683
0,0.0,1.0,0.7000000000000001,1.9,0.7730318257956449,0.5648714810281518,0.6527581329561527,0.8385664967943449
0,0.0,1.0,0.7000000000000001,1.9500000000000002,0.7739204064352244,0.5593635250917993,0.6493783303730019,0.8377445339470656
0,0.0,1.0,0.7000000000000001,2.0,0.7743589743589744,0.554467564259486,0.6462196861626248,0.8369225710997863
0,0.0,1.0,0.75,1.0,0.6516795865633075,0.7717258261933905,0.7066405155505744,0.827880979779714
0,0.0,1.0,0.75,1.05,0.6714443219404631,0.7454100367197063,0.7064965197215778,0.833634719710669
0,0.0,1.0,0.75,1.1,0.6914085330216247,0.7239902080783354,0.7073243647234677,0.8390596745027125
0,0.0,1.0,0.75,1.15,0.707076923076923,0.7031823745410036,0.7051242712488494,0.8420187407529179
0,0.0,1.0,0.75,1.2,0.7265068049254698,0.686046511627907,0.7056971986150455,0.8462929475587704
0,0.0,1.0,0.75,1.25,0.7352150537634409,0.6695226438188494,0.700832799487508,0.8464573401282262
0,0.0,1.0,0.75,1.3,0.7459649122807017,0.6505507955936353,0.6949983654789147,0.846621732697682
0,0.0,1.0,0.75,1.35,0.7526881720430108,0.642594859241126,0.6932981181908221,0.8472793029755055
0,0.0,1.0,0.75,1.4,0.7586972612879349,0.6272949816401469,0.6867671691792295,0.8462929475587704
0,0.0,1.0,0.75,1.45,0.7662337662337663,0.6138310893512852,0.6816173972137275,0.8459641624198586
0,0.0,1.0,0.75,1.5,0.774746687451286,0.6083231334149327,0.6815221117586561,0.8472793029755055
0,0.0,1.0,0.75,1.55,0.7778656126482213,0.602203182374541,0.678854777509486,0.8469505178365938
0,0.0,1.0,0.75,1.6,0.7807443365695793,0.5905752753977969,0.6724738675958188,0.8454709847114911
0,0.0,1.0,0.75,1.65,0.7853014037985137,0.5820073439412484,0.6685413005272408,0.8449778070031234
0,0.0,1.0,0.75,1.7000000000000002,0.7851170568561873,0.5746634026927785,0.6636042402826855,0.8434982738780207
0,0.0,1.0,0.75,1.75,0.7866779089376054,0.5709914320685434,0.6617021276595745,0.843169488739109
0,0.0,1.0,0.75,1.8,0.7871794871794872,0.5636474908200735,0.6569186875891584,0.841854348183462
0,0.0,1.0,0.75,1.85,0.7916666666666666,0.5581395348837209,0.6547020818377601,0.841854348183462
0,0.0,1.0,0.75,1.9,0.7929824561403509,0.5532435740514076,0.6517664023071377,0.8411967779056386
0,0.0,1.0,0.75,1.9500000000000002,0.7941437444543035,0.5477356181150551,0.6483158275986962,0.8403748150583593
0,0.0,1.0,0.75,2.0,0.7948028673835126,0.5428396572827417,0.6450909090909092,0.8395528522110801
0,0.0,1.0,0.8,1.0,0.6516795865633075,0.7717258261933905,0.7066405155505744,0.827880979779714
0,0.0,1.0,0.8,1.05,0.6725860155382908,0.7417380660954712,0.7054714784633295,0.833634719710669
0,0.0,1.0,0.8,1.1,0.6946249261665682,0.7197062423500612,0.7069431920649234,0.8397172447805359
0,0.0,1.0,0.8,1.15,0.7116104868913857,0.6976744186046512,0.7045735475896169,0.8428407036001972
0,0.0,1.0,0.8,1.2,0.7310481212920237,0.6787025703794369,0.703903522691209,0.846621732697682
0,0.0,1.0,0.8,1.25,0.7415807560137457,0.6603427172582619,0.6986079637423115,0.8469505178365938
0,0.0,1.0,0.8,1.3,0.7556037599421548,0.6395348837209303,0.6927411335764004,0.8476080881144172
0,0.0,1.0,0.8,1.35,0.7659732540861813,0.6309669522643819,0.6919463087248323,0.84908762123952
0,0.0,1.0,0.8,1.4,0.7729022324865281,0.6144430844553244,0.6846232526423457,0.847936873253329
0,0.0,1.0,0.8,1.45,0.7835463258785943,0.6003671970624235,0.6798336798336798,0.8481012658227848
0,0.0,1.0,0.8,1.5,0.7926530612244898,0.5942472460220318,0.6792584819867087,0.8492520138089759
0,0.0,1.0,0.8,1.55,0.7973421926910299,0.587515299877601,0.6765327695560254,0.84908762123952
0,0.0,1.0,0.8,1.6,0.8008510638297872,0.5758873929008568,0.6699893200427198,0.8476080881144172
0,0.0,1.0,0.8,1.65,0.8064516129032258,0.5660954712362302,0.6652283351312478,0.8469505178365938
0,0.0,1.0,0.8,1.7000000000000002,0.8065371024734982,0.5587515299877601,0.6601590744757773,0.8454709847114911
0,0.0,1.0,0.8,1.75,0.8090990187332738,0.555079559363525,0.6584392014519056,0.8453065921420352
0,0.0,1.0,0.8,1.8,0.8097826086956522,0.5471236230110159,0.6530314097881667,0.8438270590169324
0,0.0,1.0,0.8,1.85,0.815668202764977,0.5416156670746634,0.6509746230231703,0.8439914515863883
0,0.0,1.0,0.8,1.9,0.8169934640522876,0.5354957160342717,0.6469500924214417,0.8430050961696531
0,0.0,1.0,0.8,1.9500000000000002,0.8185255198487713,0.5299877600979193,0.6433878157503715,0.8421831333223738
0,0.0,1.0,0.8,2.0,0.8207094918504314,0.5238678090575275,0.6395218528203211,0.8413611704750945
0,0.0,1.0,0.8500000000000001,1.0,0.6533678756476684,0.7717258261933905,0.707631874298541,0.8287029426269933
0,0.0,1.0,0.8500000000000001,1.05,0.6746518105849583,0.741126070991432,0.7063283756197142,0.8344566825579484
0,0.0,1.0,0.8500000000000001,1.1,0.6978545887961859,0.7166462668298653,0.7071256038647342,0.8405392076278152
0,0.0,1.0,0.8500000000000001,1.15,0.714826498422713,0.693390452876377,0.7039453246349798,0.8433338813085649
0,0.0,1.0,0.8500000000000001,1.2,0.7349799732977303,0.6738066095471236,0.7030651340996169,0.8471149104060497
0,0.0,1.0,0.8500000000000001,1.25,0.7461645746164575,0.6548347613219094,0.6975228161668839,0.8474436955449614
0,0.0,1.0,0.8500000000000001,1.3,0.7612049963262307,0.6340269277845777,0.6918196994991652,0.8482656583922407
0,0.0,1.0,0.8500000000000001,1.35,0.7715582450832073,0.6242350061199511,0.6901217861975643,0.8494164063784317
0,0.0,1.0,0.8500000000000001,1.4,0.7804878048780488,0.6070991432068543,0.682960413080895,0.8485944435311524
0,0.0,1.0,0.8500000000000001,1.45,0.7916666666666666,0.5930232558139535,0.6780965710286914,0.8487588361006082
0,0.0,1.0,0.8500000000000001,1.5,0.8018394648829431,0.5869033047735618,0.67773851590106,0.8500739766562552
0,0.0,1.0,0.8500000000000001,1.55,0.8068085106382978,0.5801713586291309,0.6749733001067995,0.8499095840867993
0,0.0,1.0,0.8500000000000001,1.6,0.8104803493449781,0.5679314565483476,0.6678661388988846,0.8482656583922407
0,0.0,1.0,0.8500000000000001,1.65,0.8163082437275986,0.5575275397796817,0.6625454545454545,0.8474436955449614
0,0.0,1.0,0.8500000000000001,1.7000000000000002,0.8165304268846503,0.5501835985312118,0.6574040219378429,0.8459641624198586
0,0.0,1.0,0.8500000000000001,1.75,0.8192660550458716,0.5465116279069767,0.6556534508076358,0.8457997698504027
0,0.0,1.0,0.8500000000000001,1.8,0.8207282913165266,0.5379436964504284,0.6499075785582255,0.8443202367253
0,0.0,1.0,0.8500000000000001,1.85,0.8276190476190476,0.5318237454100367,0.6475409836065574,0.8444846292947559
0,0.0,1.0,0.8500000000000001,1.9,0.8291505791505791,0.5257037943696451,0.6434456928838952,0.8434982738780207
0,0.0,1.0,0.8500000000000001,1.9500000000000002,0.83088954056696,0.5201958384332925,0.6398193451260822,0.8426763110307414
0,0.0,1.0,0.8500000000000001,2.0,0.8331678252234359,0.5134638922888617,0.6353653918970088,0.8416899556140063
0,0.0,1.0,0.9,1.0,0.6533678756476684,0.7717258261933905,0.707631874298541,0.8287029426269933
0,0.0,1.0,0.9,1.05,0.6746518105849583,0.741126070991432,0.7063283756197142,0.8344566825579484
0,0.0,1.0,0.9,1.1,0.6978545887961859,0.7166462668298653,0.7071256038647342,0.8405392076278152
0,0.0,1.0,0.9,1.15,0.7145569620253165,0.6909424724602203,0.702551337896702,0.8428407036001972
0,0.0,1.0,0.9,1.2,0.7360644728005373,0.6707466340269278,0.70188920909382,0.8469505178365938
0,0.0,1.0,0.9,1.25,0.7480647431386348,0.6505507955936353,0.6959083469721767,0.8472793029755055
0,0.0,1.0,0.9,1.3,0.7633531157270029,0.6297429620563035,0.6901408450704226,0.8481012658227848
0,0.0,1.0,0.9,1.35,0.7744648318042814,0.6199510403916769,0.6886471787899389,0.8494164063784317
0,0.0,1.0,0.9,1.4,0.7833733013589129,0.5997552019583844,0.6793760831889082,0.847936873253329
0,0.0,1.0,0.9,1.45,0.7945091514143094,0.5844553243574051,0.6734837799717912,0.8477724806838731
0,0.0,1.0,0.9,1.5,0.8049403747870528,0.5783353733170135,0.6730769230769231,0.84908762123952
0,0.0,1.0,0.9,1.55,0.8104347826086956,0.5703794369645043,0.6695402298850575,0.8487588361006082
0,0.0,1.0,0.9,1.6,0.8142857142857143,0.5581395348837209,0.6623093681917211,0.8471149104060497
0,0.0,1.0,0.9,1.65,0.8201834862385321,0.5471236230110159,0.6563876651982379,0.8461285549893145
0,0.0,1.0,0.9,1.7000000000000002,0.8202979515828678,0.5391676866585068,0.6506646971935007,0.8444846292947559
0,0.0,1.0,0.9,1.75,0.822808671065033,0.5342717258261934,0.6478664192949907,0.8439914515863883
0,0.0,1.0,0.9,1.8,0.8243761996161229,0.5257037943696451,0.6420029895366218,0.8425119184612856
0,0.0,1.0,0.9,1.85,0.8315377081292851,0.5195838433292533,0.63954802259887,0.8426763110307414
0,0.0,1.0,0.9,1.9,0.8331678252234359,0.5134638922888617,0.6353653918970088,0.8416899556140063
0,0.0,1.0,0.9,1.9500000000000002,0.8350100603621731,0.5079559363525091,0.6316590563165905,0.840867992766727
0,0.0,1.0,0.9,2.0,0.8374233128834356,0.5012239902080783,0.627105666156202,0.8398816373499918
0,0.0,1.0,0.9500000000000001,1.0,0.6533678756476684,0.7717258261933905,0.707631874298541,0.8287029426269933
0,0.0,1.0,0.9500000000000001,1.05,0.6746518105849583,0.741126070991432,0.7063283756197142,0.8344566825579484
0,0.0,1.0,0.9500000000000001,1.1,0.6982707215265355,0.7166462668298653,0.7073391724554515,0.8407036001972711
0,0.0,1.0,0.9500000000000001,1.15,0.7146480659480026,0.6897184822521419,0.7019620056057303,0.8426763110307414
0,0.0,1.0,0.9500000000000001,1.2,0.7363452461227242,0.6682986536107711,0.7006737247353224,0.846621732697682
0,0.0,1.0,0.9500000000000001,1.25,0.7484098939929329,0.6481028151774786,0.6946539849130863,0.8469505178365938
0,0.0,1.0,0.9500000000000001,1.3,0.763785394932936,0.6272949816401469,0.6888440860215054,0.8477724806838731
0,0.0,1.0,0.9500000000000001,1.35,0.7749615975422427,0.6175030599755202,0.6873297002724796,0.84908762123952
0,0.0,1.0,0.9500000000000001,1.4,0.7837620578778135,0.5966952264381885,0.6775538568450312,0.8474436955449614
0,0.0,1.0,0.9500000000000001,1.45,0.7946353730092205,0.5801713586291309,0.6706756278740714,0.8469505178365938
0,0.0,1.0,0.9500000000000001,1.5,0.8051502145922746,0.5740514075887393,0.6702393712040015,0.8482656583922407
0,0.0,1.0,0.9500000000000001,1.55,0.8105263157894737,0.565483476132191,0.6661860129776497,0.8477724806838731
0,0.0,1.0,0.9500000000000001,1.6,0.8144144144144144,0.5532435740514076,0.6588921282798833,0.8461285549893145
0,0.0,1.0,0.9500000000000001,1.65,0.8209647495361782,0.5416156670746634,0.6526548672566371,0.8451421995725793
0,0.0,1.0,0.9500000000000001,1.7000000000000002,0.8210922787193974,0.5336597307221542,0.6468842729970327,0.8434982738780207
0,0.0,1.0,0.9500000000000001,1.75,0.8244274809160306,0.5287637698898409,0.6442953020134228,0.843169488739109
0,0.0,1.0,0.9500000000000001,1.8,0.826044703595724,0.5201958384332925,0.6383777694329702,0.8416899556140063
0,0.0,1.0,0.9500000000000001,1.85,0.8333333333333334,0.5140758873929009,0.6358819076457229,0.841854348183462
0,0.0,1.0,0.9500000000000001,1.9,0.8348439073514602,0.50734394124847,0.6311381804339551,0.8407036001972711
0,0.0,1.0,0.9500000000000001,1.9500000000000002,0.8367346938775511,0.5018359853121175,0.6273909716908952,0.8398816373499918
0,0.0,1.0,0.9500000000000001,2.0,0.8390446521287642,0.4944920440636475,0.6222564497497112,0.8387308893638008
0,0.0,1.0,1.0,1.0,0.6533678756476684,0.7717258261933905,0.707631874298541,0.8287029426269933
0,0.0,1.0,1.0,1.05,0.6852272727272727,0.7380660954712362,0.7106658809664113,0.8385664967943449
0,0.0,1.0,1.0,1.1,0.714548802946593,0.7123623011015912,0.7134538768004903,0.8462929475587704
0,0.0,1.0,1.0,1.15,0.7369808833223468,0.6842105263157895,0.7096159949222469,0.8495807989478875
0,0.0,1.0,1.0,1.2,0.7607621736062103,0.6597307221542228,0.7066535562110783,0.8528686503370048
0,0.0,1.0,1.0,1.25,0.7758749069247952,0.6376988984088128,0.7000335908632852,0.8531974354759165
0,0.0,1.0,1.0,1.3,0.7910798122065728,0.6187270501835985,0.6943681318681318,0.8536906131842841
0,0.0,1.0,1.0,1.35,0.8055105348460292,0.6083231334149327,0.6931659693165969,0.8553345388788427
0,0.0,1.0,1.0,1.4,0.814625850340136,0.5862913096695227,0.6818505338078292,0.8530330429064606
0,0.0,1.0,1.0,1.45,0.8230088495575221,0.5691554467564259,0.6729377713458755,0.851389117211902
0,0.0,1.0,1.0,1.5,0.8356039963669392,0.5630354957160343,0.6727605118829982,0.8528686503370048
0,0.0,1.0,1.0,1.55,0.8385899814471243,0.5532435740514076,0.6666666666666666,0.851389117211902
0,0.0,1.0,1.0,1.6,0.842355175688509,0.5428396572827417,0.660215854112393,0.8499095840867993
0,0.0,1.0,1.0,1.65,0.8494623655913979,0.5318237454100367,0.6541211893112534,0.8489232286700641
0,0.0,1.0,1.0,1.7000000000000002,0.8501984126984127,0.5244798041615667,0.6487509462528388,0.8474436955449614
0,0.0,1.0,1.0,1.75,0.8549848942598187,0.5195838433292533,0.6463646745336885,0.8472793029755055
0,0.0,1.0,1.0,1.8,0.8572895277207392,0.511015911872705,0.6403374233128835,0.8457997698504027
0,0.0,1.0,1.0,1.85,0.8640167364016736,0.5055079559363526,0.6378378378378379,0.8457997698504027
0,0.0,1.0,1.0,1.9,0.8662420382165605,0.49938800489596086,0.6335403726708074,0.8448134144336676
0,0.0,1.0,1.0,1.9500000000000002,0.868675995694295,0.4938800489596083,0.629730784237222,0.8439914515863883
0,0.0,1.0,1.0,2.0,0.8706140350877193,0.48592411260709917,0.6237234878240377,0.8425119184612856
0,0.35000000000000003,1.35,1.0,1.1,0.717377860235003,0.7099143206854345,0.7136265764380191,0.8469505178365938
