0,0.0,1.0,0.0,1.0,0.5485871812543074,0.6815068493150684,0.6078655975563193,0.8164760543245175
0.05,0.0,1.0,0.0,1.0,0.5485871812543074,0.6815068493150684,0.6078655975563193,0.8164760543245175
0.1,0.0,1.0,0.0,1.0,0.5485871812543074,0.6815068493150684,0.6078655975563193,0.8164760543245175
0.15000000000000002,0.0,1.0,0.0,1.0,0.5485871812543074,0.6815068493150684,0.6078655975563193,0.8164760543245175
0.2,0.0,1.0,0.0,1.0,0.5485871812543074,0.6815068493150684,0.6078655975563193,0.8164760543245175
0.25,0.0,1.0,0.0,1.0,0.5485871812543074,0.6815068493150684,0.6078655975563193,0.8164760543245175
0.30000000000000004,0.0,1.0,0.0,1.0,0.5485871812543074,0.6815068493150684,0.6078655975563193,0.8164760543245175
0.35000000000000003,0.0,1.0,0.0,1.0,0.5485871812543074,0.6815068493150684,0.6078655975563193,0.8164760543245175
0.4,0.0,1.0,0.0,1.0,0.5485871812543074,0.6815068493150684,0.6078655975563193,0.8164760543245175
0.45,0.0,1.0,0.0,1.0,0.5485871812543074,0.6815068493150684,0.6078655975563193,0.8164760543245175
0.5,0.0,1.0,0.0,1.0,0.5485871812543074,0.6815068493150684,0.6078655975563193,0.8164760543245175
0.55,0.0,1.0,0.0,1.0,0.5485871812543074,0.6815068493150684,0.6078655975563193,0.8164760543245175
0.6000000000000001,0.0,1.0,0.0,1.0,0.5485871812543074,0.6815068493150684,0.6078655975563193,0.8164760543245175
0.65,0.0,1.0,0.0,1.0,0.5485871812543074,0.6815068493150684,0.6078655975563193,0.8164760543245175
0.7000000000000001,0.0,1.0,0.0,1.0,0.5485871812543074,0.6815068493150684,0.6078655975563193,0.8164760543245175
0.75,0.0,1.0,0.0,1.0,0.5485871812543074,0.6815068493150684,0.6078655975563193,0.8164760543245175
0.8,0.0,1.0,0.0,1.0,0.5485871812543074,0.6815068493150684,0.6078655975563193,0.8164760543245175
0.8500000000000001,0.0,1.0,0.0,1.0,0.5485871812543074,0.6815068493150684,0.6078655975563193,0.8164760543245175
0.9,0.0,1.0,0.0,1.0,0.5485871812543074,0.6815068493150684,0.6078655975563193,0.8164760543245175
0.9500000000000001,0.0,1.0,0.0,1.0,0.5485871812543074,0.6815068493150684,0.6078655975563193,0.8164760543245175
1.0,0.0,1.0,0.0,1.0,0.5485871812543074,0.6815068493150684,0.6078655975563193,0.8164760543245175
0,0.0,1.0,0.0,1.0,0.5485871812543074,0.6815068493150684,0.6078655975563193,0.8164760543245175
0,0.0,1.05,0.0,1.0,0.5485871812543074,0.6815068493150684,0.6078655975563193,0.8164760543245175
0,0.0,1.1,0.0,1.0,0.5485871812543074,0.6815068493150684,0.6078655975563193,0.8164760543245175
0,0.0,1.15,0.0,1.0,0.5485871812543074,0.6815068493150684,0.6078655975563193,0.8164760543245175
0,0.0,1.2,0.0,1.0,0.5485871812543074,0.6815068493150684,0.6078655975563193,0.8164760543245175
0,0.0,1.25,0.0,1.0,0.5485871812543074,0.6815068493150684,0.6078655975563193,0.8164760543245175
0,0.0,1.3,0.0,1.0,0.5485871812543074,0.6815068493150684,0.6078655975563193,0.8164760543245175
0,0.0,1.35,0.0,1.0,0.5485871812543074,0.6815068493150684,0.6078655975563193,0.8164760543245175
0,0.0,1.4,0.0,1.0,0.5485871812543074,0.6815068493150684,0.6078655975563193,0.8164760543245175
0,0.0,1.45,0.0,1.0,0.5485871812543074,0.6815068493150684,0.6078655975563193,0.8164760543245175
0,0.0,1.5,0.0,1.0,0.5485871812543074,0.6815068493150684,0.6078655975563193,0.8164760543245175
0,0.0,1.55,0.0,1.0,0.5485871812543074,0.6815068493150684,0.6078655975563193,0.8164760543245175
0,0.0,1.6,0.0,1.0,0.5485871812543074,0.6815068493150684,0.6078655975563193,0.8164760543245175
0,0.0,1.65,0.0,1.0,0.5485871812543074,0.6815068493150684,0.6078655975563193,0.8164760543245175
0,0.0,1.7000000000000002,0.0,1.0,0.5485871812543074,0.6815068493150684,0.6078655975563193,0.8164760543245175
0,0.0,1.75,0.0,1.0,0.5485871812543074,0.6815068493150684,0.6078655975563193,0.8164760543245175
0,0.0,1.8,0.0,1.0,0.5485871812543074,0.6815068493150684,0.6078655975563193,0.8164760543245175
0,0.0,1.85,0.0,1.0,0.5485871812543074,0.6815068493150684,0.6078655975563193,0.8164760543245175
0,0.0,1.9,0.0,1.0,0.5485871812543074,0.6815068493150684,0.6078655975563193,0.8164760543245175
0,0.0,1.9500000000000002,0.0,1.0,0.5485871812543074,0.6815068493150684,0.6078655975563193,0.8164760543245175
0,0.0,2.0,0.0,1.0,0.5485871812543074,0.6815068493150684,0.6078655975563193,0.8164760543245175
0,0.05,1.0,0.0,1.0,0.5485871812543074,0.6815068493150684,0.6078655975563193,0.8164760543245175
0,0.05,1.05,0.0,1.0,0.5485871812543074,0.6815068493150684,0.6078655975563193,0.8164760543245175
0,0.05,1.1,0.0,1.0,0.5485871812543074,0.6815068493150684,0.6078655975563193,0.8164760543245175
0,0.05,1.15,0.0,1.0,0.5485871812543074,0.6815068493150684,0.6078655975563193,0.8164760543245175
0,0.05,1.2,0.0,1.0,0.5485871812543074,0.6815068493150684,0.6078655975563193,0.8164760543245175
0,0.05,1.25,0.0,1.0,0.5485871812543074,0.6815068493150684,0.6078655975563193,0.8164760543245175
0,0.05,1.3,0.0,1.0,0.5485871812543074,0.6815068493150684,0.6078655975563193,0.8164760543245175
0,0.05,1.35,0.0,1.0,0.5485871812543074,0.6815068493150684,0.6078655975563193,0.8164760543245175
0,0.05,1.4,0.0,1.0,0.5485871812543074,0.6815068493150684,0.6078655975563193,0.8164760543245175
0,0.05,1.45,0.0,1.0,0.5485871812543074,0.6815068493150684,0.6078655975563193,0.8164760543245175
0,0.05,1.5,0.0,1.0,0.5485871812543074,0.6815068493150684,0.6078655975563193,0.8164760543245175
0,0.05,1.55,0.0,1.0,0.5485871812543074,0.6815068493150684,0.6078655975563193,0.8164760543245175
0,0.05,1.6,0.0,1.0,0.5485871812543074,0.6815068493150684,0.6078655975563193,0.8164760543245175
0,0.05,1.65,0.0,1.0,0.5485871812543074,0.6815068493150684,0.6078655975563193,0.8164760543245175
0,0.05,1.7000000000000002,0.0,1.0,0.5485871812543074,0.6815068493150684,0.6078655975563193,0.8164760543245175
0,0.05,1.75,0.0,1.0,0.5485871812543074,0.6815068493150684,0.6078655975563193,0.8164760543245175
0,0.05,1.8,0.0,1.0,0.5485871812543074,0.6815068493150684,0.6078655975563193,0.8164760543245175
0,0.05,1.85,0.0,1.0,0.5485871812543074,0.6815068493150684,0.6078655975563193,0.8164760543245175
0,0.05,1.9,0.0,1.0,0.5485871812543074,0.6815068493150684,0.6078655975563193,0.8164760543245175
0,0.05,1.9500000000000002,0.0,1.0,0.5485871812543074,0.6815068493150684,0.6078655975563193,0.8164760543245175
0,0.05,2.0,0.0,1.0,0.5485871812543074,0.6815068493150684,0.6078655975563193,0.8164760543245175
0,0.1,1.0,0.0,1.0,0.5485871812543074,0.6815068493150684,0.6078655975563193,0.8164760543245175
0,0.1,1.05,0.0,1.0,0.5485871812543074,0.6815068493150684,0.6078655975563193,0.8164760543245175
0,0.1,1.1,0.0,1.0,0.5485871812543074,0.6815068493150684,0.6078655975563193,0.8164760543245175
0,0.1,1.15,0.0,1.0,0.5485871812543074,0.6815068493150684,0.6078655975563193,0.8164760543245175
0,0.1,1.2,0.0,1.0,0.5485871812543074,0.6815068493150684,0.6078655975563193,0.8164760543245175
0,0.1,1.25,0.0,1.0,0.5485871812543074,0.6815068493150684,0.6078655975563193,0.8164760543245175
0,0.1,1.3,0.0,1.0,0.5485871812543074,0.6815068493150684,0.6078655975563193,0.8164760543245175
0,0.1,1.35,0.0,1.0,0.5485871812543074,0.6815068493150684,0.6078655975563193,0.8164760543245175
0,0.1,1.4,0.0,1.0,0.5485871812543074,0.6815068493150684,0.6078655975563193,0.8164760543245175
0,0.1,1.45,0.0,1.0,0.5485871812543074,0.6815068493150684,0.6078655975563193,0.8164760543245175
0,0.1,1.5,0.0,1.0,0.5485871812543074,0.6815068493150684,0.6078655975563193,0.8164760543245175
0,0.1,1.55,0.0,1.0,0.5485871812543074,0.6815068493150684,0.6078655975563193,0.8164760543245175
0,0.1,1.6,0.0,1.0,0.5485871812543074,0.6815068493150684,0.6078655975563193,0.8164760543245175
0,0.1,1.65,0.0,1.0,0.5485871812543074,0.6815068493150684,0.6078655975563193,0.8164760543245175
0,0.1,1.7000000000000002,0.0,1.0,0.5485871812543074,0.6815068493150684,0.6078655975563193,0.8164760543245175
0,0.1,1.75,0.0,1.0,0.5485871812543074,0.6815068493150684,0.6078655975563193,0.8164760543245175
0,0.1,1.8,0.0,1.0,0.5485871812543074,0.6815068493150684,0.6078655975563193,0.8164760543245175
0,0.1,1.85,0.0,1.0,0.5485871812543074,0.6815068493150684,0.6078655975563193,0.8164760543245175
0,0.1,1.9,0.0,1.0,0.5485871812543074,0.6815068493150684,0.6078655975563193,0.8164760543245175
0,0.1,1.9500000000000002,0.0,1.0,0.5485871812543074,0.6815068493150684,0.6078655975563193,0.8164760543245175
0,0.1,2.0,0.0,1.0,0.5485871812543074,0.6815068493150684,0.6078655975563193,0.8164760543245175
0,0.15000000000000002,1.0,0.0,1.0,0.5485871812543074,0.6815068493150684,0.6078655975563193,0.8164760543245175
0,0.15000000000000002,1.05,0.0,1.0,0.5485871812543074,0.6815068493150684,0.6078655975563193,0.8164760543245175
0,0.15000000000000002,1.1,0.0,1.0,0.5485871812543074,0.6815068493150684,0.6078655975563193,0.8164760543245175
0,0.15000000000000002,1.15,0.0,1.0,0.5485871812543074,0.6815068493150684,0.6078655975563193,0.8164760543245175
0,0.15000000000000002,1.2,0.0,1.0,0.5485871812543074,0.6815068493150684,0.6078655975563193,0.8164760543245175
0,0.15000000000000002,1.25,0.0,1.0,0.5485871812543074,0.6815068493150684,0.6078655975563193,0.8164760543245175
0,0.15000000000000002,1.3,0.0,1.0,0.5485871812543074,0.6815068493150684,0.6078655975563193,0.8164760543245175
0,0.15000000000000002,1.35,0.0,1.0,0.5485871812543074,0.6815068493150684,0.6078655975563193,0.8164760543245175
0,0.15000000000000002,1.4,0.0,1.0,0.5485871812543074,0.6815068493150684,0.6078655975563193,0.8164760543245175
0,0.15000000000000002,1.45,0.0,1.0,0.5485871812543074,0.6815068493150684,0.6078655975563193,0.8164760543245175
0,0.15000000000000002,1.5,0.0,1.0,0.5485871812543074,0.6815068493150684,0.6078655975563193,0.8164760543245175
0,0.15000000000000002,1.55,0.0,1.0,0.5485871812543074,0.6815068493150684,0.6078655975563193,0.8164760543245175
0,0.15000000000000002,1.6,0.0,1.0,0.5485871812543074,0.6815068493150684,0.6078655975563193,0.8164760543245175
0,0.15000000000000002,1.65,0.0,1.0,0.5485871812543074,0.6815068493150684,0.6078655975563193,0.8164760543245175
0,0.15000000000000002,1.7000000000000002,0.0,1.0,0.5485871812543074,0.6815068493150684,0.6078655975563193,0.8164760543245175
0,0.15000000000000002,1.75,0.0,1.0,0.5485871812543074,0.6815068493150684,0.6078655975563193,0.8164760543245175
0,0.15000000000000002,1.8,0.0,1.0,0.5485871812543074,0.6815068493150684,0.6078655975563193,0.8164760543245175
0,0.15000000000000002,1.85,0.0,1.0,0.5485871812543074,0.6815068493150684,0.6078655975563193,0.8164760543245175
0,0.15000000000000002,1.9,0.0,1.0,0.5485871812543074,0.6815068493150684,0.6078655975563193,0.8164760543245175
0,0.15000000000000002,1.9500000000000002,0.0,1.0,0.5485871812543074,0.6815068493150684,0.6078655975563193,0.8164760543245175
0,0.15000000000000002,2.0,0.0,1.0,0.5485871812543074,0.6815068493150684,0.6078655975563193,0.8164760543245175
0,0.2,1.0,0.0,1.0,0.5485871812543074,0.6815068493150684,0.6078655975563193,0.8164760543245175
0,0.2,1.05,0.0,1.0,0.5482758620689655,0.6806506849315068,0.6073338426279602,0.8162973552537527
0,0.2,1.1,0.0,1.0,0.5482758620689655,0.6806506849315068,0.6073338426279602,0.8162973552537527
0,0.2,1.15,0.0,1.0,0.5482758620689655,0.6806506849315068,0.6073338426279602,0.8162973552537527
0,0.2,1.2,0.0,1.0,0.5482758620689655,0.6806506849315068,0.6073338426279602,0.8162973552537527
0,0.2,1.25,0.0,1.0,0.5482758620689655,0.6806506849315068,0.6073338426279602,0.8162973552537527
0,0.2,1.3,0.0,1.0,0.5482758620689655,0.6806506849315068,0.6073338426279602,0.8162973552537527
0,0.2,1.35,0.0,1.0,0.5482758620689655,0.6806506849315068,0.6073338426279602,0.8162973552537527
0,0.2,1.4,0.0,1.0,0.5482758620689655,0.6806506849315068,0.6073338426279602,0.8162973552537527
0,0.2,1.45,0.0,1.0,0.5482758620689655,0.6806506849315068,0.6073338426279602,0.8162973552537527
0,0.2,1.5,0.0,1.0,0.5482758620689655,0.6806506849315068,0.6073338426279602,0.8162973552537527
0,0.2,1.55,0.0,1.0,0.5482758620689655,0.6806506849315068,0.6073338426279602,0.8162973552537527
0,0.2,1.6,0.0,1.0,0.5482758620689655,0.6806506849315068,0.6073338426279602,0.8162973552537527
0,0.2,1.65,0.0,1.0,0.5482758620689655,0.6806506849315068,0.6073338426279602,0.8162973552537527
0,0.2,1.7000000000000002,0.0,1.0,0.5482758620689655,0.6806506849315068,0.6073338426279602,0.8162973552537527
0,0.2,1.75,0.0,1.0,0.5482758620689655,0.6806506849315068,0.6073338426279602,0.8162973552537527
0,0.2,1.8,0.0,1.0,0.5482758620689655,0.6806506849315068,0.6073338426279602,0.8162973552537527
0,0.2,1.85,0.0,1.0,0.5482758620689655,0.6806506849315068,0.6073338426279602,0.8162973552537527
0,0.2,1.9,0.0,1.0,0.5482758620689655,0.6806506849315068,0.6073338426279602,0.8162973552537527
0,0.2,1.9500000000000002,0.0,1.0,0.5482758620689655,0.6806506849315068,0.6073338426279602,0.8162973552537527
0,0.2,2.0,0.0,1.0,0.5482758620689655,0.6806506849315068,0.6073338426279602,0.8162973552537527
0,0.25,1.0,0.0,1.0,0.5485871812543074,0.6815068493150684,0.6078655975563193,0.8164760543245175
0,0.25,1.05,0.0,1.0,0.5483425414364641,0.6797945205479452,0.6070336391437309,0.8162973552537527
0,0.25,1.1,0.0,1.0,0.5483425414364641,0.6797945205479452,0.6070336391437309,0.8162973552537527
0,0.25,1.15,0.0,1.0,0.5491009681881052,0.6797945205479452,0.6074980872226473,0.8166547533952824
0,0.25,1.2,0.0,1.0,0.5491009681881052,0.6797945205479452,0.6074980872226473,0.8166547533952824
0,0.25,1.25,0.0,1.0,0.5491009681881052,0.6797945205479452,0.6074980872226473,0.8166547533952824
0,0.25,1.3,0.0,1.0,0.5491009681881052,0.6797945205479452,0.6074980872226473,0.8166547533952824
0,0.25,1.35,0.0,1.0,0.5491009681881052,0.6797945205479452,0.6074980872226473,0.8166547533952824
0,0.25,1.4,0.0,1.0,0.5491009681881052,0.6797945205479452,0.6074980872226473,0.8166547533952824
0,0.25,1.45,0.0,1.0,0.5491009681881052,0.6797945205479452,0.6074980872226473,0.8166547533952824
0,0.25,1.5,0.0,1.0,0.5491009681881052,0.6797945205479452,0.6074980872226473,0.8166547533952824
0,0.25,1.55,0.0,1.0,0.5491009681881052,0.6797945205479452,0.6074980872226473,0.8166547533952824
0,0.25,1.6,0.0,1.0,0.5491009681881052,0.6797945205479452,0.6074980872226473,0.8166547533952824
0,0.25,1.65,0.0,1.0,0.5491009681881052,0.6797945205479452,0.6074980872226473,0.8166547533952824
0,0.25,1.7000000000000002,0.0,1.0,0.5491009681881052,0.6797945205479452,0.6074980872226473,0.8166547533952824
0,0.25,1.75,0.0,1.0,0.5491009681881052,0.6797945205479452,0.6074980872226473,0.8166547533952824
0,0.25,1.8,0.0,1.0,0.5491009681881052,0.6797945205479452,0.6074980872226473,0.8166547533952824
0,0.25,1.85,0.0,1.0,0.5491009681881052,0.6797945205479452,0.6074980872226473,0.8166547533952824
0,0.25,1.9,0.0,1.0,0.5491009681881052,0.6797945205479452,0.6074980872226473,0.8166547533952824
0,0.25,1.9500000000000002,0.0,1.0,0.5491009681881052,0.6797945205479452,0.6074980872226473,0.8166547533952824
0,0.25,2.0,0.0,1.0,0.5491009681881052,0.6797945205479452,0.6074980872226473,0.8166547533952824
0,0.30000000000000004,1.0,0.0,1.0,0.5485871812543074,0.6815068493150684,0.6078655975563193,0.8164760543245175
0,0.30000000000000004,1.05,0.0,1.0,0.5487214927436075,0.6797945205479452,0.6072657743785851,0.8164760543245175
0,0.30000000000000004,1.1,0.0,1.0,0.5484094052558783,0.6789383561643836,0.6067329762815609,0.8162973552537527
0,0.30000000000000004,1.15,0.0,1.0,0.5495495495495496,0.6789383561643836,0.6074301034086558,0.8168334524660472
0,0.30000000000000004,1.2,0.0,1.0,0.5495495495495496,0.6789383561643836,0.6074301034086558,0.8168334524660472
0,0.30000000000000004,1.25,0.0,1.0,0.5499306518723994,0.6789383561643836,0.6076628352490421,0.8170121515368121
0,0.30000000000000004,1.3,0.0,1.0,0.5499306518723994,0.6789383561643836,0.6076628352490421,0.8170121515368121
0,0.30000000000000004,1.35,0.0,1.0,0.5499306518723994,0.6789383561643836,0.6076628352490421,0.8170121515368121
0,0.30000000000000004,1.4,0.0,1.0,0.5499306518723994,0.6789383561643836,0.6076628352490421,0.8170121515368121
0,0.30000000000000004,1.45,0.0,1.0,0.5499306518723994,0.6789383561643836,0.6076628352490421,0.8170121515368121
0,0.30000000000000004,1.5,0.0,1.0,0.5499306518723994,0.6789383561643836,0.6076628352490421,0.8170121515368121
0,0.30000000000000004,1.55,0.0,1.0,0.5499306518723994,0.6789383561643836,0.6076628352490421,0.8170121515368121
0,0.30000000000000004,1.6,0.0,1.0,0.5499306518723994,0.6789383561643836,0.6076628352490421,0.8170121515368121
0,0.30000000000000004,1.65,0.0,1.0,0.5499306518723994,0.6789383561643836,0.6076628352490421,0.8170121515368121
0,0.30000000000000004,1.7000000000000002,0.0,1.0,0.5499306518723994,0.6789383561643836,0.6076628352490421,0.8170121515368121
0,0.30000000000000004,1.75,0.0,1.0,0.5499306518723994,0.6789383561643836,0.6076628352490421,0.8170121515368121
0,0.30000000000000004,1.8,0.0,1.0,0.5499306518723994,0.6789383561643836,0.6076628352490421,0.8170121515368121
0,0.30000000000000004,1.85,0.0,1.0,0.5499306518723994,0.6789383561643836,0.6076628352490421,0.8170121515368121
0,0.30000000000000004,1.9,0.0,1.0,0.5499306518723994,0.6789383561643836,0.6076628352490421,0.8170121515368121
0,0.30000000000000004,1.9500000000000002,0.0,1.0,0.5499306518723994,0.6789383561643836,0.6076628352490421,0.8170121515368121
0,0.30000000000000004,2.0,0.0,1.0,0.5499306518723994,0.6789383561643836,0.6076628352490421,0.8170121515368121
0,0.35000000000000003,1.0,0.0,1.0,0.5485871812543074,0.6815068493150684,0.6078655975563193,0.8164760543245175
0,0.35000000000000003,1.05,0.0,1.0,0.5484094052558783,0.6789383561643836,0.6067329762815609,0.8162973552537527
0,0.35000000000000003,1.1,0.0,1.0,0.5480968858131487,0.678082191780822,0.6061997703788748,0.8161186561829878
0,0.35000000000000003,1.15,0.0,1.0,0.5492371705963939,0.678082191780822,0.6068965517241379,0.8166547533952824
0,0.35000000000000003,1.2,0.0,1.0,0.5492371705963939,0.678082191780822,0.6068965517241379,0.8166547533952824
0,0.35000000000000003,1.25,0.0,1.0,0.549618320610687,0.678082191780822,0.6071291682637026,0.8168334524660472
0,0.35000000000000003,1.3,0.0,1.0,0.55,0.678082191780822,0.6073619631901841,0.8170121515368121
0,0.35000000000000003,1.35,0.0,1.0,0.5503822098679638,0.678082191780822,0.6075949367088608,0.8171908506075768
0,0.35000000000000003,1.4,0.0,1.0,0.5500695410292072,0.6772260273972602,0.6070606293169608,0.8170121515368121
0,0.35000000000000003,1.45,0.0,1.0,0.5497564370215727,0.6763698630136986,0.6065259117082533,0.8168334524660472
0,0.35000000000000003,1.5,0.0,1.0,0.5497564370215727,0.6763698630136986,0.6065259117082533,0.8168334524660472
0,0.35000000000000003,1.55,0.0,1.0,0.5497564370215727,0.6763698630136986,0.6065259117082533,0.8168334524660472
0,0.35000000000000003,1.6,0.0,1.0,0.5497564370215727,0.6763698630136986,0.6065259117082533,0.8168334524660472
0,0.35000000000000003,1.65,0.0,1.0,0.5497564370215727,0.6763698630136986,0.6065259117082533,0.8168334524660472
0,0.35000000000000003,1.7000000000000002,0.0,1.0,0.5497564370215727,0.6763698630136986,0.6065259117082533,0.8168334524660472
0,0.35000000000000003,1.75,0.0,1.0,0.5497564370215727,0.6763698630136986,0.6065259117082533,0.8168334524660472
0,0.35000000000000003,1.8,0.0,1.0,0.5497564370215727,0.6763698630136986,0.6065259117082533,0.8168334524660472
0,0.35000000000000003,1.85,0.0,1.0,0.5497564370215727,0.6763698630136986,0.6065259117082533,0.8168334524660472
0,0.35000000000000003,1.9,0.0,1.0,0.5497564370215727,0.6763698630136986,0.6065259117082533,0.8168334524660472
0,0.35000000000000003,1.9500000000000002,0.0,1.0,0.5497564370215727,0.6763698630136986,0.6065259117082533,0.8168334524660472
0,0.35000000000000003,2.0,0.0,1.0,0.5497564370215727,0.6763698630136986,0.6065259117082533,0.8168334524660472
0,0.4,1.0,0.0,1.0,0.5485871812543074,0.6815068493150684,0.6078655975563193,0.8164760543245175
0,0.4,1.05,0.0,1.0,0.5487889273356401,0.6789383561643836,0.6069651741293532,0.8164760543245175
0,0.4,1.1,0.0,1.0,0.5482303955586398,0.6763698630136986,0.6055960137983902,0.8161186561829878
0,0.4,1.15,0.0,1.0,0.5497564370215727,0.6763698630136986,0.6065259117082533,0.8168334524660472
0,0.4,1.2,0.0,1.0,0.5497564370215727,0.6763698630136986,0.6065259117082533,0.8168334524660472
0,0.4,1.25,0.0,1.0,0.5501392757660167,0.6763698630136986,0.6067588325652842,0.8170121515368121
0,0.4,1.3,0.0,1.0,0.5505226480836237,0.6763698630136986,0.6069919323857088,0.8171908506075768
0,0.4,1.35,0.0,1.0,0.5505931612002791,0.675513698630137,0.6066897347174164,0.8171908506075768
0,0.4,1.4,0.0,1.0,0.5502793296089385,0.6746575342465754,0.6061538461538463,0.8170121515368121
0,0.4,1.45,0.0,1.0,0.5499650593990216,0.6738013698630136,0.6056175452096961,0.8168334524660472
0,0.4,1.5,0.0,1.0,0.5499650593990216,0.6738013698630136,0.6056175452096961,0.8168334524660472
0,0.4,1.55,0.0,1.0,0.5499650593990216,0.6738013698630136,0.6056175452096961,0.8168334524660472
0,0.4,1.6,0.0,1.0,0.5499650593990216,0.6738013698630136,0.6056175452096961,0.8168334524660472
0,0.4,1.65,0.0,1.0,0.5499650593990216,0.6738013698630136,0.6056175452096961,0.8168334524660472
0,0.4,1.7000000000000002,0.0,1.0,0.5499650593990216,0.6738013698630136,0.6056175452096961,0.8168334524660472
0,0.4,1.75,0.0,1.0,0.5499650593990216,0.6738013698630136,0.6056175452096961,0.8168334524660472
0,0.4,1.8,0.0,1.0,0.5499650593990216,0.6738013698630136,0.6056175452096961,0.8168334524660472
0,0.4,1.85,0.0,1.0,0.5499650593990216,0.6738013698630136,0.6056175452096961,0.8168334524660472
0,0.4,1.9,0.0,1.0,0.5499650593990216,0.6738013698630136,0.6056175452096961,0.8168334524660472
0,0.4,1.9500000000000002,0.0,1.0,0.5499650593990216,0.6738013698630136,0.6056175452096961,0.8168334524660472
0,0.4,2.0,0.0,1.0,0.5499650593990216,0.6738013698630136,0.6056175452096961,0.8168334524660472
0,0.45,1.0,0.0,1.0,0.5485871812543074,0.6815068493150684,0.6078655975563193,0.8164760543245175
0,0.45,1.05,0.0,1.0,0.5487889273356401,0.6789383561643836,0.6069651741293532,0.8164760543245175
0,0.45,1.1,0.0,1.0,0.5482303955586398,0.6763698630136986,0.6055960137983902,0.8161186561829878
0,0.45,1.15,0.0,1.0,0.5497564370215727,0.6763698630136986,0.6065259117082533,0.8168334524660472
0,0.45,1.2,0.0,1.0,0.5497564370215727,0.6763698630136986,0.6065259117082533,0.8168334524660472
0,0.45,1.25,0.0,1.0,0.5501392757660167,0.6763698630136986,0.6067588325652842,0.8170121515368121
0,0.45,1.3,0.0,1.0,0.5505226480836237,0.6763698630136986,0.6069919323857088,0.8171908506075768
0,0.45,1.35,0.0,1.0,0.5505931612002791,0.675513698630137,0.6066897347174164,0.8171908506075768
0,0.45,1.4,0.0,1.0,0.5502793296089385,0.6746575342465754,0.6061538461538463,0.8170121515368121
0,0.45,1.45,0.0,1.0,0.5500349895031491,0.672945205479452,0.6053138236426646,0.8168334524660472
0,0.45,1.5,0.0,1.0,0.5500349895031491,0.672945205479452,0.6053138236426646,0.8168334524660472
0,0.45,1.55,0.0,1.0,0.5500349895031491,0.672945205479452,0.6053138236426646,0.8168334524660472
0,0.45,1.6,0.0,1.0,0.5500349895031491,0.672945205479452,0.6053138236426646,0.8168334524660472
0,0.45,1.65,0.0,1.0,0.5500349895031491,0.672945205479452,0.6053138236426646,0.8168334524660472
0,0.45,1.7000000000000002,0.0,1.0,0.5500349895031491,0.672945205479452,0.6053138236426646,0.8168334524660472
0,0.45,1.75,0.0,1.0,0.5500349895031491,0.672945205479452,0.6053138236426646,0.8168334524660472
0,0.45,1.8,0.0,1.0,0.5500349895031491,0.672945205479452,0.6053138236426646,0.8168334524660472
0,0.45,1.85,0.0,1.0,0.5500349895031491,0.672945205479452,0.6053138236426646,0.8168334524660472
0,0.45,1.9,0.0,1.0,0.5500349895031491,0.672945205479452,0.6053138236426646,0.8168334524660472
0,0.45,1.9500000000000002,0.0,1.0,0.5500349895031491,0.672945205479452,0.6053138236426646,0.8168334524660472
0,0.45,2.0,0.0,1.0,0.5500349895031491,0.672945205479452,0.6053138236426646,0.8168334524660472
0,0.5,1.0,0.0,1.0,0.5485871812543074,0.6815068493150684,0.6078655975563193,0.8164760543245175
0,0.5,1.05,0.0,1.0,0.5484764542936288,0.678082191780822,0.6064318529862175,0.8162973552537527
0,0.5,1.1,0.0,1.0,0.5479166666666667,0.675513698630137,0.6050613496932515,0.815939957112223
0,0.5,1.15,0.0,1.0,0.5491289198606272,0.6746575342465754,0.6054552439492893,0.8164760543245175
0,0.5,1.2,0.0,1.0,0.5491289198606272,0.6746575342465754,0.6054552439492893,0.8164760543245175
0,0.5,1.25,0.0,1.0,0.5495118549511855,0.6746575342465754,0.6056879323597233,0.8166547533952824
0,0.5,1.3,0.0,1.0,0.5498953244940684,0.6746575342465754,0.605920799692426,0.8168334524660472
0,0.5,1.35,0.0,1.0,0.5496503496503496,0.672945205479452,0.6050808314087759,0.8166547533952824
0,0.5,1.4,0.0,1.0,0.549335199440168,0.6720890410958904,0.6045437042741625,0.8164760543245175
0,0.5,1.45,0.0,1.0,0.5487719298245614,0.6695205479452054,0.6031623602005399,0.8161186561829878
0,0.5,1.5,0.0,1.0,0.5491573033707865,0.6695205479452054,0.603395061728395,0.8162973552537527
0,0.5,1.55,0.0,1.0,0.5491573033707865,0.6695205479452054,0.603395061728395,0.8162973552537527
0,0.5,1.6,0.0,1.0,0.5488404778636683,0.6686643835616438,0.6028560401389426,0.8161186561829878
0,0.5,1.65,0.0,1.0,0.5488404778636683,0.6686643835616438,0.6028560401389426,0.8161186561829878
0,0.5,1.7000000000000002,0.0,1.0,0.5488404778636683,0.6686643835616438,0.6028560401389426,0.8161186561829878
0,0.5,1.75,0.0,1.0,0.5488404778636683,0.6686643835616438,0.6028560401389426,0.8161186561829878
0,0.5,1.8,0.0,1.0,0.5488404778636683,0.6686643835616438,0.6028560401389426,0.8161186561829878
0,0.5,1.85,0.0,1.0,0.5488404778636683,0.6686643835616438,0.6028560401389426,0.8161186561829878
0,0.5,1.9,0.0,1.0,0.5488404778636683,0.6686643835616438,0.6028560401389426,0.8161186561829878
0,0.5,1.9500000000000002,0.0,1.0,0.5488404778636683,0.6686643835616438,0.6028560401389426,0.8161186561829878
0,0.5,2.0,0.0,1.0,0.5488404778636683,0.6686643835616438,0.6028560401389426,0.8161186561829878
0,0.55,1.0,0.0,1.0,0.5485871812543074,0.6815068493150684,0.6078655975563193,0.8164760543245175
0,0.55,1.05,0.0,1.0,0.5485436893203883,0.6772260273972602,0.6061302681992338,0.8162973552537527
0,0.55,1.1,0.0,1.0,0.5483646485734168,0.6746575342465754,0.6049904030710173,0.8161186561829878
0,0.55,1.15,0.0,1.0,0.549266247379455,0.672945205479452,0.6048480184686418,0.8164760543245175
0,0.55,1.2,0.0,1.0,0.548951048951049,0.6720890410958904,0.6043110084680524,0.8162973552537527
0,0.55,1.25,0.0,1.0,0.5494043447792571,0.6712328767123288,0.6042389210019268,0.8164760543245175
0,0.55,1.3,0.0,1.0,0.5497896213183731,0.6712328767123288,0.6044718581341557,0.8166547533952824
0,0.55,1.35,0.0,1.0,0.5495432185523542,0.6695205479452054,0.6036279428791973,0.8164760543245175
0,0.55,1.4,0.0,1.0,0.5492264416315049,0.6686643835616438,0.6030888030888032,0.8162973552537527
0,0.55,1.45,0.0,1.0,0.5486600846262342,0.666095890410959,0.6017014694508895,0.815939957112223
0,0.55,1.5,0.0,1.0,0.548728813559322,0.6652397260273972,0.6013931888544891,0.815939957112223
0,0.55,1.55,0.0,1.0,0.548728813559322,0.6652397260273972,0.6013931888544891,0.815939957112223
0,0.55,1.6,0.0,1.0,0.5477707006369427,0.6626712328767124,0.5997675319643548,0.8154038598999285
0,0.55,1.65,0.0,1.0,0.5477707006369427,0.6626712328767124,0.5997675319643548,0.8154038598999285
0,0.55,1.7000000000000002,0.0,1.0,0.5477707006369427,0.6626712328767124,0.5997675319643548,0.8154038598999285
0,0.55,1.75,0.0,1.0,0.5477707006369427,0.6626712328767124,0.5997675319643548,0.8154038598999285
0,0.55,1.8,0.0,1.0,0.5474504249291785,0.6618150684931506,0.5992248062015504,0.8152251608291637
0,0.55,1.85,0.0,1.0,0.5474504249291785,0.6618150684931506,0.5992248062015504,0.8152251608291637
0,0.55,1.9,0.0,1.0,0.5471296952515946,0.660958904109589,0.5986816595579681,0.8150464617583989
0,0.55,1.9500000000000002,0.0,1.0,0.5471296952515946,0.660958904109589,0.5986816595579681,0.8150464617583989
0,0.55,2.0,0.0,1.0,0.5471296952515946,0.660958904109589,0.5986816595579681,0.8150464617583989
0,0.6000000000000001,1.0,0.0,1.0,0.5485871812543074,0.6815068493150684,0.6078655975563193,0.8164760543245175
0,0.6000000000000001,1.05,0.0,1.0,0.5482303955586398,0.6763698630136986,0.6055960137983902,0.8161186561829878
0,0.6000000000000001,1.1,0.0,1.0,0.5477351916376306,0.672945205479452,0.6039185555128698,0.8157612580414582
0,0.6000000000000001,1.15,0.0,1.0,0.5486354093771868,0.6712328767123288,0.6037735849056604,0.8161186561829878
0,0.6000000000000001,1.2,0.0,1.0,0.5483193277310925,0.6703767123287672,0.603235747303544,0.815939957112223
0,0.6000000000000001,1.25,0.0,1.0,0.5487719298245614,0.6695205479452054,0.6031623602005399,0.8161186561829878
0,0.6000000000000001,1.3,0.0,1.0,0.5491573033707865,0.6695205479452054,0.603395061728395,0.8162973552537527
0,0.6000000000000001,1.35,0.0,1.0,0.5489092188599578,0.6678082191780822,0.6025492468134415,0.8161186561829878
0,0.6000000000000001,1.4,0.0,1.0,0.5485915492957747,0.6669520547945206,0.6020092735703245,0.815939957112223
0,0.6000000000000001,1.45,0.0,1.0,0.5473833097595474,0.6626712328767124,0.5995352439969016,0.8152251608291637
0,0.6000000000000001,1.5,0.0,1.0,0.5474504249291785,0.6618150684931506,0.5992248062015504,0.8152251608291637
0,0.6000000000000001,1.55,0.0,1.0,0.5474504249291785,0.6618150684931506,0.5992248062015504,0.8152251608291637
0,0.6000000000000001,1.6,0.0,1.0,0.5464868701206529,0.6592465753424658,0.5975941016686068,0.8146890636168692
0,0.6000000000000001,1.65,0.0,1.0,0.5461647727272727,0.6583904109589042,0.5970496894409937,0.8145103645461044
0,0.6000000000000001,1.7000000000000002,0.0,1.0,0.5465529495380241,0.6583904109589042,0.5972815533980582,0.8146890636168692
0,0.6000000000000001,1.75,0.0,1.0,0.5465529495380241,0.6583904109589042,0.5972815533980582,0.8146890636168692
0,0.6000000000000001,1.8,0.0,1.0,0.5462304409672831,0.6575342465753424,0.5967365967365967,0.8145103645461044
0,0.6000000000000001,1.85,0.0,1.0,0.5455840455840456,0.6558219178082192,0.5956454121306376,0.8141529664045747
0,0.6000000000000001,1.9,0.0,1.0,0.5452601568068425,0.6549657534246576,0.5950991831971996,0.8139742673338098
0,0.6000000000000001,1.9500000000000002,0.0,1.0,0.5452601568068425,0.6549657534246576,0.5950991831971996,0.8139742673338098
0,0.6000000000000001,2.0,0.0,1.0,0.5452601568068425,0.6549657534246576,0.5950991831971996,0.8139742673338098
0,0.65,1.0,0.0,1.0,0.5485871812543074,0.6815068493150684,0.6078655975563193,0.8164760543245175
0,0.65,1.05,0.0,1.0,0.5479166666666667,0.675513698630137,0.6050613496932515,0.815939957112223
0,0.65,1.1,0.0,1.0,0.5478018143754362,0.6720890410958904,0.6036139946174548,0.8157612580414582
0,0.65,1.15,0.0,1.0,0.5480701754385965,0.6686643835616438,0.6023910528345546,0.8157612580414582
0,0.65,1.2,0.0,1.0,0.5485232067510548,0.6678082191780822,0.6023166023166022,0.815939957112223
0,0.65,1.25,0.0,1.0,0.5489781536293165,0.6669520547945206,0.6022419791264012,0.8161186561829878
0,0.65,1.3,0.0,1.0,0.5490472829922372,0.666095890410959,0.6019342359767892,0.8161186561829878
0,0.65,1.35,0.0,1.0,0.5491861288039632,0.6643835616438356,0.6013173188686556,0.8161186561829878
0,0.65,1.4,0.0,1.0,0.5482269503546099,0.6618150684931506,0.599689681923972,0.8155825589706933
0,0.65,1.45,0.0,1.0,0.5466856735566643,0.6566780821917808,0.5966549980552314,0.8146890636168692
0,0.65,1.5,0.0,1.0,0.5467523197715917,0.6558219178082192,0.5963409887115609,0.8146890636168692
0,0.65,1.55,0.0,1.0,0.5471428571428572,0.6558219178082192,0.5965732087227414,0.8148677626876341
0,0.65,1.6,0.0,1.0,0.5461703650680029,0.6532534246575342,0.5949317738791423,0.8143316654753395
0,0.65,1.65,0.0,1.0,0.5458452722063037,0.6523972602739726,0.594383775351014,0.8141529664045747
0,0.65,1.7000000000000002,0.0,1.0,0.546236559139785,0.6523972602739726,0.5946156847444402,0.8143316654753395
0,0.65,1.75,0.0,1.0,0.546236559139785,0.6523972602739726,0.5946156847444402,0.8143316654753395
0,0.65,1.8,0.0,1.0,0.5459110473457676,0.651541095890411,0.5940671350507415,0.8141529664045747
0,0.65,1.85,0.0,1.0,0.5452586206896551,0.6498287671232876,0.59296875,0.813795568263045
0,0.65,1.9,0.0,1.0,0.5449317038102085,0.648972602739726,0.5924189136381398,0.8136168691922802
0,0.65,1.9500000000000002,0.0,1.0,0.5446043165467626,0.6481164383561644,0.5918686473807663,0.8134381701215153
0,0.65,2.0,0.0,1.0,0.5446043165467626,0.6481164383561644,0.5918686473807663,0.8134381701215153
0,0.7000000000000001,1.0,0.0,1.0,0.5485871812543074,0.6815068493150684,0.6078655975563193,0.8164760543245175
0,0.7000000000000001,1.05,0.0,1.0,0.5480501392757661,0.6738013698630136,0.6044546850998465,0.815939957112223
0,0.7000000000000001,1.1,0.0,1.0,0.547302032235459,0.6686643835616438,0.6019267822736032,0.8154038598999285
0,0.7000000000000001,1.15,0.0,1.0,0.5469301340860974,0.663527397260274,0.5996131528046422,0.8150464617583989
0,0.7000000000000001,1.2,0.0,1.0,0.5473833097595474,0.6626712328767124,0.5995352439969016,0.8152251608291637
0,0.7000000000000001,1.25,0.0,1.0,0.5482269503546099,0.6618150684931506,0.599689681923972,0.8155825589706933
0,0.7000000000000001,1.3,0.0,1.0,0.5486851457000711,0.660958904109589,0.599611650485437,0.8157612580414582
0,0.7000000000000001,1.35,0.0,1.0,0.5492154065620543,0.6592465753424658,0.5992217898832685,0.815939957112223
0,0.7000000000000001,1.4,0.0,1.0,0.5476020042949177,0.6549657534246576,0.5964912280701755,0.8150464617583989
0,0.7000000000000001,1.45,0.0,1.0,0.5464362850971922,0.6498287671232876,0.5936644505279625,0.8143316654753395
0,0.7000000000000001,1.5,0.0,1.0,0.5465032444124008,0.648972602739726,0.5933463796477496,0.8143316654753395
0,0.7000000000000001,1.55,0.0,1.0,0.5465703971119134,0.6481164383561644,0.5930278104191148,0.8143316654753395
0,0.7000000000000001,1.6,0.0,1.0,0.5452570601013759,0.6446917808219178,0.5908199293840722,0.8136168691922802
0,0.7000000000000001,1.65,0.0,1.0,0.5445975344452502,0.6429794520547946,0.5897133882999608,0.8132594710507506
0,0.7000000000000001,1.7000000000000002,0.0,1.0,0.5449927431059507,0.6429794520547946,0.5899450117831894,0.8134381701215153
0,0.7000000000000001,1.75,0.0,1.0,0.5446623093681917,0.6421232876712328,0.5893909626719056,0.8132594710507506
0,0.7000000000000001,1.8,0.0,1.0,0.5443313953488372,0.6412671232876712,0.5888364779874213,0.8130807719799857
0,0.7000000000000001,1.85,0.0,1.0,0.5436681222707423,0.639554794520548,0.5877261998426436,0.812723373838456
0,0.7000000000000001,1.9,0.0,1.0,0.5433357611070648,0.6386986301369864,0.5871704053522235,0.8125446747676912
0,0.7000000000000001,1.9500000000000002,0.0,1.0,0.543002915451895,0.6378424657534246,0.5866141732283464,0.8123659756969264
0,0.7000000000000001,2.0,0.0,1.0,0.543002915451895,0.6378424657534246,0.5866141732283464,0.8123659756969264
0,0.75,1.0,0.0,1.0,0.5485871812543074,0.6815068493150684,0.6078655975563193,0.8164760543245175
0,0.75,1.05,0.0,1.0,0.5461538461538461,0.6686643835616438,0.6012317167051577,0.8148677626876341
0,0.75,1.1,0.0,1.0,0.5450704225352113,0.6626712328767124,0.598145285935085,0.8141529664045747
0,0.75,1.15,0.0,1.0,0.5444207533759773,0.6558219178082192,0.5949514563106796,0.8136168691922802
0,0.75,1.2,0.0,1.0,0.5442225392296719,0.6532534246575342,0.5937743190661479,0.8134381701215153
0,0.75,1.25,0.0,1.0,0.5444126074498568,0.6506849315068494,0.592823712948518,0.8134381701215153
0,0.75,1.3,0.0,1.0,0.543884892086331,0.6472602739726028,0.5910867865519936,0.8130807719799857
0,0.75,1.35,0.0,1.0,0.5444043321299639,0.6455479452054794,0.5906776341558949,0.8132594710507506
0,0.75,1.4,0.0,1.0,0.5427536231884058,0.6412671232876712,0.5879120879120879,0.8123659756969264
0,0.75,1.45,0.0,1.0,0.5415451895043731,0.6361301369863014,0.5850393700787402,0.811651179413867
0,0.75,1.5,0.0,1.0,0.5409356725146199,0.6335616438356164,0.583596214511041,0.8112937812723374
0,0.75,1.55,0.0,1.0,0.54099560761347,0.6327054794520548,0.5832675611681136,0.8112937812723374
0,0.75,1.6,0.0,1.0,0.539647577092511,0.6292808219178082,0.5810276679841897,0.810578984989278
0,0.75,1.65,0.0,1.0,0.5386313465783664,0.6267123287671232,0.5793430945785516,0.8100428877769835
0,0.75,1.7000000000000002,0.0,1.0,0.5390279823269514,0.6267123287671232,0.5795724465558195,0.8102215868477484
0,0.75,1.75,0.0,1.0,0.5383480825958702,0.625,0.5784469096671949,0.8098641887062187
0,0.75,1.8,0.0,1.0,0.5380073800738008,0.6241438356164384,0.5778834720570749,0.809685489635454
0,0.75,1.85,0.0,1.0,0.5369822485207101,0.6215753424657534,0.5761904761904763,0.8091493924231594
0,0.75,1.9,0.0,1.0,0.536639526276832,0.6207191780821918,0.575625248114331,0.8089706933523946
0,0.75,1.9500000000000002,0.0,1.0,0.535952557449963,0.6190068493150684,0.5744934445768772,0.8086132952108649
0,0.75,2.0,0.0,1.0,0.535952557449963,0.6190068493150684,0.5744934445768772,0.8086132952108649
0,0.8,1.0,0.0,1.0,0.5485871812543074,0.6815068493150684,0.6078655975563193,0.8164760543245175
0,0.8,1.05,0.0,1.0,0.5458362491252624,0.6678082191780822,0.6006931074316519,0.8146890636168692
0,0.8,1.1,0.0,1.0,0.544107268877911,0.6601027397260274,0.5965183752417794,0.8136168691922802
0,0.8,1.15,0.0,1.0,0.5434472934472935,0.6532534246575342,0.5933125972006221,0.8130807719799857
0,0.8,1.2,0.0,1.0,0.5436337625178826,0.6506849315068494,0.5923616523772409,0.8130807719799857
0,0.8,1.25,0.0,1.0,0.5434938892882818,0.6472602739726028,0.5908558030480657,0.8129020729092209
0,0.8,1.3,0.0,1.0,0.5430224150397687,0.6429794520547946,0.5887887103096825,0.8125446747676912
0,0.8,1.35,0.0,1.0,0.5435413642960812,0.6412671232876712,0.5883739198743126,0.812723373838456
0,0.8,1.4,0.0,1.0,0.5412107950401167,0.6352739726027398,0.5844820795588815,0.8114724803431023
0,0.8,1.45,0.0,1.0,0.539647577092511,0.6292808219178082,0.5810276679841897,0.810578984989278
0,0.8,1.5,0.0,1.0,0.5386882829771555,0.6258561643835616,0.579009900990099,0.8100428877769835
0,0.8,1.55,0.0,1.0,0.5387453874538746,0.625,0.5786761791518035,0.8100428877769835
0,0.8,1.6,0.0,1.0,0.537379718726869,0.6215753424657534,0.5764192139737991,0.8093280914939243
0,0.8,1.65,0.0,1.0,0.5360059391239792,0.6181506849315068,0.574155069582505,0.8086132952108649
0,0.8,1.7000000000000002,0.0,1.0,0.5364041604754829,0.6181506849315068,0.5743834526650755,0.8087919942816297
0,0.8,1.75,0.0,1.0,0.5353685778108712,0.615582191780822,0.5726802070888093,0.8082558970693352
0,0.8,1.8,0.0,1.0,0.5350223546944859,0.6147260273972602,0.5721115537848606,0.8080771979985704
0,0.8,1.85,0.0,1.0,0.5343796711509716,0.6121575342465754,0.5706304868316042,0.8077197998570408
0,0.8,1.9,0.0,1.0,0.5340314136125655,0.6113013698630136,0.5700598802395209,0.807541100786276
0,0.8,1.9500000000000002,0.0,1.0,0.5333333333333333,0.6095890410958904,0.568917299240911,0.8071837026447463
0,0.8,2.0,0.0,1.0,0.5333333333333333,0.6095890410958904,0.568917299240911,0.8071837026447463
0,0.8500000000000001,1.0,0.0,1.0,0.5485871812543074,0.6815068493150684,0.6078655975563193,0.8164760543245175
0,0.8500000000000001,1.05,0.0,1.0,0.5452631578947369,0.6652397260273972,0.5993058233706132,0.8143316654753395
0,0.8500000000000001,1.1,0.0,1.0,0.5432624113475177,0.6558219178082192,0.5942591155934833,0.8130807719799857
0,0.8500000000000001,1.15,0.0,1.0,0.5422636103151862,0.6481164383561644,0.5904836193447738,0.8123659756969264
0,0.8500000000000001,1.2,0.0,1.0,0.5428365730741541,0.6455479452054794,0.5897536175205319,0.8125446747676912
0,0.8500000000000001,1.25,0.0,1.0,0.5423606082548877,0.6412671232876712,0.587681443703413,0.8121872766261615
0,0.8500000000000001,1.3,0.0,1.0,0.5418790968681719,0.636986301369863,0.5855962219598583,0.8118298784846318
0,0.8500000000000001,1.35,0.0,1.0,0.5423976608187134,0.6352739726027398,0.585173501577287,0.8120085775553967
0,0.8500000000000001,1.4,0.0,1.0,0.5400440852314474,0.6292808219178082,0.5812574139976274,0.8107576840600429
0,0.8500000000000001,1.45,0.0,1.0,0.5381199111769059,0.622431506849315,0.577213179833267,0.809685489635454
0,0.8500000000000001,1.5,0.0,1.0,0.537147102526003,0.6190068493150684,0.575178997613365,0.8091493924231594
0,0.8500000000000001,1.55,0.0,1.0,0.5372023809523809,0.6181506849315068,0.5748407643312101,0.8091493924231594
0,0.8500000000000001,1.6,0.0,1.0,0.5351270553064275,0.613013698630137,0.5714285714285714,0.8080771979985704
0,0.8500000000000001,1.65,0.0,1.0,0.5333833458364591,0.6087328767123288,0.5685725709716113,0.8071837026447463
0,0.8500000000000001,1.7000000000000002,0.0,1.0,0.5337837837837838,0.6087328767123288,0.5688,0.8073624017155111
0,0.8500000000000001,1.75,0.0,1.0,0.5327313769751693,0.6061643835616438,0.5670804965959151,0.8068263045032166
0,0.8500000000000001,1.8,0.0,1.0,0.5323795180722891,0.6053082191780822,0.5665064102564102,0.8066476054324517
0,0.8500000000000001,1.85,0.0,1.0,0.5317220543806647,0.6027397260273972,0.565008025682183,0.806290207290922
0,0.8500000000000001,1.9,0.0,1.0,0.5310136157337367,0.601027397260274,0.5638554216867468,0.8059328091493925
0,0.8500000000000001,1.9500000000000002,0.0,1.0,0.5303030303030303,0.5993150684931506,0.5627009646302251,0.8055754110078628
0,0.8500000000000001,2.0,0.0,1.0,0.5303030303030303,0.5993150684931506,0.5627009646302251,0.8055754110078628
0,0.9,1.0,0.0,1.0,0.5485871812543074,0.6815068493150684,0.6078655975563193,0.8164760543245175
0,0.9,1.05,0.0,1.0,0.5452631578947369,0.6652397260273972,0.5993058233706132,0.8143316654753395
0,0.9,1.1,0.0,1.0,0.5436479772888574,0.6558219178082192,0.5944897167248739,0.8132594710507506
0,0.9,1.15,0.0,1.0,0.5426523297491039,0.6481164383561644,0.5907140070230199,0.8125446747676912
0,0.9,1.2,0.0,1.0,0.5432276657060519,0.6455479452054794,0.5899843505477308,0.812723373838456
0,0.9,1.25,0.0,1.0,0.5427536231884058,0.6412671232876712,0.5879120879120879,0.8123659756969264
0,0.9,1.3,0.0,1.0,0.5422740524781341,0.636986301369863,0.5858267716535434,0.8120085775553967
0,0.9,1.35,0.0,1.0,0.5421245421245421,0.6335616438356164,0.5842874062376627,0.8118298784846318
0,0.9,1.4,0.0,1.0,0.5397643593519882,0.627568493150685,0.5803642121931908,0.810578984989278
0,0.9,1.45,0.0,1.0,0.537833827893175,0.6207191780821918,0.5763116057233705,0.8095067905646891
0,0.9,1.5,0.0,1.0,0.5368577810871183,0.6172945205479452,0.574273197929112,0.8089706933523946
0,0.9,1.55,0.0,1.0,0.5365671641791044,0.615582191780822,0.5733652312599681,0.8087919942816297
0,0.9,1.6,0.0,1.0,0.5344827586206896,0.610445205479452,0.5699440447641887,0.8077197998570408
0,0.9,1.65,0.0,1.0,0.5323795180722891,0.6053082191780822,0.5665064102564102,0.8066476054324517
0,0.9,1.7000000000000002,0.0,1.0,0.5327807083647325,0.6053082191780822,0.5667334669338677,0.8068263045032166
0,0.9,1.75,0.0,1.0,0.5313681027966742,0.6018835616438356,0.5644319550381374,0.8061115082201572
0,0.9,1.8,0.0,1.0,0.5310136157337367,0.601027397260274,0.5638554216867468,0.8059328091493925
0,0.9,1.85,0.0,1.0,0.5303490136570561,0.598458904109589,0.5623491552695092,0.8055754110078628
0,0.9,1.9,0.0,1.0,0.5296352583586627,0.5967465753424658,0.5611916264090178,0.8052180128663331
0,0.9,1.9500000000000002,0.0,1.0,0.5285605483625285,0.5941780821917808,0.5594518339379283,0.8046819156540386
0,0.9,2.0,0.0,1.0,0.5285605483625285,0.5941780821917808,0.5594518339379283,0.8046819156540386
0,0.9500000000000001,1.0,0.0,1.0,0.5485871812543074,0.6815068493150684,0.6078655975563193,0.8164760543245175
0,0.9500000000000001,1.05,0.0,1.0,0.5452631578947369,0.6652397260273972,0.5993058233706132,0.8143316654753395
0,0.9500000000000001,1.1,0.0,1.0,0.5436479772888574,0.6558219178082192,0.5944897167248739,0.8132594710507506
0,0.9500000000000001,1.15,0.0,1.0,0.5426523297491039,0.6481164383561644,0.5907140070230199,0.8125446747676912
0,0.9500000000000001,1.2,0.0,1.0,0.5432276657060519,0.6455479452054794,0.5899843505477308,0.812723373838456
0,0.9500000000000001,1.25,0.0,1.0,0.542422044960116,0.6404109589041096,0.5873576756968983,0.8121872766261615
0,0.9500000000000001,1.3,0.0,1.0,0.5419401896425966,0.6361301369863014,0.5852697912564001,0.8118298784846318
0,0.9500000000000001,1.35,0.0,1.0,0.5417888563049853,0.6327054794520548,0.5837282780410742,0.811651179413867
0,0.9500000000000001,1.4,0.0,1.0,0.5390855457227138,0.6258561643835616,0.5792393026941364,0.8102215868477484
0,0.9500000000000001,1.45,0.0,1.0,0.537147102526003,0.6190068493150684,0.575178997613365,0.8091493924231594
0,0.9500000000000001,1.5,0.0,1.0,0.5361670395227442,0.615582191780822,0.5731367078517339,0.8086132952108649
0,0.9500000000000001,1.55,0.0,1.0,0.5358744394618834,0.6138698630136986,0.5722266560255387,0.8084345961401
0,0.9500000000000001,1.6,0.0,1.0,0.5337837837837838,0.6087328767123288,0.5688,0.8073624017155111
0,0.9500000000000001,1.65,0.0,1.0,0.5316742081447964,0.603595890410959,0.5653568564554933,0.806290207290922
0,0.9500000000000001,1.7000000000000002,0.0,1.0,0.5320754716981132,0.603595890410959,0.5655836341756919,0.8064689063616869
0,0.9500000000000001,1.75,0.0,1.0,0.5303030303030303,0.5993150684931506,0.5627009646302251,0.8055754110078628
0,0.9500000000000001,1.8,0.0,1.0,0.5299469294920395,0.598458904109589,0.5621230398069964,0.8053967119370979
0,0.9500000000000001,1.85,0.0,1.0,0.529277566539924,0.5958904109589042,0.5606121627064036,0.8050393137955683
0,0.9500000000000001,1.9,0.0,1.0,0.5285605483625285,0.5941780821917808,0.5594518339379283,0.8046819156540386
0,0.9500000000000001,1.9500000000000002,0.0,1.0,0.5274809160305344,0.5916095890410958,0.5577078288942695,0.8041458184417442
0,0.9500000000000001,2.0,0.0,1.0,0.5274809160305344,0.5916095890410958,0.5577078288942695,0.8041458184417442
0,1.0,1.0,0.0,1.0,0.5485871812543074,0.6815068493150684,0.6078655975563193,0.8164760543245175
0,1.0,1.05,0.0,1.0,0.5452631578947369,0.6652397260273972,0.5993058233706132,0.8143316654753395
0,1.0,1.1,0.0,1.0,0.5436479772888574,0.6558219178082192,0.5944897167248739,0.8132594710507506
0,1.0,1.15,0.0,1.0,0.5426523297491039,0.6481164383561644,0.5907140070230199,0.8125446747676912
0,1.0,1.2,0.0,1.0,0.5428983417447729,0.6446917808219178,0.5894324853228963,0.8125446747676912
0,1.0,1.25,0.0,1.0,0.5420899854862119,0.639554794520548,0.5868028279654359,0.8120085775553967
0,1.0,1.3,0.0,1.0,0.5416058394160584,0.6352739726027398,0.5847123719464146,0.811651179413867
0,1.0,1.35,0.0,1.0,0.541452677916361,0.6318493150684932,0.5831687080205452,0.8114724803431023
0,1.0,1.4,0.0,1.0,0.5387453874538746,0.625,0.5786761791518035,0.8100428877769835
0,1.0,1.45,0.0,1.0,0.5368029739776952,0.6181506849315068,0.5746120175089534,0.8089706933523946
0,1.0,1.5,0.0,1.0,0.5358208955223881,0.6147260273972602,0.5725677830940988,0.8084345961401
0,1.0,1.55,0.0,1.0,0.5355272999252056,0.613013698630137,0.5716566866267465,0.8082558970693352
0,1.0,1.6,0.0,1.0,0.5334335086401202,0.6078767123287672,0.5682272909163665,0.8071837026447463
0,1.0,1.65,0.0,1.0,0.5309667673716012,0.6018835616438356,0.5642054574638844,0.8059328091493925
0,1.0,1.7000000000000002,0.0,1.0,0.5313681027966742,0.6018835616438356,0.5644319550381374,0.8061115082201572
0,1.0,1.75,0.0,1.0,0.5295902883156297,0.5976027397260274,0.5615446500402252,0.8052180128663331
0,1.0,1.8,0.0,1.0,0.5292331055429005,0.5967465753424658,0.5609657947686116,0.8050393137955683
0,1.0,1.85,0.0,1.0,0.5285605483625285,0.5941780821917808,0.5594518339379283,0.8046819156540386
0,1.0,1.9,0.0,1.0,0.5278413424866514,0.5924657534246576,0.5582896329164986,0.8043245175125089
0,1.0,1.9500000000000002,0.0,1.0,0.5267584097859327,0.5898972602739726,0.5565428109854604,0.8037884203002145
0,1.0,2.0,0.0,1.0,0.5267584097859327,0.5898972602739726,0.5565428109854604,0.8037884203002145
0,0.0,1.0,0.0,1.0,0.5485871812543074,0.6815068493150684,0.6078655975563193,0.8164760543245175
0,0.0,1.0,0.0,1.05,0.5485871812543074,0.6815068493150684,0.6078655975563193,0.8164760543245175
0,0.0,1.0,0.0,1.1,0.5485871812543074,0.6815068493150684,0.6078655975563193,0.8164760543245175
0,0.0,1.0,0.0,1.15,0.5485871812543074,0.6815068493150684,0.6078655975563193,0.8164760543245175
0,0.0,1.0,0.0,1.2,0.5485871812543074,0.6815068493150684,0.6078655975563193,0.8164760543245175
0,0.0,1.0,0.0,1.25,0.5485871812543074,0.6815068493150684,0.6078655975563193,0.8164760543245175
0,0.0,1.0,0.0,1.3,0.5485871812543074,0.6815068493150684,0.6078655975563193,0.8164760543245175
0,0.0,1.0,0.0,1.35,0.5485871812543074,0.6815068493150684,0.6078655975563193,0.8164760543245175
0,0.0,1.0,0.0,1.4,0.5485871812543074,0.6815068493150684,0.6078655975563193,0.8164760543245175
0,0.0,1.0,0.0,1.45,0.5485871812543074,0.6815068493150684,0.6078655975563193,0.8164760543245175
0,0.0,1.0,0.0,1.5,0.5485871812543074,0.6815068493150684,0.6078655975563193,0.8164760543245175
0,0.0,1.0,0.0,1.55,0.5485871812543074,0.6815068493150684,0.6078655975563193,0.8164760543245175
0,0.0,1.0,0.0,1.6,0.5485871812543074,0.6815068493150684,0.6078655975563193,0.8164760543245175
0,0.0,1.0,0.0,1.65,0.5485871812543074,0.6815068493150684,0.6078655975563193,0.8164760543245175
0,0.0,1.0,0.0,1.7000000000000002,0.5485871812543074,0.6815068493150684,0.6078655975563193,0.8164760543245175
0,0.0,1.0,0.0,1.75,0.5485871812543074,0.6815068493150684,0.6078655975563193,0.8164760543245175
0,0.0,1.0,0.0,1.8,0.5485871812543074,0.6815068493150684,0.6078655975563193,0.8164760543245175
0,0.0,1.0,0.0,1.85,0.5485871812543074,0.6815068493150684,0.6078655975563193,0.8164760543245175
0,0.0,1.0,0.0,1.9,0.5485871812543074,0.6815068493150684,0.6078655975563193,0.8164760543245175
0,0.0,1.0,0.0,1.9500000000000002,0.5485871812543074,0.6815068493150684,0.6078655975563193,0.8164760543245175
0,0.0,1.0,0.0,2.0,0.5485871812543074,0.6815068493150684,0.6078655975563193,0.8164760543245175
0,0.0,1.0,0.05,1.0,0.5485871812543074,0.6815068493150684,0.6078655975563193,0.8164760543245175
0,0.0,1.0,0.05,1.05,0.5485871812543074,0.6815068493150684,0.6078655975563193,0.8164760543245175
0,0.0,1.0,0.05,1.1,0.5485871812543074,0.6815068493150684,0.6078655975563193,0.8164760543245175
0,0.0,1.0,0.05,1.15,0.5485871812543074,0.6815068493150684,0.6078655975563193,0.8164760543245175
0,0.0,1.0,0.05,1.2,0.5485871812543074,0.6815068493150684,0.6078655975563193,0.8164760543245175
0,0.0,1.0,0.05,1.25,0.5485871812543074,0.6815068493150684,0.6078655975563193,0.8164760543245175
0,0.0,1.0,0.05,1.3,0.5485871812543074,0.6815068493150684,0.6078655975563193,0.8164760543245175
0,0.0,1.0,0.05,1.35,0.5485871812543074,0.6815068493150684,0.6078655975563193,0.8164760543245175
0,0.0,1.0,0.05,1.4,0.5485871812543074,0.6815068493150684,0.6078655975563193,0.8164760543245175
0,0.0,1.0,0.05,1.45,0.5485871812543074,0.6815068493150684,0.6078655975563193,0.8164760543245175
0,0.0,1.0,0.05,1.5,0.5485871812543074,0.6815068493150684,0.6078655975563193,0.8164760543245175
0,0.0,1.0,0.05,1.55,0.5485871812543074,0.6815068493150684,0.6078655975563193,0.8164760543245175
0,0.0,1.0,0.05,1.6,0.5485871812543074,0.6815068493150684,0.6078655975563193,0.8164760543245175
0,0.0,1.0,0.05,1.65,0.5485871812543074,0.6815068493150684,0.6078655975563193,0.8164760543245175
0,0.0,1.0,0.05,1.7000000000000002,0.5485871812543074,0.6815068493150684,0.6078655975563193,0.8164760543245175
0,0.0,1.0,0.05,1.75,0.5485871812543074,0.6815068493150684,0.6078655975563193,0.8164760543245175
0,0.0,1.0,0.05,1.8,0.5485871812543074,0.6815068493150684,0.6078655975563193,0.8164760543245175
0,0.0,1.0,0.05,1.85,0.5485871812543074,0.6815068493150684,0.6078655975563193,0.8164760543245175
0,0.0,1.0,0.05,1.9,0.5485871812543074,0.6815068493150684,0.6078655975563193,0.8164760543245175
0,0.0,1.0,0.05,1.9500000000000002,0.5485871812543074,0.6815068493150684,0.6078655975563193,0.8164760543245175
0,0.0,1.0,0.05,2.0,0.5485871812543074,0.6815068493150684,0.6078655975563193,0.8164760543245175
0,0.0,1.0,0.1,1.0,0.5485871812543074,0.6815068493150684,0.6078655975563193,0.8164760543245175
0,0.0,1.0,0.1,1.05,0.5485871812543074,0.6815068493150684,0.6078655975563193,0.8164760543245175
0,0.0,1.0,0.1,1.1,0.5485871812543074,0.6815068493150684,0.6078655975563193,0.8164760543245175
0,0.0,1.0,0.1,1.15,0.5485871812543074,0.6815068493150684,0.6078655975563193,0.8164760543245175
0,0.0,1.0,0.1,1.2,0.5485871812543074,0.6815068493150684,0.6078655975563193,0.8164760543245175
0,0.0,1.0,0.1,1.25,0.5485871812543074,0.6815068493150684,0.6078655975563193,0.8164760543245175
0,0.0,1.0,0.1,1.3,0.5485871812543074,0.6815068493150684,0.6078655975563193,0.8164760543245175
0,0.0,1.0,0.1,1.35,0.5485871812543074,0.6815068493150684,0.6078655975563193,0.8164760543245175
0,0.0,1.0,0.1,1.4,0.5485871812543074,0.6815068493150684,0.6078655975563193,0.8164760543245175
0,0.0,1.0,0.1,1.45,0.5485871812543074,0.6815068493150684,0.6078655975563193,0.8164760543245175
0,0.0,1.0,0.1,1.5,0.5485871812543074,0.6815068493150684,0.6078655975563193,0.8164760543245175
0,0.0,1.0,0.1,1.55,0.5485871812543074,0.6815068493150684,0.6078655975563193,0.8164760543245175
0,0.0,1.0,0.1,1.6,0.5485871812543074,0.6815068493150684,0.6078655975563193,0.8164760543245175
0,0.0,1.0,0.1,1.65,0.5485871812543074,0.6815068493150684,0.6078655975563193,0.8164760543245175
0,0.0,1.0,0.1,1.7000000000000002,0.5485871812543074,0.6815068493150684,0.6078655975563193,0.8164760543245175
0,0.0,1.0,0.1,1.75,0.5485871812543074,0.6815068493150684,0.6078655975563193,0.8164760543245175
0,0.0,1.0,0.1,1.8,0.5485871812543074,0.6815068493150684,0.6078655975563193,0.8164760543245175
0,0.0,1.0,0.1,1.85,0.5485871812543074,0.6815068493150684,0.6078655975563193,0.8164760543245175
0,0.0,1.0,0.1,1.9,0.5485871812543074,0.6815068493150684,0.6078655975563193,0.8164760543245175
0,0.0,1.0,0.1,1.9500000000000002,0.5485871812543074,0.6815068493150684,0.6078655975563193,0.8164760543245175
0,0.0,1.0,0.1,2.0,0.5485871812543074,0.6815068493150684,0.6078655975563193,0.8164760543245175
0,0.0,1.0,0.15000000000000002,1.0,0.5485871812543074,0.6815068493150684,0.6078655975563193,0.8164760543245175
0,0.0,1.0,0.15000000000000002,1.05,0.5482758620689655,0.6806506849315068,0.6073338426279602,0.8162973552537527
0,0.0,1.0,0.15000000000000002,1.1,0.5482758620689655,0.6806506849315068,0.6073338426279602,0.8162973552537527
0,0.0,1.0,0.15000000000000002,1.15,0.5482758620689655,0.6806506849315068,0.6073338426279602,0.8162973552537527
0,0.0,1.0,0.15000000000000002,1.2,0.5482758620689655,0.6806506849315068,0.6073338426279602,0.8162973552537527
0,0.0,1.0,0.15000000000000002,1.25,0.5482758620689655,0.6806506849315068,0.6073338426279602,0.8162973552537527
0,0.0,1.0,0.15000000000000002,1.3,0.5482758620689655,0.6806506849315068,0.6073338426279602,0.8162973552537527
0,0.0,1.0,0.15000000000000002,1.35,0.5482758620689655,0.6806506849315068,0.6073338426279602,0.8162973552537527
0,0.0,1.0,0.15000000000000002,1.4,0.5482758620689655,0.6806506849315068,0.6073338426279602,0.8162973552537527
0,0.0,1.0,0.15000000000000002,1.45,0.5482758620689655,0.6806506849315068,0.6073338426279602,0.8162973552537527
0,0.0,1.0,0.15000000000000002,1.5,0.5482758620689655,0.6806506849315068,0.6073338426279602,0.8162973552537527
0,0.0,1.0,0.15000000000000002,1.55,0.5482758620689655,0.6806506849315068,0.6073338426279602,0.8162973552537527
0,0.0,1.0,0.15000000000000002,1.6,0.5482758620689655,0.6806506849315068,0.6073338426279602,0.8162973552537527
0,0.0,1.0,0.15000000000000002,1.65,0.5482758620689655,0.6806506849315068,0.6073338426279602,0.8162973552537527
0,0.0,1.0,0.15000000000000002,1.7000000000000002,0.5482758620689655,0.6806506849315068,0.6073338426279602,0.8162973552537527
0,0.0,1.0,0.15000000000000002,1.75,0.5482758620689655,0.6806506849315068,0.6073338426279602,0.8162973552537527
0,0.0,1.0,0.15000000000000002,1.8,0.5482758620689655,0.6806506849315068,0.6073338426279602,0.8162973552537527
0,0.0,1.0,0.15000000000000002,1.85,0.5482758620689655,0.6806506849315068,0.6073338426279602,0.8162973552537527
0,0.0,1.0,0.15000000000000002,1.9,0.5482758620689655,0.6806506849315068,0.6073338426279602,0.8162973552537527
0,0.0,1.0,0.15000000000000002,1.9500000000000002,0.5482758620689655,0.6806506849315068,0.6073338426279602,0.8162973552537527
0,0.0,1.0,0.15000000000000002,2.0,0.5482758620689655,0.6806506849315068,0.6073338426279602,0.8162973552537527
0,0.0,1.0,0.2,1.0,0.5485871812543074,0.6815068493150684,0.6078655975563193,0.8164760543245175
0,0.0,1.0,0.2,1.05,0.5482758620689655,0.6806506849315068,0.6073338426279602,0.8162973552537527
0,0.0,1.0,0.2,1.1,0.5479641131815045,0.6797945205479452,0.6068016813144822,0.8161186561829878
0,0.0,1.0,0.2,1.15,0.5483425414364641,0.6797945205479452,0.6070336391437309,0.8162973552537527
0,0.0,1.0,0.2,1.2,0.5491009681881052,0.6797945205479452,0.6074980872226473,0.8166547533952824
0,0.0,1.0,0.2,1.25,0.5491009681881052,0.6797945205479452,0.6074980872226473,0.8166547533952824
0,0.0,1.0,0.2,1.3,0.5487889273356401,0.6789383561643836,0.6069651741293532,0.8164760543245175
0,0.0,1.0,0.2,1.35,0.5488565488565489,0.678082191780822,0.6066641133665263,0.8164760543245175
0,0.0,1.0,0.2,1.4,0.5492371705963939,0.678082191780822,0.6068965517241379,0.8166547533952824
0,0.0,1.0,0.2,1.45,0.5492371705963939,0.678082191780822,0.6068965517241379,0.8166547533952824
0,0.0,1.0,0.2,1.5,0.549618320610687,0.678082191780822,0.6071291682637026,0.8168334524660472
0,0.0,1.0,0.2,1.55,0.5489923558026407,0.6763698630136986,0.6060606060606061,0.8164760543245175
0,0.0,1.0,0.2,1.6,0.5486787204450626,0.675513698630137,0.6055257099002302,0.8162973552537527
0,0.0,1.0,0.2,1.65,0.5486787204450626,0.675513698630137,0.6055257099002302,0.8162973552537527
0,0.0,1.0,0.2,1.7000000000000002,0.5483646485734168,0.6746575342465754,0.6049904030710173,0.8161186561829878
0,0.0,1.0,0.2,1.75,0.5483646485734168,0.6746575342465754,0.6049904030710173,0.8161186561829878
0,0.0,1.0,0.2,1.8,0.5483646485734168,0.6746575342465754,0.6049904030710173,0.8161186561829878
0,0.0,1.0,0.2,1.85,0.5483646485734168,0.6746575342465754,0.6049904030710173,0.8161186561829878
0,0.0,1.0,0.2,1.9,0.5483646485734168,0.6746575342465754,0.6049904030710173,0.8161186561829878
0,0.0,1.0,0.2,1.9500000000000002,0.5483646485734168,0.6746575342465754,0.6049904030710173,0.8161186561829878
0,0.0,1.0,0.2,2.0,0.5483646485734168,0.6746575342465754,0.6049904030710173,0.8161186561829878
0,0.0,1.0,0.25,1.0,0.5485871812543074,0.6815068493150684,0.6078655975563193,0.8164760543245175
0,0.0,1.0,0.25,1.05,0.5484764542936288,0.678082191780822,0.6064318529862175,0.8162973552537527
0,0.0,1.0,0.25,1.1,0.5479833101529903,0.6746575342465754,0.604758250191865,0.815939957112223
0,0.0,1.0,0.25,1.15,0.5466012613875263,0.6678082191780822,0.6011560693641619,0.8150464617583989
0,0.0,1.0,0.25,1.2,0.5474349964862966,0.6669520547945206,0.601312234658433,0.8154038598999285
0,0.0,1.0,0.25,1.25,0.5490472829922372,0.666095890410959,0.6019342359767892,0.8161186561829878
0,0.0,1.0,0.25,1.3,0.5487977369165488,0.6643835616438356,0.601084430673896,0.815939957112223
0,0.0,1.0,0.25,1.35,0.548936170212766,0.6626712328767124,0.600465477114042,0.815939957112223
0,0.0,1.0,0.25,1.4,0.5493958777540867,0.6618150684931506,0.6003883495145631,0.8161186561829878
0,0.0,1.0,0.25,1.45,0.5490753911806543,0.660958904109589,0.5998445998445999,0.815939957112223
0,0.0,1.0,0.25,1.5,0.5488239486813971,0.6592465753424658,0.5989887203422793,0.8157612580414582
0,0.0,1.0,0.25,1.55,0.5472103004291845,0.6549657534246576,0.5962587685113017,0.8148677626876341
0,0.0,1.0,0.25,1.6,0.546236559139785,0.6523972602739726,0.5946156847444402,0.8143316654753395
0,0.0,1.0,0.25,1.65,0.5466284074605452,0.6523972602739726,0.594847775175644,0.8145103645461044
0,0.0,1.0,0.25,1.7000000000000002,0.5456506110711719,0.6498287671232876,0.593200468933177,0.8139742673338098
0,0.0,1.0,0.25,1.75,0.5453890489913544,0.6481164383561644,0.5923317683881064,0.813795568263045
0,0.0,1.0,0.25,1.8,0.5450612833453496,0.6472602739726028,0.5917808219178082,0.8136168691922802
0,0.0,1.0,0.25,1.85,0.5450612833453496,0.6472602739726028,0.5917808219178082,0.8136168691922802
0,0.0,1.0,0.25,1.9,0.5450612833453496,0.6472602739726028,0.5917808219178082,0.8136168691922802
0,0.0,1.0,0.25,1.9500000000000002,0.5451263537906137,0.646404109589041,0.591461026243635,0.8136168691922802
0,0.0,1.0,0.25,2.0,0.5455202312138728,0.646404109589041,0.591692789968652,0.813795568263045
0,0.0,1.0,0.30000000000000004,1.0,0.5485871812543074,0.6815068493150684,0.6078655975563193,0.8164760543245175
0,0.0,1.0,0.30000000000000004,1.05,0.5513626834381551,0.675513698630137,0.6071565986918045,0.8175482487491065
0,0.0,1.0,0.30000000000000004,1.1,0.551092318534179,0.6695205479452054,0.6045612678778508,0.8171908506075768
0,0.0,1.0,0.30000000000000004,1.15,0.5523672883787661,0.6592465753424658,0.6010928961748634,0.8173695496783416
0,0.0,1.0,0.30000000000000004,1.2,0.554670528602462,0.6558219178082192,0.6010200078462142,0.8182630450321658
0,0.0,1.0,0.30000000000000004,1.25,0.5571010248901903,0.651541095890411,0.6006314127861089,0.81915654038599
0,0.0,1.0,0.30000000000000004,1.3,0.5580192165558019,0.646404109589041,0.5989686632288774,0.8193352394567548
0,0.0,1.0,0.30000000000000004,1.35,0.5582776540460282,0.6438356164383562,0.5980119284294234,0.8193352394567548
0,0.0,1.0,0.30000000000000004,1.4,0.5579655946148093,0.6386986301369864,0.5956087824351298,0.8189778413152251
0,0.0,1.0,0.30000000000000004,1.45,0.5573893473368342,0.6361301369863014,0.5941623350659736,0.8186204431736955
0,0.0,1.0,0.30000000000000004,1.5,0.557648831951771,0.6335616438356164,0.593186372745491,0.8186204431736955
0,0.0,1.0,0.30000000000000004,1.55,0.5553030303030303,0.627568493150685,0.5892282958199357,0.8173695496783416
0,0.0,1.0,0.30000000000000004,1.6,0.5539513677811551,0.6241438356164384,0.5869565217391305,0.8166547533952824
0,0.0,1.0,0.30000000000000004,1.65,0.5543726235741445,0.6241438356164384,0.5871929118002417,0.8168334524660472
0,0.0,1.0,0.30000000000000004,1.7000000000000002,0.5530129672006102,0.6207191780821918,0.5849132714804357,0.8161186561829878
0,0.0,1.0,0.30000000000000004,1.75,0.5524100994644223,0.6181506849315068,0.5834343434343434,0.8157612580414582
0,0.0,1.0,0.30000000000000004,1.8,0.5521472392638037,0.6164383561643836,0.5825242718446602,0.8155825589706933
0,0.0,1.0,0.30000000000000004,1.85,0.5518035303146585,0.615582191780822,0.5819506272764063,0.8154038598999285
0,0.0,1.0,0.30000000000000004,1.9,0.5518035303146585,0.615582191780822,0.5819506272764063,0.8154038598999285
0,0.0,1.0,0.30000000000000004,1.9500000000000002,0.5519630484988453,0.6138698630136986,0.5812728009728415,0.8154038598999285
0,0.0,1.0,0.30000000000000004,2.0,0.5523882896764253,0.6138698630136986,0.5815085158150852,0.8155825589706933
0,0.0,1.0,0.35000000000000003,1.0,0.5485871812543074,0.6815068493150684,0.6078655975563193,0.8164760543245175
0,0.0,1.0,0.35000000000000003,1.05,0.5545325779036827,0.6703767123287672,0.6069767441860465,0.8187991422444604
0,0.0,1.0,0.35000000000000003,1.1,0.5570809248554913,0.6601027397260274,0.6042319749216302,0.8195139385275196
0,0.0,1.0,0.35000000000000003,1.15,0.5585185185185185,0.6455479452054794,0.5988880063542494,0.8195139385275196
0,0.0,1.0,0.35000000000000003,1.2,0.5628787878787879,0.6361301369863014,0.5972668810289389,0.8209435310936383
0,0.0,1.0,0.35000000000000003,1.25,0.5646153846153846,0.6284246575342466,0.5948136142625607,0.821300929235168
0,0.0,1.0,0.35000000000000003,1.3,0.5662745098039216,0.6181506849315068,0.5910765452312731,0.8214796283059328
0,0.0,1.0,0.35000000000000003,1.35,0.566350710900474,0.6138698630136986,0.589153656532457,0.821300929235168
0,0.0,1.0,0.35000000000000003,1.4,0.5672,0.6070205479452054,0.586435070306038,0.821300929235168
0,0.0,1.0,0.35000000000000003,1.45,0.5654281098546042,0.5993150684931506,0.5818786367414797,0.820228734810579
0,0.0,1.0,0.35000000000000003,1.5,0.5663140764849471,0.5958904109589042,0.5807259073842302,0.8204074338813439
0,0.0,1.0,0.35000000000000003,1.55,0.5634725634725635,0.589041095890411,0.5759732105483466,0.8189778413152251
0,0.0,1.0,0.35000000000000003,1.6,0.5616776315789473,0.5847602739726028,0.572986577181208,0.818084345961401
0,0.0,1.0,0.35000000000000003,1.65,0.5611570247933885,0.5813356164383562,0.5710681244743483,0.8177269478198713
0,0.0,1.0,0.35000000000000003,1.7000000000000002,0.5598006644518272,0.577054794520548,0.5682967959527825,0.8170121515368121
0,0.0,1.0,0.35000000000000003,1.75,0.5597326649958229,0.5736301369863014,0.5665961945031712,0.8168334524660472
0,0.0,1.0,0.35000000000000003,1.8,0.5580808080808081,0.5676369863013698,0.562818336162988,0.815939957112223
0,0.0,1.0,0.35000000000000003,1.85,0.5577085088458298,0.5667808219178082,0.5622080679405521,0.8157612580414582
0,0.0,1.0,0.35000000000000003,1.9,0.5573355817875211,0.5659246575342466,0.5615972812234494,0.8155825589706933
0,0.0,1.0,0.35000000000000003,1.9500000000000002,0.5571549534292972,0.5633561643835616,0.5602383993188591,0.8154038598999285
0,0.0,1.0,0.35000000000000003,2.0,0.5576271186440678,0.5633561643835616,0.5604770017035775,0.8155825589706933
0,0.0,1.0,0.4,1.0,0.5485871812543074,0.6815068493150684,0.6078655975563193,0.8164760543245175
0,0.0,1.0,0.4,1.05,0.5549215406562055,0.666095890410959,0.6054474708171207,0.8187991422444604
0,0.0,1.0,0.4,1.1,0.5613519470977223,0.6541095890410958,0.6041913799920917,0.8211222301644031
0,0.0,1.0,0.4,1.15,0.5643939393939394,0.6378424657534246,0.5988745980707395,0.8216583273766976
0,0.0,1.0,0.4,1.2,0.5698672911787666,0.625,0.5961616986525112,0.8232666190135811
0,0.0,1.0,0.4,1.25,0.5733652312599681,0.615582191780822,0.5937241948802642,0.8241601143674053
0,0.0,1.0,0.4,1.3,0.5738916256157636,0.598458904109589,0.5859178541492036,0.823445318084346
0,0.0,1.0,0.4,1.35,0.5737976782752903,0.5924657534246576,0.5829823083403539,0.8230879199428163
0,0.0,1.0,0.4,1.4,0.573715248525695,0.5830479452054794,0.578343949044586,0.8225518227305219
0,0.0,1.0,0.4,1.45,0.5719148936170213,0.5753424657534246,0.5736235595390524,0.8214796283059328
0,0.0,1.0,0.4,1.5,0.5743766122098022,0.571917808219178,0.5731445731445731,0.8221944245889922
0,0.0,1.0,0.4,1.55,0.572419774501301,0.565068493150685,0.5687203791469194,0.8211222301644031
0,0.0,1.0,0.4,1.6,0.5705574912891986,0.5607876712328768,0.5656303972366149,0.820228734810579
0,0.0,1.0,0.4,1.65,0.5697980684811238,0.5556506849315068,0.5626354573038578,0.8196926375982845
0,0.0,1.0,0.4,1.7000000000000002,0.5684024713150927,0.5513698630136986,0.5597566275532376,0.8189778413152251
0,0.0,1.0,0.4,1.75,0.5676156583629893,0.5462328767123288,0.5567190226876091,0.8184417441029307
0,0.0,1.0,0.4,1.8,0.5655296229802513,0.5393835616438356,0.5521472392638036,0.8173695496783416
0,0.0,1.0,0.4,1.85,0.564748201438849,0.5376712328767124,0.5508771929824562,0.8170121515368121
0,0.0,1.0,0.4,1.9,0.5643564356435643,0.5368150684931506,0.5502413339183851,0.8168334524660472
0,0.0,1.0,0.4,1.9500000000000002,0.5634057971014492,0.5325342465753424,0.5475352112676055,0.8162973552537527
0,0.0,1.0,0.4,2.0,0.5635208711433757,0.5316780821917808,0.547136563876652,0.8162973552537527
0,0.0,1.0,0.45,1.0,0.5490331491712708,0.6806506849315068,0.6077981651376148,0.8166547533952824
0,0.0,1.0,0.45,1.05,0.5571531272465852,0.663527397260274,0.6057053536537711,0.8196926375982845
0,0.0,1.0,0.45,1.1,0.5640834575260805,0.6481164383561644,0.6031872509960159,0.8220157255182273
0,0.0,1.0,0.45,1.15,0.5681114551083591,0.6284246575342466,0.5967479674796747,0.8227305218012866
0,0.0,1.0,0.45,1.2,0.5753205128205128,0.6147260273972602,0.5943708609271523,0.8248749106504646
0,0.0,1.0,0.45,1.25,0.5779967159277504,0.6027397260273972,0.5901089689857502,0.8252323087919943
0,0.0,1.0,0.45,1.3,0.5791701947502117,0.5856164383561644,0.5823754789272031,0.8246962115796997
0,0.0,1.0,0.45,1.35,0.5792630676949443,0.5787671232876712,0.5790149892933618,0.8243388134381702
0,0.0,1.0,0.45,1.4,0.5790393013100437,0.5676369863013698,0.5732814526588845,0.8236240171551108
0,0.0,1.0,0.45,1.45,0.5773651635720601,0.5590753424657534,0.5680730752501087,0.8225518227305219
0,0.0,1.0,0.45,1.5,0.5806451612903226,0.5547945205479452,0.5674255691768826,0.823445318084346
0,0.0,1.0,0.45,1.55,0.5786618444846293,0.547945205479452,0.5628847845206685,0.822373123659757
0,0.0,1.0,0.45,1.6,0.577939835916135,0.5428082191780822,0.559823399558499,0.8218370264474625
0,0.0,1.0,0.45,1.65,0.576427255985267,0.535958904109589,0.5554569653948537,0.8209435310936383
0,0.0,1.0,0.45,1.7000000000000002,0.575,0.5316780821917808,0.552491103202847,0.820228734810579
0,0.0,1.0,0.45,1.75,0.5742296918767507,0.526541095890411,0.5493523894595802,0.8196926375982845
0,0.0,1.0,0.45,1.8,0.5716981132075472,0.5188356164383562,0.5439856373429084,0.8184417441029307
0,0.0,1.0,0.45,1.85,0.5714285714285714,0.5171232876712328,0.5429213483146067,0.8182630450321658
0,0.0,1.0,0.45,1.9,0.5706161137440758,0.5154109589041096,0.5416104363472786,0.8179056468906362
0,0.0,1.0,0.45,1.9500000000000002,0.5696564885496184,0.5111301369863014,0.5388086642599278,0.8173695496783416
0,0.0,1.0,0.45,2.0,0.5689655172413793,0.5085616438356164,0.5370705244122966,0.8170121515368121
0,0.0,1.0,0.5,1.0,0.5490331491712708,0.6806506849315068,0.6077981651376148,0.8166547533952824
0,0.0,1.0,0.5,1.05,0.5574007220216607,0.660958904109589,0.6047786917352135,0.8196926375982845
0,0.0,1.0,0.5,1.1,0.5661654135338345,0.6446917808219178,0.6028823058446758,0.8227305218012866
0,0.0,1.0,0.5,1.15,0.5699765441751369,0.6241438356164384,0.5958316305680424,0.8232666190135811
0,0.0,1.0,0.5,1.2,0.5789902280130294,0.6087328767123288,0.5934891485809682,0.8259471050750536
0,0.0,1.0,0.5,1.25,0.5808885163453479,0.5933219178082192,0.5870393900889453,0.8257684060042888
0,0.0,1.0,0.5,1.3,0.5823223570190641,0.5753424657534246,0.5788113695090438,0.8252323087919943
0,0.0,1.0,0.5,1.35,0.5826010544815465,0.5676369863013698,0.5750216825672159,0.8248749106504646
0,0.0,1.0,0.5,1.4,0.5816876122082585,0.5547945205479452,0.5679228746713408,0.8238027162258756
0,0.0,1.0,0.5,1.45,0.5812043795620438,0.5453767123287672,0.5627208480565371,0.8230879199428163
0,0.0,1.0,0.5,1.5,0.5851851851851851,0.541095890410959,0.5622775800711745,0.8241601143674053
0,0.0,1.0,0.5,1.55,0.5833333333333334,0.5333904109589042,0.5572450805008945,0.8230879199428163
0,0.0,1.0,0.5,1.6,0.5822306238185255,0.5273972602739726,0.5534591194968554,0.822373123659757
0,0.0,1.0,0.5,1.65,0.5807067812798472,0.5205479452054794,0.5489841986455982,0.8214796283059328
0,0.0,1.0,0.5,1.7000000000000002,0.5784408084696824,0.514554794520548,0.5446307204349796,0.8204074338813439
0,0.0,1.0,0.5,1.75,0.5776699029126213,0.509417808219178,0.5414012738853502,0.8198713366690493
0,0.0,1.0,0.5,1.8,0.5742379547689282,0.5,0.5345537757437071,0.8182630450321658
0,0.0,1.0,0.5,1.85,0.5735439289239882,0.4974315068493151,0.5327831270059606,0.8179056468906362
0,0.0,1.0,0.5,1.9,0.5727002967359051,0.4957191780821918,0.5314364387333639,0.8175482487491065
0,0.0,1.0,0.5,1.9500000000000002,0.5712861415752741,0.4905821917808219,0.5278673422385997,0.8168334524660472
0,0.0,1.0,0.5,2.0,0.570281124497992,0.4863013698630137,0.5249537892791127,0.8162973552537527
0,0.0,1.0,0.55,1.0,0.5490331491712708,0.6806506849315068,0.6077981651376148,0.8166547533952824
0,0.0,1.0,0.55,1.05,0.5612244897959183,0.6592465753424658,0.6062992125984251,0.821300929235168
0,0.0,1.0,0.55,1.1,0.5728527607361963,0.639554794520548,0.6043689320388349,0.8252323087919943
0,0.0,1.0,0.55,1.15,0.5797914995990376,0.6190068493150684,0.5987577639751552,0.8268406004288777
0,0.0,1.0,0.55,1.2,0.5902192242833052,0.5993150684931506,0.594732370433305,0.8295210864903503
0,0.0,1.0,0.55,1.25,0.5938864628820961,0.5821917808219178,0.5879809770860355,0.8296997855611151
0,0.0,1.0,0.55,1.3,0.5969062784349408,0.5616438356164384,0.5787384208204676,0.8293423874195854
0,0.0,1.0,0.55,1.35,0.5985198889916744,0.5539383561643836,0.5753668297020899,0.8293423874195854
0,0.0,1.0,0.55,1.4,0.5979087452471483,0.538527397260274,0.5666666666666667,0.8280914939242316
0,0.0,1.0,0.55,1.45,0.5990291262135923,0.5282534246575342,0.5614194722474977,0.827734095782702
0,0.0,1.0,0.55,1.5,0.6049504950495049,0.5231164383561644,0.5610651974288339,0.8291636883488206
0,0.0,1.0,0.55,1.55,0.6032064128256514,0.5154109589041096,0.5558633425669437,0.8280914939242316
0,0.0,1.0,0.55,1.6,0.6024340770791075,0.5085616438356164,0.5515320334261838,0.8273766976411723
0,0.0,1.0,0.55,1.65,0.6012332990750257,0.5008561643835616,0.5464736104624006,0.8264832022873481
0,0.0,1.0,0.55,1.7000000000000002,0.5989637305699482,0.4948630136986301,0.5419596812001876,0.8254110078627591
0,0.0,1.0,0.55,1.75,0.5983263598326359,0.4897260273972603,0.5386064030131826,0.8248749106504646
0,0.0,1.0,0.55,1.8,0.5944798301486199,0.4794520547945205,0.5308056872037914,0.8230879199428163
0,0.0,1.0,0.55,1.85,0.594855305466238,0.4751712328767123,0.5283198476915754,0.8229092208720514
0,0.0,1.0,0.55,1.9,0.5935483870967742,0.4726027397260274,0.5262154432793136,0.822373123659757
0,0.0,1.0,0.55,1.9500000000000002,0.5917480998914224,0.4666095890410959,0.5217807563427477,0.8214796283059328
0,0.0,1.0,0.55,2.0,0.5908096280087527,0.4623287671232877,0.5187319884726225,0.8209435310936383
0,0.0,1.0,0.6000000000000001,1.0,0.5490331491712708,0.6806506849315068,0.6077981651376148,0.8166547533952824
0,0.0,1.0,0.6000000000000001,1.05,0.5634629493763756,0.6575342465753424,0.6068747530620308,0.8221944245889922
0,0.0,1.0,0.6000000000000001,1.1,0.5764158262218774,0.6361301369863014,0.6048026048026048,0.8264832022873481
0,0.0,1.0,0.6000000000000001,1.15,0.5836734693877551,0.6121575342465754,0.5975762641036356,0.8279127948534668
0,0.0,1.0,0.6000000000000001,1.2,0.5970664365832614,0.5924657534246576,0.5947571981091534,0.8314867762687634
0,0.0,1.0,0.6000000000000001,1.25,0.6016114592658908,0.5753424657534246,0.5881838074398248,0.831844174410293
0,0.0,1.0,0.6000000000000001,1.3,0.6050656660412758,0.5522260273972602,0.5774395702775291,0.8313080771979986
0,0.0,1.0,0.6000000000000001,1.35,0.6066985645933014,0.5428082191780822,0.5729778581111614,0.8311293781272338
0,0.0,1.0,0.6000000000000001,1.4,0.6062992125984252,0.5273972602739726,0.5641025641025641,0.82987848463188
0,0.0,1.0,0.6000000000000001,1.45,0.6078629032258065,0.5162671232876712,0.5583333333333333,0.8295210864903503
0,0.0,1.0,0.6000000000000001,1.5,0.6144329896907217,0.5102739726027398,0.5575304022450888,0.8309506790564689
0,0.0,1.0,0.6000000000000001,1.55,0.61337513061651,0.502568493150685,0.552470588235294,0.8300571837026447
0,0.0,1.0,0.6000000000000001,1.6,0.6125933831376734,0.4914383561643836,0.5453681710213777,0.8289849892780558
0,0.0,1.0,0.6000000000000001,1.65,0.6123778501628665,0.4828767123287671,0.5399712781235041,0.8282701929949964
0,0.0,1.0,0.6000000000000001,1.7000000000000002,0.6100766703176341,0.4768835616438356,0.5353195579048534,0.8271979985704074
0,0.0,1.0,0.6000000000000001,1.75,0.6095132743362832,0.4717465753424658,0.531853281853282,0.8266619013581129
0,0.0,1.0,0.6000000000000001,1.8,0.6056179775280899,0.461472602739726,0.5238095238095237,0.8248749106504646
0,0.0,1.0,0.6000000000000001,1.85,0.6056818181818182,0.4563356164383562,0.5205078125,0.8245175125089349
0,0.0,1.0,0.6000000000000001,1.9,0.6038812785388128,0.4529109589041096,0.5176125244618395,0.8238027162258756
0,0.0,1.0,0.6000000000000001,1.9500000000000002,0.6027713625866051,0.4469178082191781,0.5132743362831859,0.8230879199428163
0,0.0,1.0,0.6000000000000001,2.0,0.6009334889148191,0.4409246575342466,0.5086419753086421,0.8221944245889922
0,0.0,1.0,0.65,1.0,0.5490331491712708,0.6806506849315068,0.6077981651376148,0.8166547533952824
0,0.0,1.0,0.65,1.05,0.5619896065330364,0.6481164383561644,0.6019880715705764,0.8211222301644031
0,0.0,1.0,0.65,1.1,0.5760697305863708,0.622431506849315,0.5983539094650205,0.825589706933524
0,0.0,1.0,0.65,1.15,0.5870479394449117,0.5976027397260274,0.5922783198981757,0.8282701929949964
0,0.0,1.0,0.65,1.2,0.6023339317773788,0.574486301369863,0.5880806310254164,0.8320228734810579
0,0.0,1.0,0.65,1.25,0.6063730084348641,0.5539383561643836,0.5789709172259507,0.831844174410293
0,0.0,1.0,0.65,1.3,0.6105054509415263,0.5273972602739726,0.5659163987138264,0.8311293781272338
0,0.0,1.0,0.65,1.35,0.6148373983739838,0.5179794520547946,0.5622676579925651,0.8316654753395283
0,0.0,1.0,0.65,1.4,0.6139240506329114,0.4982876712328767,0.5500945179584121,0.82987848463188
0,0.0,1.0,0.65,1.45,0.616557734204793,0.4845890410958904,0.5426653883029722,0.8295210864903503
0,0.0,1.0,0.65,1.5,0.6241610738255033,0.4777397260273973,0.5412221144519883,0.8309506790564689
0,0.0,1.0,0.65,1.55,0.6241457858769932,0.4691780821917808,0.5356793743890519,0.8302358827734095
0,0.0,1.0,0.65,1.6,0.6229508196721312,0.4554794520547945,0.5262116716122651,0.8288062902072909
0,0.0,1.0,0.65,1.65,0.6235011990407674,0.4452054794520548,0.5194805194805195,0.8280914939242316
0,0.0,1.0,0.65,1.7000000000000002,0.6201456310679612,0.4375,0.5130522088353413,0.8266619013581129
0,0.0,1.0,0.65,1.75,0.6196319018404908,0.4323630136986301,0.5093292990418558,0.8261258041458185
0,0.0,1.0,0.65,1.8,0.6154806491885143,0.4220890410958904,0.5007618080243779,0.8243388134381702
0,0.0,1.0,0.65,1.85,0.6154822335025381,0.4152397260273973,0.49591002044989785,0.8238027162258756
0,0.0,1.0,0.65,1.9,0.6138107416879796,0.410958904109589,0.4923076923076923,0.8230879199428163
0,0.0,1.0,0.65,1.9500000000000002,0.612987012987013,0.4041095890410959,0.4871001031991744,0.822373123659757
0,0.0,1.0,0.65,2.0,0.6110381077529566,0.3981164383561644,0.4821150855365474,0.8214796283059328
0,0.0,1.0,0.7000000000000001,1.0,0.5490331491712708,0.6806506849315068,0.6077981651376148,0.8166547533952824
0,0.0,1.0,0.7000000000000001,1.05,0.5657400450788881,0.6446917808219178,0.6026410564225692,0.8225518227305219
0,0.0,1.0,0.7000000000000001,1.1,0.5833333333333334,0.6172945205479452,0.5998336106489185,0.8280914939242316
0,0.0,1.0,0.7000000000000001,1.15,0.5972222222222222,0.589041095890411,0.593103448275862,0.8313080771979986
0,0.0,1.0,0.7000000000000001,1.2,0.6162464985994398,0.565068493150685,0.5895489057615008,0.8357755539671193
0,0.0,1.0,0.7000000000000001,1.25,0.6203522504892368,0.5428082191780822,0.5789954337899543,0.8352394567548249
0,0.0,1.0,0.7000000000000001,1.3,0.6261682242990654,0.5162671232876712,0.5659314875645237,0.8347033595425304
0,0.0,1.0,0.7000000000000001,1.35,0.6310160427807486,0.5051369863013698,0.5611031859248692,0.8350607576840601
0,0.0,1.0,0.7000000000000001,1.4,0.6331096196868009,0.4845890410958904,0.5489815712900097,0.8338098641887062
0,0.0,1.0,0.7000000000000001,1.45,0.6376306620209059,0.4700342465753425,0.5411532774765895,0.8336311651179414
0,0.0,1.0,0.7000000000000001,1.5,0.6463560334528077,0.4631849315068493,0.5396508728179551,0.8350607576840601
0,0.0,1.0,0.7000000000000001,1.55,0.6483516483516484,0.4546232876712329,0.5344740815299447,0.8347033595425304
0,0.0,1.0,0.7000000000000001,1.6,0.648171500630517,0.4400684931506849,0.5242223355430902,0.8332737669764118
0,0.0,1.0,0.7000000000000001,1.65,0.6506493506493507,0.4289383561643836,0.5170278637770899,0.8327376697641172
0,0.0,1.0,0.7000000000000001,1.7000000000000002,0.6472919418758256,0.4195205479452055,0.5090909090909091,0.8311293781272338
0,0.0,1.0,0.7000000000000001,1.75,0.6479250334672021,0.4143835616438356,0.5054830287206267,0.8307719799857041
0,0.0,1.0,0.7000000000000001,1.8,0.644808743169399,0.4041095890410959,0.49684210526315786,0.8291636883488206
0,0.0,1.0,0.7000000000000001,1.85,0.6475524475524476,0.3964041095890411,0.4917684545937334,0.8289849892780558
0,0.0,1.0,0.7000000000000001,1.9,0.6463932107496464,0.3912671232876712,0.48746666666666666,0.8282701929949964
0,0.0,1.0,0.7000000000000001,1.9500000000000002,0.6455331412103746,0.3835616438356164,0.481203007518797,0.8273766976411723
0,0.0,1.0,0.7000000000000001,2.0,0.6442166910688141,0.3767123287671233,0.4754186925985954,0.8264832022873481
0,0.0,1.0,0.75,1.0,0.5490331491712708,0.6806506849315068,0.6077981651376148,0.8166547533952824
0,0.0,1.0,0.75,1.05,0.5666917859834213,0.6438356164383562,0.6028056112224449,0.8229092208720514
0,0.0,1.0,0.75,1.1,0.5857843137254902,0.6138698630136986,0.5994983277591973,0.8288062902072909
0,0.0,1.0,0.75,1.15,0.6001757469244289,0.5847602739726028,0.5923677363399827,0.8320228734810579
0,0.0,1.0,0.75,1.2,0.6202651515151515,0.5607876712328768,0.5890287769784174,0.8366690493209435
0,0.0,1.0,0.75,1.25,0.6273726273726273,0.5376712328767124,0.5790686952512679,0.8368477483917084
0,0.0,1.0,0.75,1.3,0.6364605543710021,0.5111301369863014,0.566951566951567,0.8370264474624732
0,0.0,1.0,0.75,1.35,0.6431718061674009,0.5,0.5626204238921001,0.8377412437455325
0,0.0,1.0,0.75,1.4,0.6469907407407407,0.4785958904109589,0.5501968503937008,0.8366690493209435
0,0.0,1.0,0.75,1.45,0.6532846715328468,0.4597602739726027,0.5396984924623116,0.8363116511794139
0,0.0,1.0,0.75,1.5,0.6633165829145728,0.4520547945205479,0.5376782077393075,0.8377412437455325
0,0.0,1.0,0.75,1.55,0.6658097686375322,0.4434931506849315,0.5323741007194245,0.8373838456040028
0,0.0,1.0,0.75,1.6,0.6662216288384513,0.4272260273972603,0.520605112154408,0.8357755539671193
0,0.0,1.0,0.75,1.65,0.669889502762431,0.4152397260273973,0.5126849894291755,0.8352394567548249
0,0.0,1.0,0.75,1.7000000000000002,0.6671368124118476,0.4049657534246575,0.5039957378795952,0.8336311651179414
0,0.0,1.0,0.75,1.75,0.6680972818311874,0.3998287671232877,0.5002678093197644,0.8332737669764118
0,0.0,1.0,0.75,1.8,0.6661786237188873,0.3895547945205479,0.49162614802809296,0.831844174410293
0,0.0,1.0,0.75,1.85,0.6706766917293233,0.3818493150684932,0.48663393344244416,0.831844174410293
0,0.0,1.0,0.75,1.9,0.6707503828483921,0.375,0.48105436573311366,0.8311293781272338
0,0.0,1.0,0.75,1.9500000000000002,0.6703125,0.3672945205479452,0.47455752212389385,0.8302358827734095
0,0.0,1.0,0.75,2.0,0.6693163751987281,0.3604452054794521,0.4685587089593768,0.8293423874195854
0,0.0,1.0,0.8,1.0,0.5490331491712708,0.6806506849315068,0.6077981651376148,0.8166547533952824
0,0.0,1.0,0.8,1.05,0.5673003802281369,0.6386986301369864,0.6008860249697947,0.8229092208720514
0,0.0,1.0,0.8,1.1,0.5887230514096186,0.6078767123287672,0.5981465880370681,0.8295210864903503
0,0.0,1.0,0.8,1.15,0.6044843049327354,0.577054794520548,0.5904511607533947,0.8329163688348821
0,0.0,1.0,0.8,1.2,0.6242718446601941,0.550513698630137,0.5850773430391264,0.8370264474624732
0,0.0,1.0,0.8,1.25,0.6332644628099173,0.5248287671232876,0.5739700374531835,0.8373838456040028
0,0.0,1.0,0.8,1.3,0.6462053571428571,0.4957191780821918,0.561046511627907,0.8380986418870622
0,0.0,1.0,0.8,1.35,0.6577415599534342,0.4837328767123288,0.557474099654662,0.8397069335239457
0,0.0,1.0,0.8,1.4,0.6625615763546798,0.4606164383561644,0.5434343434343434,0.8384560400285919
0,0.0,1.0,0.8,1.45,0.673202614379085,0.4409246575342466,0.5328504914640455,0.8386347390993567
0,0.0,1.0,0.8,1.5,0.6842818428184282,0.4323630136986301,0.5299055613850997,0.8398856325947105
0,0.0,1.0,0.8,1.55,0.6889818688981869,0.4229452054794521,0.5241379310344827,0.8397069335239457
0,0.0,1.0,0.8,1.6,0.690406976744186,0.4066780821917808,0.5118534482758621,0.8380986418870622
0,0.0,1.0,0.8,1.65,0.6954545454545454,0.3929794520547945,0.5021881838074398,0.8373838456040028
0,0.0,1.0,0.8,1.7000000000000002,0.6930232558139535,0.3827054794520548,0.49310535024820745,0.8357755539671193
0,0.0,1.0,0.8,1.75,0.695583596214511,0.3775684931506849,0.48945615982241947,0.8355968548963545
0,0.0,1.0,0.8,1.8,0.6936790923824959,0.3664383561643836,0.47955182072829133,0.833988563259471
0,0.0,1.0,0.8,1.85,0.7006688963210702,0.3587328767123288,0.47451868629671573,0.8341672623302359
0,0.0,1.0,0.8,1.9,0.7003424657534246,0.3501712328767123,0.4668949771689498,0.8330950679056469
0,0.0,1.0,0.8,1.9500000000000002,0.7005253940455342,0.3424657534246575,0.4600345025876941,0.8322015725518227
0,0.0,1.0,0.8,2.0,0.7014388489208633,0.3339041095890411,0.45243619489559167,0.8313080771979986
0,0.0,1.0,0.8500000000000001,1.0,0.5509355509355509,0.6806506849315068,0.6089620834929146,0.8175482487491065
0,0.0,1.0,0.8500000000000001,1.05,0.5695718654434251,0.6378424657534246,0.6017770597738288,0.8238027162258756
0,0.0,1.0,0.8500000000000001,1.1,0.5919395465994962,0.603595890410959,0.5977108944467995,0.8304145818441744
0,0.0,1.0,0.8500000000000001,1.15,0.6074681238615665,0.5710616438356164,0.588702559576346,0.8334524660471766
0,0.0,1.0,0.8500000000000001,1.2,0.6280909990108803,0.5436643835616438,0.5828361633776962,0.8375625446747677
0,0.0,1.0,0.8500000000000001,1.25,0.6378035902851109,0.5171232876712328,0.5711583924349882,0.8379199428162973
0,0.0,1.0,0.8500000000000001,1.3,0.6521739130434783,0.488013698630137,0.5582761998041136,0.8388134381701216
0,0.0,1.0,0.8500000000000001,1.35,0.6634730538922156,0.4743150684931507,0.5531702446330504,0.8400643316654753
0,0.0,1.0,0.8500000000000001,1.4,0.6709183673469388,0.4503424657534247,0.5389344262295082,0.8391708363116511
0,0.0,1.0,0.8500000000000001,1.45,0.6824966078697422,0.4306506849315068,0.5280839895013122,0.839349535382416
0,0.0,1.0,0.8500000000000001,1.5,0.6953455571227081,0.4220890410958904,0.5253063399041024,0.8407791279485347
0,0.0,1.0,0.8500000000000001,1.55,0.7005813953488372,0.4126712328767123,0.5193965517241379,0.8406004288777699
0,0.0,1.0,0.8500000000000001,1.6,0.7021276595744681,0.3955479452054795,0.5060240963855422,0.8388134381701216
0,0.0,1.0,0.8500000000000001,1.65,0.7074721780604134,0.3809931506849315,0.4952698942682248,0.8379199428162973
0,0.0,1.0,0.8500000000000001,1.7000000000000002,0.7052117263843648,0.3707191780821918,0.48597081930415265,0.8363116511794139
0,0.0,1.0,0.8500000000000001,1.75,0.7081260364842454,0.3655821917808219,0.4822134387351778,0.836132952108649
0,0.0,1.0,0.8500000000000001,1.8,0.7071917808219178,0.3535958904109589,0.4714611872146119,0.8345246604717655
0,0.0,1.0,0.8500000000000001,1.85,0.7158081705150977,0.3450342465753425,0.4656268053148469,0.8347033595425304
0,0.0,1.0,0.8500000000000001,1.9,0.7158469945355191,0.336472602739726,0.45777518928363425,0.8336311651179414
0,0.0,1.0,0.8500000000000001,1.9500000000000002,0.7164179104477612,0.3287671232876712,0.4507042253521127,0.8327376697641172
0,0.0,1.0,0.8500000000000001,2.0,0.7173076923076923,0.3193493150684932,0.44194312796208535,0.8316654753395283
0,0.0,1.0,0.9,1.0,0.5509355509355509,0.6806506849315068,0.6089620834929146,0.8175482487491065
0,0.0,1.0,0.9,1.05,0.5695718654434251,0.6378424657534246,0.6017770597738288,0.8238027162258756
0,0.0,1.0,0.9,1.1,0.5919395465994962,0.603595890410959,0.5977108944467995,0.8304145818441744
0,0.0,1.0,0.9,1.15,0.6065873741994511,0.5676369863013698,0.5864661654135339,0.8329163688348821
0,0.0,1.0,0.9,1.2,0.6287425149700598,0.5393835616438356,0.5806451612903226,0.8373838456040028
0,0.0,1.0,0.9,1.25,0.639186295503212,0.5111301369863014,0.5680304471931494,0.8377412437455325
0,0.0,1.0,0.9,1.3,0.6538908246225319,0.4820205479452055,0.5549531789058649,0.8386347390993567
0,0.0,1.0,0.9,1.35,0.6662606577344702,0.4683219178082192,0.5500251382604323,0.8400643316654753
0,0.0,1.0,0.9,1.4,0.6727748691099477,0.4400684931506849,0.5320910973084886,0.8384560400285919
0,0.0,1.0,0.9,1.45,0.6839160839160839,0.4186643835616438,0.5193839617631439,0.838277340957827
0,0.0,1.0,0.9,1.5,0.6972343522561864,0.4101027397260274,0.5164420485175203,0.8397069335239457
0,0.0,1.0,0.9,1.55,0.702865761689291,0.398972602739726,0.509011469142545,0.839349535382416
0,0.0,1.0,0.9,1.6,0.7045813586097947,0.3818493150684932,0.49528039977790117,0.8375625446747677
0,0.0,1.0,0.9,1.65,0.7097844112769486,0.3664383561643836,0.4833427442123094,0.8364903502501787
0,0.0,1.0,0.9,1.7000000000000002,0.706984667802385,0.3553082191780822,0.47293447293447305,0.8347033595425304
0,0.0,1.0,0.9,1.75,0.7090592334494773,0.348458904109589,0.46727898966704934,0.8341672623302359
0,0.0,1.0,0.9,1.8,0.7081081081081081,0.336472602739726,0.45618107951247816,0.8325589706933524
0,0.0,1.0,0.9,1.85,0.7172284644194756,0.3279109589041096,0.4500587544065805,0.8327376697641172
0,0.0,1.0,0.9,1.9,0.7173076923076923,0.3193493150684932,0.44194312796208535,0.8316654753395283
0,0.0,1.0,0.9,1.9500000000000002,0.717948717948718,0.3116438356164384,0.43462686567164177,0.8307719799857041
0,0.0,1.0,0.9,2.0,0.7189409368635438,0.3022260273972603,0.4255575647980711,0.8296997855611151
0,0.0,1.0,0.9500000000000001,1.0,0.5509355509355509,0.6806506849315068,0.6089620834929146,0.8175482487491065
0,0.0,1.0,0.9500000000000001,1.05,0.5695718654434251,0.6378424657534246,0.6017770597738288,0.8238027162258756
0,0.0,1.0,0.9500000000000001,1.1,0.592436974789916,0.603595890410959,0.5979643765903309,0.8305932809149392
0,0.0,1.0,0.9500000000000001,1.15,0.6064220183486239,0.5659246575342466,0.5854738706820195,0.8327376697641172
0,0.0,1.0,0.9500000000000001,1.2,0.6285140562248996,0.535958904109589,0.5785582255083179,0.8370264474624732
0,0.0,1.0,0.9500000000000001,1.25,0.6390086206896551,0.5077054794520548,0.5658396946564886,0.8373838456040028
0,0.0,1.0,0.9500000000000001,1.3,0.6538011695906433,0.4785958904109589,0.5526445872466634,0.838277340957827
0,0.0,1.0,0.9500000000000001,1.35,0.6662576687116565,0.4648972602739726,0.5476550680786687,0.8397069335239457
0,0.0,1.0,0.9500000000000001,1.4,0.6723910171730515,0.4357876712328767,0.5288311688311689,0.8379199428162973
0,0.0,1.0,0.9500000000000001,1.45,0.6827195467422096,0.4126712328767123,0.5144076840981857,0.8373838456040028
0,0.0,1.0,0.9500000000000001,1.5,0.696165191740413,0.4041095890410959,0.5113759479956662,0.8388134381701216
0,0.0,1.0,0.9500000000000001,1.55,0.7013782542113323,0.3921232876712329,0.5030203185063152,0.838277340957827
0,0.0,1.0,0.9500000000000001,1.6,0.7030497592295345,0.375,0.48911222780569524,0.8364903502501787
0,0.0,1.0,0.9500000000000001,1.65,0.7089678510998308,0.3587328767123288,0.4764070494599204,0.8354181558255898
0,0.0,1.0,0.9500000000000001,1.7000000000000002,0.7060869565217391,0.3476027397260274,0.4658634538152611,0.8336311651179414
0,0.0,1.0,0.9500000000000001,1.75,0.7094474153297683,0.3407534246575342,0.4603817235396182,0.8332737669764118
0,0.0,1.0,0.9500000000000001,1.8,0.7084870848708487,0.3287671232876712,0.4491228070175438,0.8316654753395283
0,0.0,1.0,0.9500000000000001,1.85,0.7178502879078695,0.3202054794520548,0.4428656009473061,0.831844174410293
0,0.0,1.0,0.9500000000000001,1.9,0.717391304347826,0.3107876712328767,0.4336917562724014,0.8305932809149392
0,0.0,1.0,0.9500000000000001,1.9500000000000002,0.718052738336714,0.3030821917808219,0.42624924744130044,0.8296997855611151
0,0.0,1.0,0.9500000000000001,2.0,0.7184873949579832,0.2928082191780822,0.41605839416058393,0.8284488920657612
0,0.0,1.0,1.0,1.0,0.5509355509355509,0.6806506849315068,0.6089620834929146,0.8175482487491065
0,0.0,1.0,1.0,1.05,0.5813040062843676,0.6335616438356164,0.6063088897992626,0.8282701929949964
0,0.0,1.0,1.0,1.1,0.6112084063047285,0.5976027397260274,0.6043290043290044,0.8366690493209435
0,0.0,1.0,1.0,1.15,0.6330097087378641,0.5582191780821918,0.5932666060054596,0.8402430307362402
0,0.0,1.0,1.0,1.2,0.6580645161290323,0.523972602739726,0.5834127740705435,0.8438170121515368
0,0.0,1.0,1.0,1.25,0.6728971962616822,0.4931506849315068,0.5691699604743083,0.8441744102930665
0,0.0,1.0,1.0,1.3,0.6890012642225032,0.4666095890410959,0.5564063297600816,0.8447105075053609
0,0.0,1.0,1.0,1.35,0.7068273092369478,0.4520547945205479,0.5514360313315927,0.8464974982130093
0,0.0,1.0,1.0,1.4,0.714078374455733,0.4212328767123288,0.5298869143780292,0.8439957112223017
0,0.0,1.0,1.0,1.45,0.7216174183514774,0.3972602739726027,0.5124240750966316,0.8422087205146533
0,0.0,1.0,1.0,1.5,0.739413680781759,0.3886986301369863,0.5095398428731762,0.8438170121515368
0,0.0,1.0,1.0,1.55,0.7411167512690355,0.375,0.4980102330869813,0.8422087205146533
0,0.0,1.0,1.0,1.6,0.7438162544169611,0.3604452054794521,0.48558246828143026,0.8406004288777699
0,0.0,1.0,1.0,1.65,0.7518656716417911,0.3450342465753425,0.4730046948356808,0.8395282344531808
0,0.0,1.0,1.0,1.7000000000000002,0.7504798464491362,0.3347602739726027,0.46299585553582,0.8379199428162973
0,0.0,1.0,1.0,1.75,0.7569169960474308,0.3279109589041096,0.4575866188769415,0.8377412437455325
0,0.0,1.0,1.0,1.8,0.757700205338809,0.3159246575342466,0.44592145015105744,0.836132952108649
0,0.0,1.0,1.0,1.85,0.767590618336887,0.3082191780821918,0.439828955406231,0.836132952108649
0,0.0,1.0,1.0,1.9,0.7692307692307693,0.2996575342465753,0.43130006161429446,0.8350607576840601
0,0.0,1.0,1.0,1.9500000000000002,0.7714932126696833,0.2919520547945205,0.4236024844720496,0.8341672623302359
0,0.0,1.0,1.0,2.0,0.7717647058823529,0.2808219178082192,0.4118016321406152,0.8325589706933524
0,0.0,1.0,0.8500000000000001,1.0,0.5509355509355509,0.6806506849315068,0.6089620834929146,0.8175482487491065
