0,0.0,1.0,0.0,1.0,0.6501803194229778,0.7723378212974297,0.706013986013986,0.8272234095018905
0.05,0.0,1.0,0.0,1.0,0.6501803194229778,0.7723378212974297,0.706013986013986,0.8272234095018905
0.1,0.0,1.0,0.0,1.0,0.6501803194229778,0.7723378212974297,0.706013986013986,0.8272234095018905
0.15000000000000002,0.0,1.0,0.0,1.0,0.65,0.7717258261933905,0.7056519306099608,0.8270590169324347
0.2,0.0,1.0,0.0,1.0,0.6494579246257098,0.769889840881273,0.7045645477457295,0.8265658392240671
0.25,0.0,1.0,0.0,1.0,0.650103519668737,0.7686658506731946,0.7044307347167695,0.8267302317935229
0.30000000000000004,0.0,1.0,0.0,1.0,0.6491410723581468,0.7631578947368421,0.7015471167369902,0.8255794838073319
0.35000000000000003,0.0,1.0,0.0,1.0,0.6479832372970141,0.7570379436964504,0.698278295230031,0.8242643432516851
0.4,0.0,1.0,0.0,1.0,0.6445623342175066,0.7435740514075887,0.690537084398977,0.8209764918625678
0.45,0.0,1.0,0.0,1.0,0.6429716729021914,0.7362301101591188,0.6864479315263909,0.8193325661680092
0.5,0.0,1.0,0.0,1.0,0.6394152680021656,0.7227662178702571,0.6785406492387244,0.816044714778892
0.55,0.0,1.0,0.0,1.0,0.6346153846153846,0.7068543451652387,0.6687898089171974,0.8119349005424955
0.6000000000000001,0.0,1.0,0.0,1.0,0.6258465011286681,0.6787025703794369,0.6512037580739871,0.8047016274864376
0.65,0.0,1.0,0.0,1.0,0.6133177570093458,0.642594859241126,0.6276150627615061,0.7951668584579977
0.7000000000000001,0.0,1.0,0.0,1.0,0.599758162031439,0.6070991432068543,0.6034063260340633,0.7856320894295578
0.75,0.0,1.0,0.0,1.0,0.5846925972396487,0.5703794369645043,0.5774473358116482,0.7757685352622061
0.8,0.0,1.0,0.0,1.0,0.5709656513285807,0.5391676866585068,0.5546112684922884,0.7673845142199572
0.8500000000000001,0.0,1.0,0.0,1.0,0.5605858854860186,0.5152998776009792,0.5369897959183674,0.7613019891500904
0.9,0.0,1.0,0.0,1.0,0.5538253215978335,0.5006119951040392,0.5258759241401478,0.7575209600526056
0.9500000000000001,0.0,1.0,0.0,1.0,0.5496235455167693,0.49143206854345167,0.5189014539579967,0.7552194640802236
1.0,0.0,1.0,0.0,1.0,0.547455295735901,0.48714810281517745,0.5155440414507773,0.7540687160940326
0,0.0,1.0,0.0,1.0,0.6501803194229778,0.7723378212974297,0.706013986013986,0.8272234095018905
0,0.0,1.05,0.0,1.0,0.6501803194229778,0.7723378212974297,0.706013986013986,0.8272234095018905
0,0.0,1.1,0.0,1.0,0.6501803194229778,0.7723378212974297,0.706013986013986,0.8272234095018905
0,0.0,1.15,0.0,1.0,0.6501803194229778,0.7723378212974297,0.706013986013986,0.8272234095018905
0,0.0,1.2,0.0,1.0,0.6501803194229778,0.7723378212974297,0.706013986013986,0.8272234095018905
0,0.0,1.25,0.0,1.0,0.6501803194229778,0.7723378212974297,0.706013986013986,0.8272234095018905
0,0.0,1.3,0.0,1.0,0.6501803194229778,0.7723378212974297,0.706013986013986,0.8272234095018905
0,0.0,1.35,0.0,1.0,0.6501803194229778,0.7723378212974297,0.706013986013986,0.8272234095018905
0,0.0,1.4,0.0,1.0,0.6501803194229778,0.7723378212974297,0.706013986013986,0.8272234095018905
0,0.0,1.45,0.0,1.0,0.6501803194229778,0.7723378212974297,0.706013986013986,0.8272234095018905
0,0.0,1.5,0.0,1.0,0.6501803194229778,0.7723378212974297,0.706013986013986,0.8272234095018905
0,0.0,1.55,0.0,1.0,0.6501803194229778,0.7723378212974297,0.706013986013986,0.8272234095018905
0,0.0,1.6,0.0,1.0,0.6501803194229778,0.7723378212974297,0.706013986013986,0.8272234095018905
0,0.0,1.65,0.0,1.0,0.6501803194229778,0.7723378212974297,0.706013986013986,0.8272234095018905
0,0.0,1.7000000000000002,0.0,1.0,0.6501803194229778,0.7723378212974297,0.706013986013986,0.8272234095018905
0,0.0,1.75,0.0,1.0,0.6501803194229778,0.7723378212974297,0.706013986013986,0.8272234095018905
0,0.0,1.8,0.0,1.0,0.6501803194229778,0.7723378212974297,0.706013986013986,0.8272234095018905
0,0.0,1.85,0.0,1.0,0.6501803194229778,0.7723378212974297,0.706013986013986,0.8272234095018905
0,0.0,1.9,0.0,1.0,0.6501803194229778,0.7723378212974297,0.706013986013986,0.8272234095018905
0,0.0,1.9500000000000002,0.0,1.0,0.6501803194229778,0.7723378212974297,0.706013986013986,0.8272234095018905
0,0.0,2.0,0.0,1.0,0.6501803194229778,0.7723378212974297,0.706013986013986,0.8272234095018905
0,0.05,1.0,0.0,1.0,0.6501803194229778,0.7723378212974297,0.706013986013986,0.8272234095018905
0,0.05,1.05,0.0,1.0,0.6501803194229778,0.7723378212974297,0.706013986013986,0.8272234095018905
0,0.05,1.1,0.0,1.0,0.6501803194229778,0.7723378212974297,0.706013986013986,0.8272234095018905
0,0.05,1.15,0.0,1.0,0.6501803194229778,0.7723378212974297,0.706013986013986,0.8272234095018905
0,0.05,1.2,0.0,1.0,0.6501803194229778,0.7723378212974297,0.706013986013986,0.8272234095018905
0,0.05,1.25,0.0,1.0,0.6501803194229778,0.7723378212974297,0.706013986013986,0.8272234095018905
0,0.05,1.3,0.0,1.0,0.6501803194229778,0.7723378212974297,0.706013986013986,0.8272234095018905
0,0.05,1.35,0.0,1.0,0.6501803194229778,0.7723378212974297,0.706013986013986,0.8272234095018905
0,0.05,1.4,0.0,1.0,0.6501803194229778,0.7723378212974297,0.706013986013986,0.8272234095018905
0,0.05,1.45,0.0,1.0,0.6501803194229778,0.7723378212974297,0.706013986013986,0.8272234095018905
0,0.05,1.5,0.0,1.0,0.6501803194229778,0.7723378212974297,0.706013986013986,0.8272234095018905
0,0.05,1.55,0.0,1.0,0.6501803194229778,0.7723378212974297,0.706013986013986,0.8272234095018905
0,0.05,1.6,0.0,1.0,0.6501803194229778,0.7723378212974297,0.706013986013986,0.8272234095018905
0,0.05,1.65,0.0,1.0,0.6501803194229778,0.7723378212974297,0.706013986013986,0.8272234095018905
0,0.05,1.7000000000000002,0.0,1.0,0.6501803194229778,0.7723378212974297,0.706013986013986,0.8272234095018905
0,0.05,1.75,0.0,1.0,0.6501803194229778,0.7723378212974297,0.706013986013986,0.8272234095018905
0,0.05,1.8,0.0,1.0,0.6501803194229778,0.7723378212974297,0.706013986013986,0.8272234095018905
0,0.05,1.85,0.0,1.0,0.6501803194229778,0.7723378212974297,0.706013986013986,0.8272234095018905
0,0.05,1.9,0.0,1.0,0.6501803194229778,0.7723378212974297,0.706013986013986,0.8272234095018905
0,0.05,1.9500000000000002,0.0,1.0,0.6501803194229778,0.7723378212974297,0.706013986013986,0.8272234095018905
0,0.05,2.0,0.0,1.0,0.6501803194229778,0.7723378212974297,0.706013986013986,0.8272234095018905
0,0.1,1.0,0.0,1.0,0.6501803194229778,0.7723378212974297,0.706013986013986,0.8272234095018905
0,0.1,1.05,0.0,1.0,0.6501803194229778,0.7723378212974297,0.706013986013986,0.8272234095018905
0,0.1,1.1,0.0,1.0,0.6501803194229778,0.7723378212974297,0.706013986013986,0.8272234095018905
0,0.1,1.15,0.0,1.0,0.6501803194229778,0.7723378212974297,0.706013986013986,0.8272234095018905
0,0.1,1.2,0.0,1.0,0.6501803194229778,0.7723378212974297,0.706013986013986,0.8272234095018905
0,0.1,1.25,0.0,1.0,0.6501803194229778,0.7723378212974297,0.706013986013986,0.8272234095018905
0,0.1,1.3,0.0,1.0,0.6501803194229778,0.7723378212974297,0.706013986013986,0.8272234095018905
0,0.1,1.35,0.0,1.0,0.6501803194229778,0.7723378212974297,0.706013986013986,0.8272234095018905
0,0.1,1.4,0.0,1.0,0.6501803194229778,0.7723378212974297,0.706013986013986,0.8272234095018905
0,0.1,1.45,0.0,1.0,0.6501803194229778,0.7723378212974297,0.706013986013986,0.8272234095018905
0,0.1,1.5,0.0,1.0,0.6501803194229778,0.7723378212974297,0.706013986013986,0.8272234095018905
0,0.1,1.55,0.0,1.0,0.6501803194229778,0.7723378212974297,0.706013986013986,0.8272234095018905
0,0.1,1.6,0.0,1.0,0.6501803194229778,0.7723378212974297,0.706013986013986,0.8272234095018905
0,0.1,1.65,0.0,1.0,0.6501803194229778,0.7723378212974297,0.706013986013986,0.8272234095018905
0,0.1,1.7000000000000002,0.0,1.0,0.6501803194229778,0.7723378212974297,0.706013986013986,0.8272234095018905
0,0.1,1.75,0.0,1.0,0.6501803194229778,0.7723378212974297,0.706013986013986,0.8272234095018905
0,0.1,1.8,0.0,1.0,0.6501803194229778,0.7723378212974297,0.706013986013986,0.8272234095018905
0,0.1,1.85,0.0,1.0,0.6501803194229778,0.7723378212974297,0.706013986013986,0.8272234095018905
0,0.1,1.9,0.0,1.0,0.6501803194229778,0.7723378212974297,0.706013986013986,0.8272234095018905
0,0.1,1.9500000000000002,0.0,1.0,0.6501803194229778,0.7723378212974297,0.706013986013986,0.8272234095018905
0,0.1,2.0,0.0,1.0,0.6501803194229778,0.7723378212974297,0.706013986013986,0.8272234095018905
0,0.15000000000000002,1.0,0.0,1.0,0.6501803194229778,0.7723378212974297,0.706013986013986,0.8272234095018905
0,0.15000000000000002,1.05,0.0,1.0,0.6501803194229778,0.7723378212974297,0.706013986013986,0.8272234095018905
0,0.15000000000000002,1.1,0.0,1.0,0.6501803194229778,0.7723378212974297,0.706013986013986,0.8272234095018905
0,0.15000000000000002,1.15,0.0,1.0,0.6501803194229778,0.7723378212974297,0.706013986013986,0.8272234095018905
0,0.15000000000000002,1.2,0.0,1.0,0.6501803194229778,0.7723378212974297,0.706013986013986,0.8272234095018905
0,0.15000000000000002,1.25,0.0,1.0,0.6501803194229778,0.7723378212974297,0.706013986013986,0.8272234095018905
0,0.15000000000000002,1.3,0.0,1.0,0.6501803194229778,0.7723378212974297,0.706013986013986,0.8272234095018905
0,0.15000000000000002,1.35,0.0,1.0,0.6501803194229778,0.7723378212974297,0.706013986013986,0.8272234095018905
0,0.15000000000000002,1.4,0.0,1.0,0.6501803194229778,0.7723378212974297,0.706013986013986,0.8272234095018905
0,0.15000000000000002,1.45,0.0,1.0,0.6501803194229778,0.7723378212974297,0.706013986013986,0.8272234095018905
0,0.15000000000000002,1.5,0.0,1.0,0.6501803194229778,0.7723378212974297,0.706013986013986,0.8272234095018905
0,0.15000000000000002,1.55,0.0,1.0,0.6501803194229778,0.7723378212974297,0.706013986013986,0.8272234095018905
0,0.15000000000000002,1.6,0.0,1.0,0.6501803194229778,0.7723378212974297,0.706013986013986,0.8272234095018905
0,0.15000000000000002,1.65,0.0,1.0,0.6501803194229778,0.7723378212974297,0.706013986013986,0.8272234095018905
0,0.15000000000000002,1.7000000000000002,0.0,1.0,0.6501803194229778,0.7723378212974297,0.706013986013986,0.8272234095018905
0,0.15000000000000002,1.75,0.0,1.0,0.6501803194229778,0.7723378212974297,0.706013986013986,0.8272234095018905
0,0.15000000000000002,1.8,0.0,1.0,0.6501803194229778,0.7723378212974297,0.706013986013986,0.8272234095018905
0,0.15000000000000002,1.85,0.0,1.0,0.6501803194229778,0.7723378212974297,0.706013986013986,0.8272234095018905
0,0.15000000000000002,1.9,0.0,1.0,0.6501803194229778,0.7723378212974297,0.706013986013986,0.8272234095018905
0,0.15000000000000002,1.9500000000000002,0.0,1.0,0.6501803194229778,0.7723378212974297,0.706013986013986,0.8272234095018905
0,0.15000000000000002,2.0,0.0,1.0,0.6501803194229778,0.7723378212974297,0.706013986013986,0.8272234095018905
0,0.2,1.0,0.0,1.0,0.6501803194229778,0.7723378212974297,0.706013986013986,0.8272234095018905
0,0.2,1.05,0.0,1.0,0.6501803194229778,0.7723378212974297,0.706013986013986,0.8272234095018905
0,0.2,1.1,0.0,1.0,0.6501803194229778,0.7723378212974297,0.706013986013986,0.8272234095018905
0,0.2,1.15,0.0,1.0,0.6501803194229778,0.7723378212974297,0.706013986013986,0.8272234095018905
0,0.2,1.2,0.0,1.0,0.6501803194229778,0.7723378212974297,0.706013986013986,0.8272234095018905
0,0.2,1.25,0.0,1.0,0.6501803194229778,0.7723378212974297,0.706013986013986,0.8272234095018905
0,0.2,1.3,0.0,1.0,0.6501803194229778,0.7723378212974297,0.706013986013986,0.8272234095018905
0,0.2,1.35,0.0,1.0,0.6501803194229778,0.7723378212974297,0.706013986013986,0.8272234095018905
0,0.2,1.4,0.0,1.0,0.6501803194229778,0.7723378212974297,0.706013986013986,0.8272234095018905
0,0.2,1.45,0.0,1.0,0.6501803194229778,0.7723378212974297,0.706013986013986,0.8272234095018905
0,0.2,1.5,0.0,1.0,0.6501803194229778,0.7723378212974297,0.706013986013986,0.8272234095018905
0,0.2,1.55,0.0,1.0,0.6501803194229778,0.7723378212974297,0.706013986013986,0.8272234095018905
0,0.2,1.6,0.0,1.0,0.6501803194229778,0.7723378212974297,0.706013986013986,0.8272234095018905
0,0.2,1.65,0.0,1.0,0.6501803194229778,0.7723378212974297,0.706013986013986,0.8272234095018905
0,0.2,1.7000000000000002,0.0,1.0,0.6501803194229778,0.7723378212974297,0.706013986013986,0.8272234095018905
0,0.2,1.75,0.0,1.0,0.6501803194229778,0.7723378212974297,0.706013986013986,0.8272234095018905
0,0.2,1.8,0.0,1.0,0.6501803194229778,0.7723378212974297,0.706013986013986,0.8272234095018905
0,0.2,1.85,0.0,1.0,0.6501803194229778,0.7723378212974297,0.706013986013986,0.8272234095018905
0,0.2,1.9,0.0,1.0,0.6501803194229778,0.7723378212974297,0.706013986013986,0.8272234095018905
0,0.2,1.9500000000000002,0.0,1.0,0.6501803194229778,0.7723378212974297,0.706013986013986,0.8272234095018905
0,0.2,2.0,0.0,1.0,0.6501803194229778,0.7723378212974297,0.706013986013986,0.8272234095018905
0,0.25,1.0,0.0,1.0,0.6501803194229778,0.7723378212974297,0.706013986013986,0.8272234095018905
0,0.25,1.05,0.0,1.0,0.6501803194229778,0.7723378212974297,0.706013986013986,0.8272234095018905
0,0.25,1.1,0.0,1.0,0.6501803194229778,0.7723378212974297,0.706013986013986,0.8272234095018905
0,0.25,1.15,0.0,1.0,0.6501803194229778,0.7723378212974297,0.706013986013986,0.8272234095018905
0,0.25,1.2,0.0,1.0,0.6501803194229778,0.7723378212974297,0.706013986013986,0.8272234095018905
0,0.25,1.25,0.0,1.0,0.6501803194229778,0.7723378212974297,0.706013986013986,0.8272234095018905
0,0.25,1.3,0.0,1.0,0.6501803194229778,0.7723378212974297,0.706013986013986,0.8272234095018905
0,0.25,1.35,0.0,1.0,0.6501803194229778,0.7723378212974297,0.706013986013986,0.8272234095018905
0,0.25,1.4,0.0,1.0,0.6501803194229778,0.7723378212974297,0.706013986013986,0.8272234095018905
0,0.25,1.45,0.0,1.0,0.6501803194229778,0.7723378212974297,0.706013986013986,0.8272234095018905
0,0.25,1.5,0.0,1.0,0.6501803194229778,0.7723378212974297,0.706013986013986,0.8272234095018905
0,0.25,1.55,0.0,1.0,0.6501803194229778,0.7723378212974297,0.706013986013986,0.8272234095018905
0,0.25,1.6,0.0,1.0,0.6501803194229778,0.7723378212974297,0.706013986013986,0.8272234095018905
0,0.25,1.65,0.0,1.0,0.6501803194229778,0.7723378212974297,0.706013986013986,0.8272234095018905
0,0.25,1.7000000000000002,0.0,1.0,0.6501803194229778,0.7723378212974297,0.706013986013986,0.8272234095018905
0,0.25,1.75,0.0,1.0,0.6501803194229778,0.7723378212974297,0.706013986013986,0.8272234095018905
0,0.25,1.8,0.0,1.0,0.6501803194229778,0.7723378212974297,0.706013986013986,0.8272234095018905
0,0.25,1.85,0.0,1.0,0.6501803194229778,0.7723378212974297,0.706013986013986,0.8272234095018905
0,0.25,1.9,0.0,1.0,0.6501803194229778,0.7723378212974297,0.706013986013986,0.8272234095018905
0,0.25,1.9500000000000002,0.0,1.0,0.6501803194229778,0.7723378212974297,0.706013986013986,0.8272234095018905
0,0.25,2.0,0.0,1.0,0.6501803194229778,0.7723378212974297,0.706013986013986,0.8272234095018905
0,0.30000000000000004,1.0,0.0,1.0,0.6501803194229778,0.7723378212974297,0.706013986013986,0.8272234095018905
0,0.30000000000000004,1.05,0.0,1.0,0.6501803194229778,0.7723378212974297,0.706013986013986,0.8272234095018905
0,0.30000000000000004,1.1,0.0,1.0,0.6501803194229778,0.7723378212974297,0.706013986013986,0.8272234095018905
0,0.30000000000000004,1.15,0.0,1.0,0.6501803194229778,0.7723378212974297,0.706013986013986,0.8272234095018905
0,0.30000000000000004,1.2,0.0,1.0,0.6505154639175258,0.7723378212974297,0.7062115277000559,0.8273878020713463
0,0.30000000000000004,1.25,0.0,1.0,0.6505154639175258,0.7723378212974297,0.7062115277000559,0.8273878020713463
0,0.30000000000000004,1.3,0.0,1.0,0.6505154639175258,0.7723378212974297,0.7062115277000559,0.8273878020713463
0,0.30000000000000004,1.35,0.0,1.0,0.6505154639175258,0.7723378212974297,0.7062115277000559,0.8273878020713463
0,0.30000000000000004,1.4,0.0,1.0,0.6505154639175258,0.7723378212974297,0.7062115277000559,0.8273878020713463
0,0.30000000000000004,1.45,0.0,1.0,0.6505154639175258,0.7723378212974297,0.7062115277000559,0.8273878020713463
0,0.30000000000000004,1.5,0.0,1.0,0.6505154639175258,0.7723378212974297,0.7062115277000559,0.8273878020713463
0,0.30000000000000004,1.55,0.0,1.0,0.6505154639175258,0.7723378212974297,0.7062115277000559,0.8273878020713463
0,0.30000000000000004,1.6,0.0,1.0,0.6505154639175258,0.7723378212974297,0.7062115277000559,0.8273878020713463
0,0.30000000000000004,1.65,0.0,1.0,0.6505154639175258,0.7723378212974297,0.7062115277000559,0.8273878020713463
0,0.30000000000000004,1.7000000000000002,0.0,1.0,0.6505154639175258,0.7723378212974297,0.7062115277000559,0.8273878020713463
0,0.30000000000000004,1.75,0.0,1.0,0.6505154639175258,0.7723378212974297,0.7062115277000559,0.8273878020713463
0,0.30000000000000004,1.8,0.0,1.0,0.6505154639175258,0.7723378212974297,0.7062115277000559,0.8273878020713463
0,0.30000000000000004,1.85,0.0,1.0,0.6505154639175258,0.7723378212974297,0.7062115277000559,0.8273878020713463
0,0.30000000000000004,1.9,0.0,1.0,0.6505154639175258,0.7723378212974297,0.7062115277000559,0.8273878020713463
0,0.30000000000000004,1.9500000000000002,0.0,1.0,0.6505154639175258,0.7723378212974297,0.7062115277000559,0.8273878020713463
0,0.30000000000000004,2.0,0.0,1.0,0.6505154639175258,0.7723378212974297,0.7062115277000559,0.8273878020713463
0,0.35000000000000003,1.0,0.0,1.0,0.6501803194229778,0.7723378212974297,0.706013986013986,0.8272234095018905
0,0.35000000000000003,1.05,0.0,1.0,0.6503352243424445,0.7717258261933905,0.7058494262524491,0.8272234095018905
0,0.35000000000000003,1.1,0.0,1.0,0.6503099173553719,0.7705018359853121,0.7053221288515404,0.8270590169324347
0,0.35000000000000003,1.15,0.0,1.0,0.6506459948320413,0.7705018359853121,0.7055197534323339,0.8272234095018905
0,0.35000000000000003,1.2,0.0,1.0,0.6513191929643042,0.7705018359853121,0.705915335015419,0.8275521946408022
0,0.35000000000000003,1.25,0.0,1.0,0.6513191929643042,0.7705018359853121,0.705915335015419,0.8275521946408022
0,0.35000000000000003,1.3,0.0,1.0,0.6513191929643042,0.7705018359853121,0.705915335015419,0.8275521946408022
0,0.35000000000000003,1.35,0.0,1.0,0.6519937856033143,0.7705018359853121,0.7063113604488077,0.827880979779714
0,0.35000000000000003,1.4,0.0,1.0,0.6519937856033143,0.7705018359853121,0.7063113604488077,0.827880979779714
0,0.35000000000000003,1.45,0.0,1.0,0.6519937856033143,0.7705018359853121,0.7063113604488077,0.827880979779714
0,0.35000000000000003,1.5,0.0,1.0,0.6519937856033143,0.7705018359853121,0.7063113604488077,0.827880979779714
0,0.35000000000000003,1.55,0.0,1.0,0.6519937856033143,0.7705018359853121,0.7063113604488077,0.827880979779714
0,0.35000000000000003,1.6,0.0,1.0,0.6519937856033143,0.7705018359853121,0.7063113604488077,0.827880979779714
0,0.35000000000000003,1.65,0.0,1.0,0.6519937856033143,0.7705018359853121,0.7063113604488077,0.827880979779714
0,0.35000000000000003,1.7000000000000002,0.0,1.0,0.6519937856033143,0.7705018359853121,0.7063113604488077,0.827880979779714
0,0.35000000000000003,1.75,0.0,1.0,0.6519937856033143,0.7705018359853121,0.7063113604488077,0.827880979779714
0,0.35000000000000003,1.8,0.0,1.0,0.6519937856033143,0.7705018359853121,0.7063113604488077,0.827880979779714
0,0.35000000000000003,1.85,0.0,1.0,0.6519937856033143,0.7705018359853121,0.7063113604488077,0.827880979779714
0,0.35000000000000003,1.9,0.0,1.0,0.6519937856033143,0.7705018359853121,0.7063113604488077,0.827880979779714
0,0.35000000000000003,1.9500000000000002,0.0,1.0,0.6519937856033143,0.7705018359853121,0.7063113604488077,0.827880979779714
0,0.35000000000000003,2.0,0.0,1.0,0.6519937856033143,0.7705018359853121,0.7063113604488077,0.827880979779714
0,0.4,1.0,0.0,1.0,0.6501803194229778,0.7723378212974297,0.706013986013986,0.8272234095018905
0,0.4,1.05,0.0,1.0,0.6504904491481672,0.7711138310893513,0.7056846821618594,0.8272234095018905
0,0.4,1.1,0.0,1.0,0.6502845318158303,0.7692778457772338,0.704793944491169,0.8268946243629788
0,0.4,1.15,0.0,1.0,0.6506211180124224,0.7692778457772338,0.704991587212563,0.8270590169324347
0,0.4,1.2,0.0,1.0,0.6516329704510109,0.7692778457772338,0.7055851810272242,0.8275521946408022
0,0.4,1.25,0.0,1.0,0.6519709543568465,0.7692778457772338,0.7057832678270636,0.8277165872102581
0,0.4,1.3,0.0,1.0,0.6523092890503374,0.7692778457772338,0.7059814658803708,0.827880979779714
0,0.4,1.35,0.0,1.0,0.652987012987013,0.7692778457772338,0.7063781961225063,0.8282097649186256
0,0.4,1.4,0.0,1.0,0.652987012987013,0.7692778457772338,0.7063781961225063,0.8282097649186256
0,0.4,1.45,0.0,1.0,0.652987012987013,0.7692778457772338,0.7063781961225063,0.8282097649186256
0,0.4,1.5,0.0,1.0,0.652987012987013,0.7692778457772338,0.7063781961225063,0.8282097649186256
0,0.4,1.55,0.0,1.0,0.652987012987013,0.7692778457772338,0.7063781961225063,0.8282097649186256
0,0.4,1.6,0.0,1.0,0.652987012987013,0.7692778457772338,0.7063781961225063,0.8282097649186256
0,0.4,1.65,0.0,1.0,0.652987012987013,0.7692778457772338,0.7063781961225063,0.8282097649186256
0,0.4,1.7000000000000002,0.0,1.0,0.652987012987013,0.7692778457772338,0.7063781961225063,0.8282097649186256
0,0.4,1.75,0.0,1.0,0.652987012987013,0.7692778457772338,0.7063781961225063,0.8282097649186256
0,0.4,1.8,0.0,1.0,0.652987012987013,0.7692778457772338,0.7063781961225063,0.8282097649186256
0,0.4,1.85,0.0,1.0,0.652987012987013,0.7692778457772338,0.7063781961225063,0.8282097649186256
0,0.4,1.9,0.0,1.0,0.652987012987013,0.7692778457772338,0.7063781961225063,0.8282097649186256
0,0.4,1.9500000000000002,0.0,1.0,0.652987012987013,0.7692778457772338,0.7063781961225063,0.8282097649186256
0,0.4,2.0,0.0,1.0,0.652987012987013,0.7692778457772338,0.7063781961225063,0.8282097649186256
0,0.45,1.0,0.0,1.0,0.6501803194229778,0.7723378212974297,0.706013986013986,0.8272234095018905
0,0.45,1.05,0.0,1.0,0.6506459948320413,0.7705018359853121,0.7055197534323339,0.8272234095018905
0,0.45,1.1,0.0,1.0,0.6502590673575129,0.7680538555691554,0.7042648709315377,0.8267302317935229
0,0.45,1.15,0.0,1.0,0.6505961638154484,0.7680538555691554,0.7044625315745159,0.8268946243629788
0,0.45,1.2,0.0,1.0,0.6516095534787124,0.7680538555691554,0.7050561797752808,0.8273878020713463
0,0.45,1.25,0.0,1.0,0.6519480519480519,0.7680538555691554,0.7052542849114921,0.8275521946408022
0,0.45,1.3,0.0,1.0,0.6526261050442018,0.7680538555691554,0.7056508293505764,0.827880979779714
0,0.45,1.35,0.0,1.0,0.653125,0.7674418604651163,0.7056837366347777,0.8280453723491699
0,0.45,1.4,0.0,1.0,0.653125,0.7674418604651163,0.7056837366347777,0.8280453723491699
0,0.45,1.45,0.0,1.0,0.6529442417926004,0.7668298653610771,0.7053194483535041,0.827880979779714
0,0.45,1.5,0.0,1.0,0.6529442417926004,0.7668298653610771,0.7053194483535041,0.827880979779714
0,0.45,1.55,0.0,1.0,0.6527632950990615,0.7662178702570379,0.7049549549549549,0.8277165872102581
0,0.45,1.6,0.0,1.0,0.6527632950990615,0.7662178702570379,0.7049549549549549,0.8277165872102581
0,0.45,1.65,0.0,1.0,0.6527632950990615,0.7662178702570379,0.7049549549549549,0.8277165872102581
0,0.45,1.7000000000000002,0.0,1.0,0.6527632950990615,0.7662178702570379,0.7049549549549549,0.8277165872102581
0,0.45,1.75,0.0,1.0,0.6527632950990615,0.7662178702570379,0.7049549549549549,0.8277165872102581
0,0.45,1.8,0.0,1.0,0.6527632950990615,0.7662178702570379,0.7049549549549549,0.8277165872102581
0,0.45,1.85,0.0,1.0,0.6527632950990615,0.7662178702570379,0.7049549549549549,0.8277165872102581
0,0.45,1.9,0.0,1.0,0.6527632950990615,0.7662178702570379,0.7049549549549549,0.8277165872102581
0,0.45,1.9500000000000002,0.0,1.0,0.6527632950990615,0.7662178702570379,0.7049549549549549,0.8277165872102581
0,0.45,2.0,0.0,1.0,0.6527632950990615,0.7662178702570379,0.7049549549549549,0.8277165872102581
0,0.5,1.0,0.0,1.0,0.6501803194229778,0.7723378212974297,0.706013986013986,0.8272234095018905
0,0.5,1.05,0.0,1.0,0.6509824198552223,0.7705018359853121,0.7057174887892376,0.8273878020713463
0,0.5,1.1,0.0,1.0,0.6504149377593361,0.7674418604651163,0.7040988208871422,0.8267302317935229
0,0.5,1.15,0.0,1.0,0.6507524649714582,0.7674418604651163,0.7042965459140691,0.8268946243629788
0,0.5,1.2,0.0,1.0,0.6517671517671517,0.7674418604651163,0.7048903878583473,0.8273878020713463
0,0.5,1.25,0.0,1.0,0.6524453694068678,0.7674418604651163,0.7052868391451068,0.8277165872102581
0,0.5,1.3,0.0,1.0,0.6529442417926004,0.7668298653610771,0.7053194483535041,0.827880979779714
0,0.5,1.35,0.0,1.0,0.6530825496342738,0.7649938800489596,0.7046223224351748,0.8277165872102581
0,0.5,1.4,0.0,1.0,0.6530825496342738,0.7649938800489596,0.7046223224351748,0.8277165872102581
0,0.5,1.45,0.0,1.0,0.6529012023000522,0.7643818849449204,0.7042571186918523,0.8275521946408022
0,0.5,1.5,0.0,1.0,0.6529012023000522,0.7643818849449204,0.7042571186918523,0.8275521946408022
0,0.5,1.55,0.0,1.0,0.652537938252224,0.7631578947368421,0.7035260930888575,0.8272234095018905
0,0.5,1.6,0.0,1.0,0.652537938252224,0.7631578947368421,0.7035260930888575,0.8272234095018905
0,0.5,1.65,0.0,1.0,0.6523560209424084,0.762545899632803,0.7031602708803611,0.8270590169324347
0,0.5,1.7000000000000002,0.0,1.0,0.6523560209424084,0.762545899632803,0.7031602708803611,0.8270590169324347
0,0.5,1.75,0.0,1.0,0.6526977475117863,0.762545899632803,0.7033587355348575,0.8272234095018905
0,0.5,1.8,0.0,1.0,0.6526977475117863,0.762545899632803,0.7033587355348575,0.8272234095018905
0,0.5,1.85,0.0,1.0,0.6526977475117863,0.762545899632803,0.7033587355348575,0.8272234095018905
0,0.5,1.9,0.0,1.0,0.6526977475117863,0.762545899632803,0.7033587355348575,0.8272234095018905
0,0.5,1.9500000000000002,0.0,1.0,0.6526977475117863,0.762545899632803,0.7033587355348575,0.8272234095018905
0,0.5,2.0,0.0,1.0,0.6526977475117863,0.762545899632803,0.7033587355348575,0.8272234095018905
0,0.55,1.0,0.0,1.0,0.6501803194229778,0.7723378212974297,0.706013986013986,0.8272234095018905
0,0.55,1.05,0.0,1.0,0.6508018623900672,0.769889840881273,0.705354639753294,0.8272234095018905
0,0.55,1.1,0.0,1.0,0.6500519210799585,0.7662178702570379,0.7033707865168539,0.8264014466546112
0,0.55,1.15,0.0,1.0,0.6502079002079002,0.7656058751529988,0.7032040472175379,0.8264014466546112
0,0.55,1.2,0.0,1.0,0.6510416666666666,0.7649938800489596,0.7034327518289252,0.8267302317935229
0,0.55,1.25,0.0,1.0,0.6515388628064684,0.7643818849449204,0.7034638130104196,0.8268946243629788
0,0.55,1.3,0.0,1.0,0.6518557239937272,0.7631578947368421,0.7031294051310967,0.8268946243629788
0,0.55,1.35,0.0,1.0,0.6518091242789722,0.7607099143206855,0.7020615645297938,0.8265658392240671
0,0.55,1.4,0.0,1.0,0.6518091242789722,0.7607099143206855,0.7020615645297938,0.8265658392240671
0,0.55,1.45,0.0,1.0,0.6517857142857143,0.7594859241126071,0.7015262860373092,0.8264014466546112
0,0.55,1.5,0.0,1.0,0.6517857142857143,0.7594859241126071,0.7015262860373092,0.8264014466546112
0,0.55,1.55,0.0,1.0,0.6514195583596214,0.7582619339045288,0.7007918552036198,0.8260726615156995
0,0.55,1.6,0.0,1.0,0.6514195583596214,0.7582619339045288,0.7007918552036198,0.8260726615156995
0,0.55,1.65,0.0,1.0,0.6512361914781694,0.7576499388004896,0.7004243281471004,0.8259082689462436
0,0.55,1.7000000000000002,0.0,1.0,0.6510526315789473,0.7570379436964504,0.7000565930956424,0.8257438763767878
0,0.55,1.75,0.0,1.0,0.6512118018967334,0.7564259485924113,0.6998867497168743,0.8257438763767878
0,0.55,1.8,0.0,1.0,0.6512118018967334,0.7564259485924113,0.6998867497168743,0.8257438763767878
0,0.55,1.85,0.0,1.0,0.6512118018967334,0.7564259485924113,0.6998867497168743,0.8257438763767878
0,0.55,1.9,0.0,1.0,0.6512118018967334,0.7564259485924113,0.6998867497168743,0.8257438763767878
0,0.55,1.9500000000000002,0.0,1.0,0.6512118018967334,0.7564259485924113,0.6998867497168743,0.8257438763767878
0,0.55,2.0,0.0,1.0,0.6512118018967334,0.7564259485924113,0.6998867497168743,0.8257438763767878
0,0.6000000000000001,1.0,0.0,1.0,0.6501803194229778,0.7723378212974297,0.706013986013986,0.8272234095018905
0,0.6000000000000001,1.05,0.0,1.0,0.6506211180124224,0.7692778457772338,0.704991587212563,0.8270590169324347
0,0.6000000000000001,1.1,0.0,1.0,0.6500260010400416,0.7649938800489596,0.7028394714647174,0.8262370540851554
0,0.6000000000000001,1.15,0.0,1.0,0.6501821967725143,0.7643818849449204,0.7026722925457103,0.8262370540851554
0,0.6000000000000001,1.2,0.0,1.0,0.651017214397496,0.7637698898408812,0.702900591382709,0.8265658392240671
0,0.6000000000000001,1.25,0.0,1.0,0.6513329848405646,0.762545899632803,0.7025655483507189,0.8265658392240671
0,0.6000000000000001,1.3,0.0,1.0,0.6518091242789722,0.7607099143206855,0.7020615645297938,0.8265658392240671
0,0.6000000000000001,1.35,0.0,1.0,0.6521052631578947,0.7582619339045288,0.7011884550084889,0.8264014466546112
0,0.6000000000000001,1.4,0.0,1.0,0.6521052631578947,0.7582619339045288,0.7011884550084889,0.8264014466546112
0,0.6000000000000001,1.45,0.0,1.0,0.6520822351080654,0.7570379436964504,0.7006513735485698,0.8262370540851554
0,0.6000000000000001,1.5,0.0,1.0,0.6522427440633245,0.7564259485924113,0.7004817228676679,0.8262370540851554
0,0.6000000000000001,1.55,0.0,1.0,0.6516913319238901,0.7545899632802937,0.6993760635280771,0.8257438763767878
0,0.6000000000000001,1.6,0.0,1.0,0.6515071390798519,0.7539779681762546,0.6990070921985816,0.8255794838073319
0,0.6000000000000001,1.65,0.0,1.0,0.6513227513227513,0.7533659730722154,0.6986379114642451,0.825415091237876
0,0.6000000000000001,1.7000000000000002,0.0,1.0,0.6509533898305084,0.7521419828641371,0.6978989210675752,0.8250863060989643
0,0.6000000000000001,1.75,0.0,1.0,0.6511134676564156,0.7515299877600979,0.6977272727272726,0.8250863060989643
0,0.6000000000000001,1.8,0.0,1.0,0.6509283819628647,0.7509179926560587,0.6973572037510657,0.8249219135295085
0,0.6000000000000001,1.85,0.0,1.0,0.6507430997876857,0.7503059975520195,0.6969869243888573,0.8247575209600526
0,0.6000000000000001,1.9,0.0,1.0,0.6507430997876857,0.7503059975520195,0.6969869243888573,0.8247575209600526
0,0.6000000000000001,1.9500000000000002,0.0,1.0,0.6505576208178439,0.7496940024479805,0.6966164344611886,0.8245931283905967
0,0.6000000000000001,2.0,0.0,1.0,0.6505576208178439,0.7496940024479805,0.6966164344611886,0.8245931283905967
0,0.65,1.0,0.0,1.0,0.6501803194229778,0.7723378212974297,0.706013986013986,0.8272234095018905
0,0.65,1.05,0.0,1.0,0.6507772020725389,0.7686658506731946,0.7048260381593715,0.8270590169324347
0,0.65,1.1,0.0,1.0,0.6501821967725143,0.7643818849449204,0.7026722925457103,0.8262370540851554
0,0.65,1.15,0.0,1.0,0.6499739175795514,0.762545899632803,0.7017741481272881,0.8259082689462436
0,0.65,1.2,0.0,1.0,0.6504447933019362,0.7607099143206855,0.7012693935119887,0.8259082689462436
0,0.65,1.25,0.0,1.0,0.6505771248688352,0.758873929008568,0.7005649717514124,0.8257438763767878
0,0.65,1.3,0.0,1.0,0.6510526315789473,0.7570379436964504,0.7000565930956424,0.8257438763767878
0,0.65,1.35,0.0,1.0,0.6516913319238901,0.7545899632802937,0.6993760635280771,0.8257438763767878
0,0.65,1.4,0.0,1.0,0.6513227513227513,0.7533659730722154,0.6986379114642451,0.825415091237876
0,0.65,1.45,0.0,1.0,0.6512983571807102,0.7521419828641371,0.698097131496734,0.8252506986684202
0,0.65,1.5,0.0,1.0,0.6514588859416446,0.7515299877600979,0.6979255470304063,0.8252506986684202
0,0.65,1.55,0.0,1.0,0.6507177033492823,0.7490820073439413,0.6964438122332859,0.8245931283905967
0,0.65,1.6,0.0,1.0,0.6505319148936171,0.7484700122399021,0.6960728514513376,0.8244287358211408
0,0.65,1.65,0.0,1.0,0.6501597444089456,0.7472460220318238,0.6953302961275626,0.8240999506822292
0,0.65,1.7000000000000002,0.0,1.0,0.6497867803837953,0.7460220318237454,0.6945868945868946,0.8237711655433174
0,0.65,1.75,0.0,1.0,0.6499466382070438,0.7454100367197063,0.6944127708095782,0.8237711655433174
0,0.65,1.8,0.0,1.0,0.6497597437266418,0.7447980416156671,0.6940404904476762,0.8236067729738615
0,0.65,1.85,0.0,1.0,0.6495726495726496,0.7441860465116279,0.6936679977181974,0.8234423804044058
0,0.65,1.9,0.0,1.0,0.6493853554249065,0.7435740514075887,0.6932952924393724,0.8232779878349499
0,0.65,1.9500000000000002,0.0,1.0,0.6491978609625668,0.7429620563035496,0.6929223744292238,0.823113595265494
0,0.65,2.0,0.0,1.0,0.6490101658640984,0.7423500611995104,0.6925492435055666,0.8229492026960381
0,0.7000000000000001,1.0,0.0,1.0,0.6501803194229778,0.7723378212974297,0.706013986013986,0.8272234095018905
0,0.7000000000000001,1.05,0.0,1.0,0.6500519210799585,0.7662178702570379,0.7033707865168539,0.8264014466546112
0,0.7000000000000001,1.1,0.0,1.0,0.6492420282279143,0.7600979192166463,0.7003101212292078,0.8252506986684202
0,0.7000000000000001,1.15,0.0,1.0,0.6490309062336301,0.7582619339045288,0.6994072819644368,0.8249219135295085
0,0.7000000000000001,1.2,0.0,1.0,0.6496311907270811,0.7545899632802937,0.6981879954699887,0.8247575209600526
0,0.7000000000000001,1.25,0.0,1.0,0.6495771670190275,0.7521419828641371,0.6971072036301759,0.8244287358211408
0,0.7000000000000001,1.3,0.0,1.0,0.6496815286624203,0.7490820073439413,0.6958499147242752,0.8240999506822292
0,0.7000000000000001,1.35,0.0,1.0,0.6501333333333333,0.7460220318237454,0.694784838985466,0.8239355581127733
0,0.7000000000000001,1.4,0.0,1.0,0.6501068376068376,0.7447980416156671,0.6942384483742157,0.8237711655433174
0,0.7000000000000001,1.45,0.0,1.0,0.6500802568218299,0.7435740514075887,0.6936911218955182,0.8236067729738615
0,0.7000000000000001,1.5,0.0,1.0,0.6502410283877879,0.7429620563035496,0.6935161382462154,0.8236067729738615
0,0.7000000000000001,1.55,0.0,1.0,0.6498388829215896,0.7405140758873929,0.6922196796338673,0.823113595265494
0,0.7000000000000001,1.6,0.0,1.0,0.6496507254164428,0.7399020807833537,0.6918454935622318,0.8229492026960381
0,0.7000000000000001,1.65,0.0,1.0,0.6488960689283791,0.737454100367197,0.690346605557147,0.8222916324182147
0,0.7000000000000001,1.7000000000000002,0.0,1.0,0.6483279395900755,0.7356181150550796,0.6892201834862386,0.8217984547098471
0,0.7000000000000001,1.75,0.0,1.0,0.6488384656942193,0.7350061199510404,0.6892395982783357,0.821962847279303
0,0.7000000000000001,1.8,0.0,1.0,0.6486486486486487,0.7343941248470012,0.6888633754305395,0.8217984547098471
0,0.7000000000000001,1.85,0.0,1.0,0.6482683982683982,0.7331701346389229,0.688110281447444,0.8214696695709354
0,0.7000000000000001,1.9,0.0,1.0,0.6480779642663779,0.7325581395348837,0.6877334099396725,0.8213052770014795
0,0.7000000000000001,1.9500000000000002,0.0,1.0,0.647887323943662,0.7319461444308446,0.6873563218390805,0.8211408844320237
0,0.7000000000000001,2.0,0.0,1.0,0.6476964769647696,0.7313341493268054,0.6869790169588962,0.8209764918625678
0,0.75,1.0,0.0,1.0,0.6501803194229778,0.7723378212974297,0.706013986013986,0.8272234095018905
0,0.75,1.05,0.0,1.0,0.6498701298701298,0.7656058751529988,0.7030064624894634,0.8262370540851554
0,0.75,1.1,0.0,1.0,0.6486910994764398,0.7582619339045288,0.6992099322799097,0.8247575209600526
0,0.75,1.15,0.0,1.0,0.6487907465825447,0.7552019583843329,0.6979638009049774,0.8244287358211408
0,0.75,1.2,0.0,1.0,0.6492063492063492,0.7509179926560587,0.6963677639046537,0.8240999506822292
0,0.75,1.25,0.0,1.0,0.648964418481147,0.7478580171358629,0.6949104350298551,0.8236067729738615
0,0.75,1.3,0.0,1.0,0.6490384615384616,0.7435740514075887,0.6930975470621791,0.823113595265494
0,0.75,1.35,0.0,1.0,0.6493018259935553,0.7399020807833537,0.6916475972540046,0.8227848101265823
0,0.75,1.4,0.0,1.0,0.6488960689283791,0.737454100367197,0.690346605557147,0.8222916324182147
0,0.75,1.45,0.0,1.0,0.6488673139158576,0.7362301101591188,0.6897935779816514,0.8221272398487588
0,0.75,1.5,0.0,1.0,0.6490280777537797,0.7356181150550796,0.6896156052782559,0.8221272398487588
0,0.75,1.55,0.0,1.0,0.6486193827828912,0.7331701346389229,0.6883079574834817,0.8216340621403913
0,0.75,1.6,0.0,1.0,0.6484290357529794,0.7325581395348837,0.6879310344827586,0.8214696695709354
0,0.75,1.65,0.0,1.0,0.6474741988049972,0.7294981640146879,0.6860431654676259,0.8206477067236561
0,0.75,1.7000000000000002,0.0,1.0,0.6467065868263473,0.7270501835985312,0.6845289541918755,0.8199901364458326
0,0.75,1.75,0.0,1.0,0.6470267321331151,0.7258261933904528,0.6841649841361408,0.8199901364458326
0,0.75,1.8,0.0,1.0,0.6468340611353712,0.7252141982864138,0.6837853433352569,0.8198257438763767
0,0.75,1.85,0.0,1.0,0.646448087431694,0.7239902080783354,0.6830254041570438,0.8194969587374651
0,0.75,1.9,0.0,1.0,0.6462547840349918,0.7233782129742962,0.6826451053999423,0.8193325661680092
0,0.75,1.9500000000000002,0.0,1.0,0.6456736035049289,0.7215422276621787,0.6815028901734105,0.8188393884596417
0,0.75,2.0,0.0,1.0,0.6452850877192983,0.7203182374541004,0.6807403123192598,0.8185106033207299
0,0.8,1.0,0.0,1.0,0.6501803194229778,0.7723378212974297,0.706013986013986,0.8272234095018905
0,0.8,1.05,0.0,1.0,0.649843912591051,0.7643818849449204,0.702474690663667,0.8260726615156995
0,0.8,1.1,0.0,1.0,0.6484784889821616,0.7564259485924113,0.6983050847457628,0.8244287358211408
0,0.8,1.15,0.0,1.0,0.6483921982076963,0.7527539779681762,0.6966864910790144,0.8239355581127733
0,0.8,1.2,0.0,1.0,0.6491507430997877,0.7484700122399021,0.6952814098919841,0.8237711655433174
0,0.8,1.25,0.0,1.0,0.6485333333333333,0.7441860465116279,0.6930749501282416,0.8229492026960381
0,0.8,1.3,0.0,1.0,0.6482277121374865,0.7386780905752754,0.6905034324942791,0.8221272398487588
0,0.8,1.35,0.0,1.0,0.6482982171799028,0.7343941248470012,0.6886657101865136,0.8216340621403913
0,0.8,1.4,0.0,1.0,0.647314161692892,0.730110159118727,0.6862237561115904,0.8206477067236561
0,0.8,1.45,0.0,1.0,0.6472826086956521,0.7288861689106487,0.6856649395509499,0.8204833141542003
0,0.8,1.5,0.0,1.0,0.6472509526401742,0.7276621787025703,0.6851051570152693,0.8203189215847444
0,0.8,1.55,0.0,1.0,0.646448087431694,0.7239902080783354,0.6830254041570438,0.8194969587374651
0,0.8,1.6,0.0,1.0,0.6460612691466083,0.7227662178702571,0.682264586943963,0.8191681735985533
0,0.8,1.65,0.0,1.0,0.6447007138934652,0.7184822521419829,0.6795947901591896,0.8180174256123623
0,0.8,1.7000000000000002,0.0,1.0,0.6439185470555862,0.7160342717258262,0.678064329179948,0.8173598553345389
0,0.8,1.75,0.0,1.0,0.6442360728075014,0.7148102815177478,0.677690745575863,0.8173598553345389
0,0.8,1.8,0.0,1.0,0.6438431805632248,0.7135862913096696,0.676923076923077,0.8170310701956272
0,0.8,1.85,0.0,1.0,0.6438053097345132,0.7123623011015912,0.6763509587449157,0.8168666776261713
0,0.8,1.9,0.0,1.0,0.6436081903707803,0.7117503059975521,0.6759662888695147,0.8167022850567154
0,0.8,1.9500000000000002,0.0,1.0,0.6430155210643016,0.7099143206854345,0.6748109365910413,0.8162091073483478
0,0.8,2.0,0.0,1.0,0.6426193118756937,0.7086903304773562,0.6740395809080326,0.8158803222094362
0,0.8500000000000001,1.0,0.0,1.0,0.6501803194229778,0.7723378212974297,0.706013986013986,0.8272234095018905
0,0.8500000000000001,1.05,0.0,1.0,0.6501821967725143,0.7643818849449204,0.7026722925457103,0.8262370540851554
0,0.8500000000000001,1.1,0.0,1.0,0.6482649842271293,0.7545899632802937,0.6973981900452488,0.8240999506822292
0,0.8500000000000001,1.15,0.0,1.0,0.6479915433403806,0.7503059975520195,0.6954055587067499,0.8234423804044058
0,0.8500000000000001,1.2,0.0,1.0,0.6485623003194888,0.7454100367197063,0.693621867881549,0.823113595265494
0,0.8500000000000001,1.25,0.0,1.0,0.6477516059957173,0.7405140758873929,0.6910336950314107,0.8221272398487588
0,0.8500000000000001,1.3,0.0,1.0,0.6474393530997304,0.7350061199510404,0.6884494124390943,0.8213052770014795
0,0.8500000000000001,1.35,0.0,1.0,0.6475054229934925,0.7307221542227662,0.6866014951121334,0.8208120992931119
0,0.8500000000000001,1.4,0.0,1.0,0.6465141612200436,0.726438188494492,0.6841498559077809,0.8198257438763767
0,0.8500000000000001,1.45,0.0,1.0,0.6462882096069869,0.7246022031823746,0.683208309290248,0.8194969587374651
0,0.8500000000000001,1.5,0.0,1.0,0.6462547840349918,0.7233782129742962,0.6826451053999423,0.8193325661680092
0,0.8500000000000001,1.55,0.0,1.0,0.6452498627127952,0.719094247246022,0.6801736613603473,0.818346210751274
0,0.8500000000000001,1.6,0.0,1.0,0.6448598130841121,0.7178702570379437,0.6794092093831451,0.8180174256123623
0,0.8500000000000001,1.65,0.0,1.0,0.6434878587196468,0.7135862913096696,0.6767266395821241,0.8168666776261713
0,0.8500000000000001,1.7000000000000002,0.0,1.0,0.6425013835085778,0.7105263157894737,0.6748038360941586,0.816044714778892
0,0.8500000000000001,1.75,0.0,1.0,0.6426193118756937,0.7086903304773562,0.6740395809080326,0.8158803222094362
0,0.8500000000000001,1.8,0.0,1.0,0.642023346303502,0.7068543451652387,0.672880862219633,0.8153871445010685
0,0.8500000000000001,1.85,0.0,1.0,0.6419821826280624,0.7056303549571603,0.6723032069970846,0.8152227519316126
0,0.8500000000000001,1.9,0.0,1.0,0.6417827298050139,0.7050183598531212,0.6719160104986877,0.8150583593621569
0,0.8500000000000001,1.9500000000000002,0.0,1.0,0.6411830357142857,0.7031823745410036,0.670753064798599,0.8145651816537892
0,0.8500000000000001,2.0,0.0,1.0,0.6407821229050279,0.7019583843329253,0.6699766355140186,0.8142363965148776
0,0.9,1.0,0.0,1.0,0.6501803194229778,0.7723378212974297,0.706013986013986,0.8272234095018905
0,0.9,1.05,0.0,1.0,0.65,0.7637698898408812,0.7023072594259989,0.8260726615156995
0,0.9,1.1,0.0,1.0,0.6480799579168859,0.7539779681762546,0.6970297029702971,0.8239355581127733
0,0.9,1.15,0.0,1.0,0.6481481481481481,0.7496940024479805,0.6952326901248581,0.8234423804044058
0,0.9,1.2,0.0,1.0,0.6485333333333333,0.7441860465116279,0.6930749501282416,0.8229492026960381
0,0.9,1.25,0.0,1.0,0.6477211796246649,0.7392900856793145,0.6904829951414689,0.821962847279303
0,0.9,1.3,0.0,1.0,0.6474082073434125,0.7337821297429621,0.6878944348823868,0.8211408844320237
0,0.9,1.35,0.0,1.0,0.6474741988049972,0.7294981640146879,0.6860431654676259,0.8206477067236561
0,0.9,1.4,0.0,1.0,0.646481178396072,0.7252141982864138,0.683588116527257,0.819661351306921
0,0.9,1.45,0.0,1.0,0.6462547840349918,0.7233782129742962,0.6826451053999423,0.8193325661680092
0,0.9,1.5,0.0,1.0,0.6462212486308871,0.7221542227662179,0.6820809248554913,0.8191681735985533
0,0.9,1.55,0.0,1.0,0.6452145214521452,0.7178702570379437,0.6796060254924681,0.8181818181818182
0,0.9,1.6,0.0,1.0,0.6448237885462555,0.7166462668298653,0.678840579710145,0.8178530330429065
0,0.9,1.65,0.0,1.0,0.6434494195688225,0.7123623011015912,0.6761545164101075,0.8167022850567154
0,0.9,1.7000000000000002,0.0,1.0,0.6424611973392461,0.7093023255813954,0.6742292030250145,0.8158803222094362
0,0.9,1.75,0.0,1.0,0.6425792106725959,0.7074663402692778,0.6734634430527237,0.8157159296399803
0,0.9,1.8,0.0,1.0,0.6419821826280624,0.7056303549571603,0.6723032069970846,0.8152227519316126
0,0.9,1.85,0.0,1.0,0.6419408812046848,0.704406364749082,0.6717245404143566,0.8150583593621569
0,0.9,1.9,0.0,1.0,0.6415410385259631,0.7031823745410036,0.670948905109489,0.8147295742232451
0,0.9,1.9500000000000002,0.0,1.0,0.6409395973154363,0.7013463892288861,0.6697837521917007,0.8142363965148776
0,0.9,2.0,0.0,1.0,0.6405375139977604,0.7001223990208079,0.6690058479532164,0.8139076113759658
0,0.9500000000000001,1.0,0.0,1.0,0.6501803194229778,0.7723378212974297,0.706013986013986,0.8272234095018905
0,0.9500000000000001,1.05,0.0,1.0,0.65,0.7637698898408812,0.7023072594259989,0.8260726615156995
0,0.9500000000000001,1.1,0.0,1.0,0.6480799579168859,0.7539779681762546,0.6970297029702971,0.8239355581127733
0,0.9500000000000001,1.15,0.0,1.0,0.6481481481481481,0.7496940024479805,0.6952326901248581,0.8234423804044058
0,0.9500000000000001,1.2,0.0,1.0,0.6485333333333333,0.7441860465116279,0.6930749501282416,0.8229492026960381
0,0.9500000000000001,1.25,0.0,1.0,0.6477211796246649,0.7392900856793145,0.6904829951414689,0.821962847279303
0,0.9500000000000001,1.3,0.0,1.0,0.6474082073434125,0.7337821297429621,0.6878944348823868,0.8211408844320237
0,0.9500000000000001,1.35,0.0,1.0,0.6474741988049972,0.7294981640146879,0.6860431654676259,0.8206477067236561
0,0.9500000000000001,1.4,0.0,1.0,0.6462882096069869,0.7246022031823746,0.683208309290248,0.8194969587374651
0,0.9500000000000001,1.45,0.0,1.0,0.6460612691466083,0.7227662178702571,0.682264586943963,0.8191681735985533
0,0.9500000000000001,1.5,0.0,1.0,0.646027397260274,0.7215422276621787,0.6816999132697311,0.8190037810290974
0,0.9500000000000001,1.55,0.0,1.0,0.6450192625206385,0.7172582619339045,0.6792234135033324,0.8180174256123623
0,0.9500000000000001,1.6,0.0,1.0,0.6446280991735537,0.7160342717258262,0.6784575239199768,0.8176886404734506
0,0.9500000000000001,1.65,0.0,1.0,0.6432522123893806,0.7117503059975521,0.6757699012202208,0.8165378924872596
0,0.9500000000000001,1.7000000000000002,0.0,1.0,0.6422628951747088,0.7086903304773562,0.6738434681408204,0.8157159296399803
0,0.9500000000000001,1.75,0.0,1.0,0.6423804226918799,0.7068543451652387,0.6730769230769231,0.8155515370705244
0,0.9500000000000001,1.8,0.0,1.0,0.6417827298050139,0.7050183598531212,0.6719160104986877,0.8150583593621569
0,0.9500000000000001,1.85,0.0,1.0,0.6417410714285714,0.7037943696450428,0.6713368359603035,0.814893966792701
0,0.9500000000000001,1.9,0.0,1.0,0.641340782122905,0.7025703794369645,0.6705607476635513,0.8145651816537892
0,0.9500000000000001,1.9500000000000002,0.0,1.0,0.6407386681589256,0.700734394124847,0.6693949137679042,0.8140720039454217
0,0.9500000000000001,2.0,0.0,1.0,0.6403361344537815,0.6995104039167687,0.6686165545481135,0.8137432188065099
0,1.0,1.0,0.0,1.0,0.6501803194229778,0.7723378212974297,0.706013986013986,0.8272234095018905
0,1.0,1.05,0.0,1.0,0.65,0.7637698898408812,0.7023072594259989,0.8260726615156995
0,1.0,1.1,0.0,1.0,0.6480799579168859,0.7539779681762546,0.6970297029702971,0.8239355581127733
0,1.0,1.15,0.0,1.0,0.6481481481481481,0.7496940024479805,0.6952326901248581,0.8234423804044058
0,1.0,1.2,0.0,1.0,0.6485333333333333,0.7441860465116279,0.6930749501282416,0.8229492026960381
0,1.0,1.25,0.0,1.0,0.6477211796246649,0.7392900856793145,0.6904829951414689,0.821962847279303
0,1.0,1.3,0.0,1.0,0.6474082073434125,0.7337821297429621,0.6878944348823868,0.8211408844320237
0,1.0,1.35,0.0,1.0,0.6474741988049972,0.7294981640146879,0.6860431654676259,0.8206477067236561
0,1.0,1.4,0.0,1.0,0.6462882096069869,0.7246022031823746,0.683208309290248,0.8194969587374651
0,1.0,1.45,0.0,1.0,0.6460612691466083,0.7227662178702571,0.682264586943963,0.8191681735985533
0,1.0,1.5,0.0,1.0,0.646027397260274,0.7215422276621787,0.6816999132697311,0.8190037810290974
0,1.0,1.55,0.0,1.0,0.6450192625206385,0.7172582619339045,0.6792234135033324,0.8180174256123623
0,1.0,1.6,0.0,1.0,0.6446280991735537,0.7160342717258262,0.6784575239199768,0.8176886404734506
0,1.0,1.65,0.0,1.0,0.6432522123893806,0.7117503059975521,0.6757699012202208,0.8165378924872596
0,1.0,1.7000000000000002,0.0,1.0,0.6422628951747088,0.7086903304773562,0.6738434681408204,0.8157159296399803
0,1.0,1.75,0.0,1.0,0.6423804226918799,0.7068543451652387,0.6730769230769231,0.8155515370705244
0,1.0,1.8,0.0,1.0,0.6417827298050139,0.7050183598531212,0.6719160104986877,0.8150583593621569
0,1.0,1.85,0.0,1.0,0.6417410714285714,0.7037943696450428,0.6713368359603035,0.814893966792701
0,1.0,1.9,0.0,1.0,0.641340782122905,0.7025703794369645,0.6705607476635513,0.8145651816537892
0,1.0,1.9500000000000002,0.0,1.0,0.6407386681589256,0.700734394124847,0.6693949137679042,0.8140720039454217
0,1.0,2.0,0.0,1.0,0.6403361344537815,0.6995104039167687,0.6686165545481135,0.8137432188065099
0,0.0,1.0,0.0,1.0,0.6501803194229778,0.7723378212974297,0.706013986013986,0.8272234095018905
0,0.0,1.0,0.0,1.05,0.6501803194229778,0.7723378212974297,0.706013986013986,0.8272234095018905
0,0.0,1.0,0.0,1.1,0.6501803194229778,0.7723378212974297,0.706013986013986,0.8272234095018905
0,0.0,1.0,0.0,1.15,0.6501803194229778,0.7723378212974297,0.706013986013986,0.8272234095018905
0,0.0,1.0,0.0,1.2,0.6501803194229778,0.7723378212974297,0.706013986013986,0.8272234095018905
0,0.0,1.0,0.0,1.25,0.6501803194229778,0.7723378212974297,0.706013986013986,0.8272234095018905
0,0.0,1.0,0.0,1.3,0.6501803194229778,0.7723378212974297,0.706013986013986,0.8272234095018905
0,0.0,1.0,0.0,1.35,0.6501803194229778,0.7723378212974297,0.706013986013986,0.8272234095018905
0,0.0,1.0,0.0,1.4,0.6501803194229778,0.7723378212974297,0.706013986013986,0.8272234095018905
0,0.0,1.0,0.0,1.45,0.6501803194229778,0.7723378212974297,0.706013986013986,0.8272234095018905
0,0.0,1.0,0.0,1.5,0.6501803194229778,0.7723378212974297,0.706013986013986,0.8272234095018905
0,0.0,1.0,0.0,1.55,0.6501803194229778,0.7723378212974297,0.706013986013986,0.8272234095018905
0,0.0,1.0,0.0,1.6,0.6501803194229778,0.7723378212974297,0.706013986013986,0.8272234095018905
0,0.0,1.0,0.0,1.65,0.6501803194229778,0.7723378212974297,0.706013986013986,0.8272234095018905
0,0.0,1.0,0.0,1.7000000000000002,0.6501803194229778,0.7723378212974297,0.706013986013986,0.8272234095018905
0,0.0,1.0,0.0,1.75,0.6501803194229778,0.7723378212974297,0.706013986013986,0.8272234095018905
0,0.0,1.0,0.0,1.8,0.6501803194229778,0.7723378212974297,0.706013986013986,0.8272234095018905
0,0.0,1.0,0.0,1.85,0.6501803194229778,0.7723378212974297,0.706013986013986,0.8272234095018905
0,0.0,1.0,0.0,1.9,0.6501803194229778,0.7723378212974297,0.706013986013986,0.8272234095018905
0,0.0,1.0,0.0,1.9500000000000002,0.6501803194229778,0.7723378212974297,0.706013986013986,0.8272234095018905
0,0.0,1.0,0.0,2.0,0.6501803194229778,0.7723378212974297,0.706013986013986,0.8272234095018905
0,0.0,1.0,0.05,1.0,0.6501803194229778,0.7723378212974297,0.706013986013986,0.8272234095018905
0,0.0,1.0,0.05,1.05,0.6501803194229778,0.7723378212974297,0.706013986013986,0.8272234095018905
0,0.0,1.0,0.05,1.1,0.6501803194229778,0.7723378212974297,0.706013986013986,0.8272234095018905
0,0.0,1.0,0.05,1.15,0.6501803194229778,0.7723378212974297,0.706013986013986,0.8272234095018905
0,0.0,1.0,0.05,1.2,0.6501803194229778,0.7723378212974297,0.706013986013986,0.8272234095018905
0,0.0,1.0,0.05,1.25,0.6501803194229778,0.7723378212974297,0.706013986013986,0.8272234095018905
0,0.0,1.0,0.05,1.3,0.6501803194229778,0.7723378212974297,0.706013986013986,0.8272234095018905
0,0.0,1.0,0.05,1.35,0.6501803194229778,0.7723378212974297,0.706013986013986,0.8272234095018905
0,0.0,1.0,0.05,1.4,0.6501803194229778,0.7723378212974297,0.706013986013986,0.8272234095018905
0,0.0,1.0,0.05,1.45,0.6501803194229778,0.7723378212974297,0.706013986013986,0.8272234095018905
0,0.0,1.0,0.05,1.5,0.6501803194229778,0.7723378212974297,0.706013986013986,0.8272234095018905
0,0.0,1.0,0.05,1.55,0.6501803194229778,0.7723378212974297,0.706013986013986,0.8272234095018905
0,0.0,1.0,0.05,1.6,0.6501803194229778,0.7723378212974297,0.706013986013986,0.8272234095018905
0,0.0,1.0,0.05,1.65,0.6501803194229778,0.7723378212974297,0.706013986013986,0.8272234095018905
0,0.0,1.0,0.05,1.7000000000000002,0.6501803194229778,0.7723378212974297,0.706013986013986,0.8272234095018905
0,0.0,1.0,0.05,1.75,0.6501803194229778,0.7723378212974297,0.706013986013986,0.8272234095018905
0,0.0,1.0,0.05,1.8,0.6501803194229778,0.7723378212974297,0.706013986013986,0.8272234095018905
0,0.0,1.0,0.05,1.85,0.6501803194229778,0.7723378212974297,0.706013986013986,0.8272234095018905
0,0.0,1.0,0.05,1.9,0.6501803194229778,0.7723378212974297,0.706013986013986,0.8272234095018905
0,0.0,1.0,0.05,1.9500000000000002,0.6501803194229778,0.7723378212974297,0.706013986013986,0.8272234095018905
0,0.0,1.0,0.05,2.0,0.6501803194229778,0.7723378212974297,0.706013986013986,0.8272234095018905
0,0.0,1.0,0.1,1.0,0.6501803194229778,0.7723378212974297,0.706013986013986,0.8272234095018905
0,0.0,1.0,0.1,1.05,0.6501803194229778,0.7723378212974297,0.706013986013986,0.8272234095018905
0,0.0,1.0,0.1,1.1,0.6501803194229778,0.7723378212974297,0.706013986013986,0.8272234095018905
0,0.0,1.0,0.1,1.15,0.6501803194229778,0.7723378212974297,0.706013986013986,0.8272234095018905
0,0.0,1.0,0.1,1.2,0.6501803194229778,0.7723378212974297,0.706013986013986,0.8272234095018905
0,0.0,1.0,0.1,1.25,0.6501803194229778,0.7723378212974297,0.706013986013986,0.8272234095018905
0,0.0,1.0,0.1,1.3,0.6501803194229778,0.7723378212974297,0.706013986013986,0.8272234095018905
0,0.0,1.0,0.1,1.35,0.6501803194229778,0.7723378212974297,0.706013986013986,0.8272234095018905
0,0.0,1.0,0.1,1.4,0.6501803194229778,0.7723378212974297,0.706013986013986,0.8272234095018905
0,0.0,1.0,0.1,1.45,0.6501803194229778,0.7723378212974297,0.706013986013986,0.8272234095018905
0,0.0,1.0,0.1,1.5,0.6501803194229778,0.7723378212974297,0.706013986013986,0.8272234095018905
0,0.0,1.0,0.1,1.55,0.6501803194229778,0.7723378212974297,0.706013986013986,0.8272234095018905
0,0.0,1.0,0.1,1.6,0.6501803194229778,0.7723378212974297,0.706013986013986,0.8272234095018905
0,0.0,1.0,0.1,1.65,0.6501803194229778,0.7723378212974297,0.706013986013986,0.8272234095018905
0,0.0,1.0,0.1,1.7000000000000002,0.6501803194229778,0.7723378212974297,0.706013986013986,0.8272234095018905
0,0.0,1.0,0.1,1.75,0.6501803194229778,0.7723378212974297,0.706013986013986,0.8272234095018905
0,0.0,1.0,0.1,1.8,0.6501803194229778,0.7723378212974297,0.706013986013986,0.8272234095018905
0,0.0,1.0,0.1,1.85,0.6501803194229778,0.7723378212974297,0.706013986013986,0.8272234095018905
0,0.0,1.0,0.1,1.9,0.6501803194229778,0.7723378212974297,0.706013986013986,0.8272234095018905
0,0.0,1.0,0.1,1.9500000000000002,0.6501803194229778,0.7723378212974297,0.706013986013986,0.8272234095018905
0,0.0,1.0,0.1,2.0,0.6501803194229778,0.7723378212974297,0.706013986013986,0.8272234095018905
0,0.0,1.0,0.15000000000000002,1.0,0.6501803194229778,0.7723378212974297,0.706013986013986,0.8272234095018905
0,0.0,1.0,0.15000000000000002,1.05,0.6501803194229778,0.7723378212974297,0.706013986013986,0.8272234095018905
0,0.0,1.0,0.15000000000000002,1.1,0.6501803194229778,0.7723378212974297,0.706013986013986,0.8272234095018905
0,0.0,1.0,0.15000000000000002,1.15,0.6501803194229778,0.7723378212974297,0.706013986013986,0.8272234095018905
0,0.0,1.0,0.15000000000000002,1.2,0.65,0.7717258261933905,0.7056519306099608,0.8270590169324347
0,0.0,1.0,0.15000000000000002,1.25,0.65,0.7717258261933905,0.7056519306099608,0.8270590169324347
0,0.0,1.0,0.15000000000000002,1.3,0.65,0.7717258261933905,0.7056519306099608,0.8270590169324347
0,0.0,1.0,0.15000000000000002,1.35,0.65,0.7717258261933905,0.7056519306099608,0.8270590169324347
0,0.0,1.0,0.15000000000000002,1.4,0.65,0.7717258261933905,0.7056519306099608,0.8270590169324347
0,0.0,1.0,0.15000000000000002,1.45,0.65,0.7717258261933905,0.7056519306099608,0.8270590169324347
0,0.0,1.0,0.15000000000000002,1.5,0.65,0.7717258261933905,0.7056519306099608,0.8270590169324347
0,0.0,1.0,0.15000000000000002,1.55,0.65,0.7717258261933905,0.7056519306099608,0.8270590169324347
0,0.0,1.0,0.15000000000000002,1.6,0.65,0.7717258261933905,0.7056519306099608,0.8270590169324347
0,0.0,1.0,0.15000000000000002,1.65,0.65,0.7717258261933905,0.7056519306099608,0.8270590169324347
0,0.0,1.0,0.15000000000000002,1.7000000000000002,0.65,0.7717258261933905,0.7056519306099608,0.8270590169324347
0,0.0,1.0,0.15000000000000002,1.75,0.65,0.7717258261933905,0.7056519306099608,0.8270590169324347
0,0.0,1.0,0.15000000000000002,1.8,0.65,0.7717258261933905,0.7056519306099608,0.8270590169324347
0,0.0,1.0,0.15000000000000002,1.85,0.65,0.7717258261933905,0.7056519306099608,0.8270590169324347
0,0.0,1.0,0.15000000000000002,1.9,0.65,0.7717258261933905,0.7056519306099608,0.8270590169324347
0,0.0,1.0,0.15000000000000002,1.9500000000000002,0.65,0.7717258261933905,0.7056519306099608,0.8270590169324347
0,0.0,1.0,0.15000000000000002,2.0,0.65,0.7717258261933905,0.7056519306099608,0.8270590169324347
0,0.0,1.0,0.2,1.0,0.6501803194229778,0.7723378212974297,0.706013986013986,0.8272234095018905
0,0.0,1.0,0.2,1.05,0.6501803194229778,0.7723378212974297,0.706013986013986,0.8272234095018905
0,0.0,1.0,0.2,1.1,0.6501803194229778,0.7723378212974297,0.706013986013986,0.8272234095018905
0,0.0,1.0,0.2,1.15,0.6501803194229778,0.7723378212974297,0.706013986013986,0.8272234095018905
0,0.0,1.0,0.2,1.2,0.6498194945848376,0.7711138310893513,0.7052896725440807,0.8268946243629788
0,0.0,1.0,0.2,1.25,0.6498194945848376,0.7711138310893513,0.7052896725440807,0.8268946243629788
0,0.0,1.0,0.2,1.3,0.6498194945848376,0.7711138310893513,0.7052896725440807,0.8268946243629788
0,0.0,1.0,0.2,1.35,0.6498194945848376,0.7711138310893513,0.7052896725440807,0.8268946243629788
0,0.0,1.0,0.2,1.4,0.6498194945848376,0.7711138310893513,0.7052896725440807,0.8268946243629788
0,0.0,1.0,0.2,1.45,0.6498194945848376,0.7711138310893513,0.7052896725440807,0.8268946243629788
0,0.0,1.0,0.2,1.5,0.6498194945848376,0.7711138310893513,0.7052896725440807,0.8268946243629788
0,0.0,1.0,0.2,1.55,0.6498194945848376,0.7711138310893513,0.7052896725440807,0.8268946243629788
0,0.0,1.0,0.2,1.6,0.6498194945848376,0.7711138310893513,0.7052896725440807,0.8268946243629788
0,0.0,1.0,0.2,1.65,0.6498194945848376,0.7711138310893513,0.7052896725440807,0.8268946243629788
0,0.0,1.0,0.2,1.7000000000000002,0.6498194945848376,0.7711138310893513,0.7052896725440807,0.8268946243629788
0,0.0,1.0,0.2,1.75,0.6498194945848376,0.7711138310893513,0.7052896725440807,0.8268946243629788
0,0.0,1.0,0.2,1.8,0.6498194945848376,0.7711138310893513,0.7052896725440807,0.8268946243629788
0,0.0,1.0,0.2,1.85,0.6498194945848376,0.7711138310893513,0.7052896725440807,0.8268946243629788
0,0.0,1.0,0.2,1.9,0.6498194945848376,0.7711138310893513,0.7052896725440807,0.8268946243629788
0,0.0,1.0,0.2,1.9500000000000002,0.6498194945848376,0.7711138310893513,0.7052896725440807,0.8268946243629788
0,0.0,1.0,0.2,2.0,0.6498194945848376,0.7711138310893513,0.7052896725440807,0.8268946243629788
0,0.0,1.0,0.25,1.0,0.6501803194229778,0.7723378212974297,0.706013986013986,0.8272234095018905
0,0.0,1.0,0.25,1.05,0.6499741868869385,0.7705018359853121,0.7051246149537944,0.8268946243629788
0,0.0,1.0,0.25,1.1,0.6502845318158303,0.7692778457772338,0.704793944491169,0.8268946243629788
0,0.0,1.0,0.25,1.15,0.6509580528223718,0.7692778457772338,0.7051893408134643,0.8272234095018905
0,0.0,1.0,0.25,1.2,0.6507276507276507,0.7662178702570379,0.7037661607644744,0.8267302317935229
0,0.0,1.0,0.25,1.25,0.6510660426417056,0.7662178702570379,0.703964014619061,0.8268946243629788
0,0.0,1.0,0.25,1.3,0.651199165797706,0.7643818849449204,0.7032657657657657,0.8267302317935229
0,0.0,1.0,0.25,1.35,0.651017214397496,0.7637698898408812,0.702900591382709,0.8265658392240671
0,0.0,1.0,0.25,1.4,0.6508350730688935,0.7631578947368421,0.7025352112676057,0.8264014466546112
0,0.0,1.0,0.25,1.45,0.6504702194357367,0.7619339045287638,0.701803833145434,0.8260726615156995
0,0.0,1.0,0.25,1.5,0.6502875065342394,0.7613219094247246,0.7014378347899632,0.8259082689462436
0,0.0,1.0,0.25,1.55,0.6502875065342394,0.7613219094247246,0.7014378347899632,0.8259082689462436
0,0.0,1.0,0.25,1.6,0.650261780104712,0.7600979192166463,0.7009029345372461,0.8257438763767878
0,0.0,1.0,0.25,1.65,0.650261780104712,0.7600979192166463,0.7009029345372461,0.8257438763767878
0,0.0,1.0,0.25,1.7000000000000002,0.650261780104712,0.7600979192166463,0.7009029345372461,0.8257438763767878
0,0.0,1.0,0.25,1.75,0.650261780104712,0.7600979192166463,0.7009029345372461,0.8257438763767878
0,0.0,1.0,0.25,1.8,0.6506024096385542,0.7600979192166463,0.7011007620660458,0.8259082689462436
0,0.0,1.0,0.25,1.85,0.6506024096385542,0.7600979192166463,0.7011007620660458,0.8259082689462436
0,0.0,1.0,0.25,1.9,0.6506024096385542,0.7600979192166463,0.7011007620660458,0.8259082689462436
0,0.0,1.0,0.25,1.9500000000000002,0.6506024096385542,0.7600979192166463,0.7011007620660458,0.8259082689462436
0,0.0,1.0,0.25,2.0,0.6506024096385542,0.7600979192166463,0.7011007620660458,0.8259082689462436
0,0.0,1.0,0.30000000000000004,1.0,0.6501803194229778,0.7723378212974297,0.706013986013986,0.8272234095018905
0,0.0,1.0,0.30000000000000004,1.05,0.6507772020725389,0.7686658506731946,0.7048260381593715,0.8270590169324347
0,0.0,1.0,0.30000000000000004,1.1,0.6520833333333333,0.7662178702570379,0.7045582442318514,0.8273878020713463
0,0.0,1.0,0.30000000000000004,1.15,0.655299055613851,0.7643818849449204,0.7056497175141243,0.8287029426269933
0,0.0,1.0,0.30000000000000004,1.2,0.6543340380549683,0.7576499388004896,0.7022121384004538,0.8273878020713463
0,0.0,1.0,0.30000000000000004,1.25,0.6558854718981972,0.7570379436964504,0.702840909090909,0.8280453723491699
0,0.0,1.0,0.30000000000000004,1.3,0.6554845580404686,0.7533659730722154,0.7010250569476082,0.8273878020713463
0,0.0,1.0,0.30000000000000004,1.35,0.655282817502668,0.7515299877600979,0.7001140250855188,0.8270590169324347
0,0.0,1.0,0.30000000000000004,1.4,0.6545454545454545,0.7490820073439413,0.6986301369863014,0.8264014466546112
0,0.0,1.0,0.30000000000000004,1.45,0.653969957081545,0.7460220318237454,0.6969696969696969,0.8257438763767878
0,0.0,1.0,0.30000000000000004,1.5,0.6537634408602151,0.7441860465116279,0.6960503720663995,0.825415091237876
0,0.0,1.0,0.30000000000000004,1.55,0.6532040926225094,0.7423500611995104,0.6949298195359497,0.8249219135295085
0,0.0,1.0,0.30000000000000004,1.6,0.6528077753779697,0.7399020807833537,0.6936316695352839,0.8244287358211408
0,0.0,1.0,0.30000000000000004,1.65,0.6528077753779697,0.7399020807833537,0.6936316695352839,0.8244287358211408
0,0.0,1.0,0.30000000000000004,1.7000000000000002,0.6524324324324324,0.7386780905752754,0.6928817451205511,0.8240999506822292
0,0.0,1.0,0.30000000000000004,1.75,0.6531385281385281,0.7386780905752754,0.6932797242963813,0.8244287358211408
0,0.0,1.0,0.30000000000000004,1.8,0.6534921494315106,0.7386780905752754,0.6934788853777649,0.8245931283905967
0,0.0,1.0,0.30000000000000004,1.85,0.6533044420368364,0.7380660954712362,0.6931034482758621,0.8244287358211408
0,0.0,1.0,0.30000000000000004,1.9,0.6533044420368364,0.7380660954712362,0.6931034482758621,0.8244287358211408
0,0.0,1.0,0.30000000000000004,1.9500000000000002,0.6529284164859002,0.7368421052631579,0.6923519263944794,0.8240999506822292
0,0.0,1.0,0.30000000000000004,2.0,0.6529284164859002,0.7368421052631579,0.6923519263944794,0.8240999506822292
0,0.0,1.0,0.35000000000000003,1.0,0.6501803194229778,0.7723378212974297,0.706013986013986,0.8272234095018905
0,0.0,1.0,0.35000000000000003,1.05,0.6537656903765691,0.7649938800489596,0.7050197405527354,0.8280453723491699
0,0.0,1.0,0.35000000000000003,1.1,0.6576576576576577,0.7594859241126071,0.7049133768815679,0.8291961203353608
0,0.0,1.0,0.35000000000000003,1.15,0.6634356488960689,0.7539779681762546,0.7058149527356058,0.8311688311688312
0,0.0,1.0,0.35000000000000003,1.2,0.6637506834335702,0.7429620563035496,0.7011261911637309,0.8298536906131843
0,0.0,1.0,0.35000000000000003,1.25,0.6679558011049723,0.7399020807833537,0.7020905923344948,0.831333223738287
0,0.0,1.0,0.35000000000000003,1.3,0.6672250139586823,0.7313341493268054,0.6978102189781022,0.8298536906131843
0,0.0,1.0,0.35000000000000003,1.35,0.6672268907563025,0.7288861689106487,0.6966949400409477,0.8295249054742726
0,0.0,1.0,0.35000000000000003,1.4,0.6662915025323579,0.7246022031823746,0.694224567575491,0.8285385500575374
0,0.0,1.0,0.35000000000000003,1.45,0.6672345258375922,0.719094247246022,0.6921944035346097,0.8282097649186256
0,0.0,1.0,0.35000000000000003,1.5,0.6674272675413577,0.7160342717258262,0.6908768821966343,0.827880979779714
0,0.0,1.0,0.35000000000000003,1.55,0.6664759725400458,0.7129742962056304,0.6889414547604967,0.8270590169324347
0,0.0,1.0,0.35000000000000003,1.6,0.6660929432013769,0.7105263157894737,0.6875925377554042,0.8265658392240671
0,0.0,1.0,0.35000000000000003,1.65,0.6658999424956872,0.7086903304773562,0.6866291135487698,0.8262370540851554
0,0.0,1.0,0.35000000000000003,1.7000000000000002,0.6649365628604383,0.7056303549571603,0.6846793349168646,0.825415091237876
0,0.0,1.0,0.35000000000000003,1.75,0.6657027183342973,0.704406364749082,0.6845078798691645,0.8255794838073319
0,0.0,1.0,0.35000000000000003,1.8,0.6660869565217391,0.7031823745410036,0.6841321821970825,0.8255794838073319
0,0.0,1.0,0.35000000000000003,1.85,0.6658919233004067,0.7013463892288861,0.6831594634873323,0.8252506986684202
0,0.0,1.0,0.35000000000000003,1.9,0.6658919233004067,0.7013463892288861,0.6831594634873323,0.8252506986684202
0,0.0,1.0,0.35000000000000003,1.9500000000000002,0.6655031995346131,0.7001223990208079,0.6823739934387116,0.8249219135295085
0,0.0,1.0,0.35000000000000003,2.0,0.664918414918415,0.6982864137086904,0.6811940298507464,0.8244287358211408
0,0.0,1.0,0.4,1.0,0.6501803194229778,0.7723378212974297,0.706013986013986,0.8272234095018905
0,0.0,1.0,0.4,1.05,0.6573537163943068,0.7631578947368421,0.7063154913622204,0.8295249054742726
0,0.0,1.0,0.4,1.1,0.6634356488960689,0.7539779681762546,0.7058149527356058,0.8311688311688312
0,0.0,1.0,0.4,1.15,0.6712555066079295,0.7460220318237454,0.7066666666666667,0.833634719710669
0,0.0,1.0,0.4,1.2,0.6739988719684151,0.7313341493268054,0.7014969181097741,0.8328127568633897
0,0.0,1.0,0.4,1.25,0.6810097532989099,0.726438188494492,0.702990820254664,0.8351142528357718
0,0.0,1.0,0.4,1.3,0.6812354312354313,0.715422276621787,0.6979104477611939,0.833634719710669
0,0.0,1.0,0.4,1.35,0.681551116333725,0.7099143206854345,0.6954436450839329,0.8329771494328456
0,0.0,1.0,0.4,1.4,0.6806872037914692,0.7031823745410036,0.6917519566526189,0.8316620088771988
0,0.0,1.0,0.4,1.45,0.6820359281437126,0.697062423500612,0.6894673123486682,0.831333223738287
0,0.0,1.0,0.4,1.5,0.6821192052980133,0.693390452876377,0.6877086494688923,0.8308400460299195
0,0.0,1.0,0.4,1.55,0.6809667673716012,0.6897184822521419,0.6853146853146853,0.8298536906131843
0,0.0,1.0,0.4,1.6,0.6812386156648452,0.6866585067319462,0.6839378238341969,0.8295249054742726
0,0.0,1.0,0.4,1.65,0.6809029896278218,0.6829865361077111,0.6819431714023831,0.8288673351964492
0,0.0,1.0,0.4,1.7000000000000002,0.6797305572565829,0.6793145654834761,0.6795224977043158,0.827880979779714
0,0.0,1.0,0.4,1.75,0.6803933620159803,0.6774785801713586,0.6789328426862925,0.827880979779714
0,0.0,1.0,0.4,1.8,0.6812847436689314,0.675030599755202,0.6781432523824161,0.827880979779714
0,0.0,1.0,0.4,1.85,0.6811145510835913,0.6731946144430845,0.6771314250538628,0.8275521946408022
0,0.0,1.0,0.4,1.9,0.6809169764560099,0.6725826193390453,0.6767241379310344,0.8273878020713463
0,0.0,1.0,0.4,1.9500000000000002,0.6801242236024845,0.6701346389228886,0.6750924784217016,0.8267302317935229
0,0.0,1.0,0.4,2.0,0.6791277258566978,0.6670746634026927,0.6730472368014819,0.8259082689462436
0,0.0,1.0,0.45,1.0,0.6501803194229778,0.7723378212974297,0.706013986013986,0.8272234095018905
0,0.0,1.0,0.45,1.05,0.6615302869287991,0.7619339045287638,0.7081911262798635,0.831333223738287
0,0.0,1.0,0.45,1.1,0.6695794647733478,0.7503059975520195,0.7076479076479075,0.8334703271412132
0,0.0,1.0,0.45,1.15,0.6799550814149354,0.741126070991432,0.7092240117130307,0.8367581785303304
0,0.0,1.0,0.45,1.2,0.6847888953152111,0.7246022031823746,0.704133214391912,0.8364293933914188
0,0.0,1.0,0.45,1.25,0.6951871657754011,0.7160342717258262,0.7054567380162798,0.8393884596416242
0,0.0,1.0,0.45,1.3,0.6965475469412478,0.7037943696450428,0.7001522070015221,0.8380733190859773
0,0.0,1.0,0.45,1.35,0.6971183323114654,0.6958384332925337,0.6964777947932618,0.8370869636692422
0,0.0,1.0,0.45,1.4,0.6966501240694789,0.6872705018359853,0.6919285274183611,0.8356074305441394
0,0.0,1.0,0.45,1.45,0.6979232221522971,0.6787025703794369,0.6881787154824698,0.8347854676968601
0,0.0,1.0,0.45,1.5,0.6982210927573063,0.6725826193390453,0.6851620947630923,0.8339635048495808
0,0.0,1.0,0.45,1.55,0.6971246006389776,0.6676866585067319,0.6820881525476712,0.8328127568633897
0,0.0,1.0,0.45,1.6,0.6975546975546976,0.6634026927784578,0.6800501882057716,0.8323195791550222
0,0.0,1.0,0.45,1.65,0.6972833117723156,0.6597307221542228,0.6779874213836478,0.8316620088771988
0,0.0,1.0,0.45,1.7000000000000002,0.6955107351984385,0.6542227662178702,0.6742352570167139,0.830182475752096
0,0.0,1.0,0.45,1.75,0.6963350785340314,0.6511627906976745,0.6729917773561038,0.8300180831826401
0,0.0,1.0,0.45,1.8,0.6971691902567478,0.6481028151774786,0.6717411988582302,0.8298536906131843
0,0.0,1.0,0.45,1.85,0.6974900924702774,0.6462668298653611,0.6709021601016518,0.8296892980437284
0,0.0,1.0,0.45,1.9,0.6972901520158625,0.6456548347613219,0.6704798220527486,0.8295249054742726
0,0.0,1.0,0.45,1.9500000000000002,0.6962864721485411,0.642594859241126,0.668364099299809,0.8287029426269933
0,0.0,1.0,0.45,2.0,0.6950732356857523,0.6389228886168911,0.6658163265306123,0.8277165872102581
0,0.0,1.0,0.5,1.0,0.6501803194229778,0.7723378212974297,0.706013986013986,0.8272234095018905
0,0.0,1.0,0.5,1.05,0.6625734116390817,0.7594859241126071,0.7077274023381808,0.8314976163077429
0,0.0,1.0,0.5,1.1,0.6719955898566703,0.7460220318237454,0.70707656612529,0.8339635048495808
0,0.0,1.0,0.5,1.15,0.6843607305936074,0.7337821297429621,0.7082102776137035,0.8375801413776097
0,0.0,1.0,0.5,1.2,0.6906729634002361,0.7160342717258262,0.703125,0.8375801413776097
0,0.0,1.0,0.5,1.25,0.7036585365853658,0.7062423500611995,0.70494807574832,0.8411967779056386
0,0.0,1.0,0.5,1.3,0.7072409488139825,0.693390452876377,0.7002472187886281,0.8405392076278152
0,0.0,1.0,0.5,1.35,0.7088607594936709,0.6854345165238678,0.6969508400746733,0.8398816373499918
0,0.0,1.0,0.5,1.4,0.7086007702182285,0.6756425948592412,0.6917293233082707,0.8382377116554331
0,0.0,1.0,0.5,1.45,0.7110091743119266,0.664014687882497,0.6867088607594937,0.8372513562386981
0,0.0,1.0,0.5,1.5,0.7123923127899271,0.6578947368421053,0.6840598154629335,0.8367581785303304
0,0.0,1.0,0.5,1.55,0.7109479305740988,0.6517747858017136,0.6800766283524905,0.8352786454052277
0,0.0,1.0,0.5,1.6,0.7111111111111111,0.6462668298653611,0.6771401090092978,0.8344566825579484
0,0.0,1.0,0.5,1.65,0.7107942973523421,0.6407588739290085,0.6739620212423559,0.8334703271412132
0,0.0,1.0,0.5,1.7000000000000002,0.7088174982911825,0.6346389228886169,0.6696803358088473,0.8318264014466547
0,0.0,1.0,0.5,1.75,0.7100550964187328,0.6309669522643819,0.6681788723266365,0.8316620088771988
0,0.0,1.0,0.5,1.8,0.7113115891741846,0.6272949816401469,0.6666666666666667,0.8314976163077429
0,0.0,1.0,0.5,1.85,0.7114982578397212,0.6248470012239902,0.6653633105246007,0.8311688311688312
0,0.0,1.0,0.5,1.9,0.7108938547486033,0.6230110159118727,0.6640574037834311,0.8306756534604636
0,0.0,1.0,0.5,1.9500000000000002,0.7096774193548387,0.6193390452876377,0.661437908496732,0.8296892980437284
0,0.0,1.0,0.5,2.0,0.7080394922425952,0.6144430844553244,0.6579292267365662,0.8283741574880815
0,0.0,1.0,0.55,1.0,0.6501803194229778,0.7723378212974297,0.706013986013986,0.8272234095018905
0,0.0,1.0,0.55,1.05,0.6690102758247701,0.7570379436964504,0.7103072064312375,0.8341278974190367
0,0.0,1.0,0.55,1.1,0.6849237718802936,0.7423500611995104,0.712481644640235,0.8390596745027125
0,0.0,1.0,0.55,1.15,0.7000589275191514,0.7270501835985312,0.7132993095166617,0.8430050961696531
0,0.0,1.0,0.55,1.2,0.7087676272225628,0.7074663402692778,0.7081163859111792,0.8433338813085649
0,0.0,1.0,0.55,1.25,0.7235668789808917,0.6952264381884945,0.7091136079900123,0.8467861252671379
0,0.0,1.0,0.55,1.3,0.7280471821756226,0.6799265605875153,0.7031645569620254,0.8457997698504027
0,0.0,1.0,0.55,1.35,0.7296395193591455,0.6689106487148103,0.6979565772669222,0.8444846292947559
0,0.0,1.0,0.55,1.4,0.7314751869476547,0.6585067319461444,0.6930756843800322,0.8433338813085649
0,0.0,1.0,0.55,1.45,0.7348220516399162,0.6444308445532436,0.6866644929898924,0.8420187407529179
0,0.0,1.0,0.55,1.5,0.7362093352192363,0.6370869033047736,0.6830708661417324,0.8411967779056386
0,0.0,1.0,0.55,1.55,0.7367668097281831,0.6303549571603427,0.679419525065963,0.8402104224889035
0,0.0,1.0,0.55,1.6,0.737527114967462,0.6242350061199511,0.6761683791846206,0.8393884596416242
0,0.0,1.0,0.55,1.65,0.7395451210564931,0.616891064871481,0.6726726726726727,0.8387308893638008
0,0.0,1.0,0.55,1.7000000000000002,0.7374260355029586,0.6101591187270502,0.6677829872739451,0.8369225710997863
0,0.0,1.0,0.55,1.75,0.7415730337078652,0.605875152998776,0.6668912091613338,0.8374157488081538
0,0.0,1.0,0.55,1.8,0.7430083144368859,0.6015911872705019,0.6648630368616841,0.8370869636692422
0,0.0,1.0,0.55,1.85,0.743920972644377,0.5991432068543452,0.6637288135593221,0.8369225710997863
0,0.0,1.0,0.55,1.9,0.7433358720487433,0.5973072215422277,0.6623685103495079,0.8364293933914188
0,0.0,1.0,0.55,1.9500000000000002,0.7427258805513017,0.5936352509179926,0.6598639455782314,0.8356074305441394
0,0.0,1.0,0.55,2.0,0.7409406322282189,0.5881272949816402,0.6557488911634255,0.8341278974190367
0,0.0,1.0,0.6000000000000001,1.0,0.6501803194229778,0.7723378212974297,0.706013986013986,0.8272234095018905
0,0.0,1.0,0.6000000000000001,1.05,0.6737704918032786,0.7545899632802937,0.7118937644341802,0.8359362156830511
0,0.0,1.0,0.6000000000000001,1.1,0.6935020126509488,0.7380660954712362,0.7150904239549363,0.8420187407529179
0,0.0,1.0,0.6000000000000001,1.15,0.7107487922705314,0.7203182374541004,0.715501519756839,0.8461285549893145
0,0.0,1.0,0.6000000000000001,1.2,0.7210626185958254,0.6976744186046512,0.7091757387247279,0.8462929475587704
0,0.0,1.0,0.6000000000000001,1.25,0.7376074025115664,0.6829865361077111,0.7092469018112487,0.8495807989478875
0,0.0,1.0,0.6000000000000001,1.3,0.7435020519835841,0.6652386780905752,0.7021963824289406,0.8484300509616965
0,0.0,1.0,0.6000000000000001,1.35,0.7477224947442186,0.652998776009792,0.6971577915713818,0.8476080881144172
0,0.0,1.0,0.6000000000000001,1.4,0.7512580877066858,0.6395348837209303,0.6909090909090909,0.8462929475587704
0,0.0,1.0,0.6000000000000001,1.45,0.7580044676098288,0.6230110159118727,0.6839099764863957,0.8453065921420352
0,0.0,1.0,0.6000000000000001,1.5,0.7613636363636364,0.6150550795593636,0.6804333107650643,0.8448134144336676
0,0.0,1.0,0.6000000000000001,1.55,0.7636643571978445,0.6070991432068543,0.6764405046027958,0.8439914515863883
0,0.0,1.0,0.6000000000000001,1.6,0.76640625,0.6003671970624235,0.6733013040494167,0.8434982738780207
0,0.0,1.0,0.6000000000000001,1.65,0.7690476190476191,0.5930232558139535,0.6696613683483068,0.8428407036001972
0,0.0,1.0,0.6000000000000001,1.7000000000000002,0.7666399358460305,0.5850673194614443,0.6636584519264145,0.8407036001972711
0,0.0,1.0,0.6000000000000001,1.75,0.7715447154471544,0.5807833537331701,0.6627094972067039,0.8411967779056386
0,0.0,1.0,0.6000000000000001,1.8,0.7733990147783252,0.576499388004896,0.6605890603085555,0.840867992766727
0,0.0,1.0,0.6000000000000001,1.85,0.7741935483870968,0.572827417380661,0.658459373900809,0.8403748150583593
0,0.0,1.0,0.6000000000000001,1.9,0.7734439834024897,0.5703794369645043,0.6565692145121522,0.8397172447805359
0,0.0,1.0,0.6000000000000001,1.9500000000000002,0.7729549248747913,0.5667074663402693,0.653954802259887,0.8388952819332566
0,0.0,1.0,0.6000000000000001,2.0,0.7723440134907251,0.5605875152998776,0.649645390070922,0.8375801413776097
0,0.0,1.0,0.65,1.0,0.6501803194229778,0.7723378212974297,0.706013986013986,0.8272234095018905
0,0.0,1.0,0.65,1.05,0.6763736263736264,0.7533659730722154,0.7127967573827446,0.8369225710997863
0,0.0,1.0,0.65,1.1,0.6975524475524476,0.7325581395348837,0.7146268656716418,0.8428407036001972
0,0.0,1.0,0.65,1.15,0.7173645320197044,0.7129742962056304,0.7151626764886433,0.8474436955449614
0,0.0,1.0,0.65,1.2,0.730644111906311,0.6872705018359853,0.7082939135919268,0.847936873253329
0,0.0,1.0,0.65,1.25,0.7484620642515379,0.6701346389228886,0.7071359380045203,0.8508959395035345
0,0.0,1.0,0.65,1.3,0.7558552164655784,0.6517747858017136,0.6999671376930661,0.8499095840867993
0,0.0,1.0,0.65,1.35,0.7620790629575402,0.6370869033047736,0.6940000000000001,0.84908762123952
0,0.0,1.0,0.65,1.4,0.766566265060241,0.6230110159118727,0.687373396353815,0.8477724806838731
0,0.0,1.0,0.65,1.45,0.7740422204847537,0.605875152998776,0.6797116374871267,0.846621732697682
0,0.0,1.0,0.65,1.5,0.7787539936102237,0.5966952264381885,0.6756756756756758,0.8461285549893145
0,0.0,1.0,0.65,1.55,0.7820408163265307,0.5862913096695227,0.6701643931444562,0.8449778070031234
0,0.0,1.0,0.65,1.6,0.7853577371048253,0.5777233782129743,0.6657263751763046,0.8441558441558441
0,0.0,1.0,0.65,1.65,0.788135593220339,0.5691554467564259,0.6609808102345416,0.843169488739109
0,0.0,1.0,0.65,1.7000000000000002,0.7862660944206008,0.5605875152998776,0.6545194712397284,0.8410323853361829
0,0.0,1.0,0.65,1.75,0.7918118466898955,0.5563035495716034,0.6534867002156721,0.8415255630445504
0,0.0,1.0,0.65,1.8,0.7940140845070423,0.5520195838433293,0.6512635379061372,0.8411967779056386
0,0.0,1.0,0.65,1.85,0.7973214285714286,0.5465116279069767,0.6485112563543936,0.840867992766727
0,0.0,1.0,0.65,1.9,0.796594982078853,0.54406364749082,0.6465454545454545,0.8402104224889035
0,0.0,1.0,0.65,1.9500000000000002,0.7963800904977375,0.5385556915544676,0.6425702811244981,0.8390596745027125
0,0.0,1.0,0.65,2.0,0.7957875457875457,0.5318237454100367,0.6375641966250917,0.8375801413776097
0,0.0,1.0,0.7000000000000001,1.0,0.6501803194229778,0.7723378212974297,0.706013986013986,0.8272234095018905
0,0.0,1.0,0.7000000000000001,1.05,0.677722498618021,0.7503059975520195,0.7121696195178624,0.8370869636692422
0,0.0,1.0,0.7000000000000001,1.1,0.7007083825265643,0.726438188494492,0.7133413461538461,0.843169488739109
0,0.0,1.0,0.7000000000000001,1.15,0.7215269086357947,0.7056303549571603,0.713490099009901,0.8477724806838731
0,0.0,1.0,0.7000000000000001,1.2,0.7371922821024618,0.6780905752753978,0.7064073956008925,0.8485944435311524
0,0.0,1.0,0.7000000000000001,1.25,0.758257203092059,0.6603427172582619,0.7059208374223095,0.8522110800591813
0,0.0,1.0,0.7000000000000001,1.3,0.767203513909224,0.6413708690330477,0.6986666666666667,0.851389117211902
0,0.0,1.0,0.7000000000000001,1.35,0.7767653758542141,0.6260709914320686,0.6933242968485259,0.8512247246424461
0,0.0,1.0,0.7000000000000001,1.4,0.7835294117647059,0.6113831089351285,0.6868339635613613,0.8502383692257109
0,0.0,1.0,0.7000000000000001,1.45,0.7933006535947712,0.5942472460220318,0.6794961511546536,0.8494164063784317
0,0.0,1.0,0.7000000000000001,1.5,0.7984949832775919,0.5844553243574051,0.6749116607773851,0.8487588361006082
0,0.0,1.0,0.7000000000000001,1.55,0.8022260273972602,0.5734394124847001,0.668807994289793,0.8474436955449614
0,0.0,1.0,0.7000000000000001,1.6,0.8061135371179039,0.5648714810281518,0.664267722202231,0.846621732697682
0,0.0,1.0,0.7000000000000001,1.65,0.8103756708407871,0.554467564259486,0.6584302325581396,0.8454709847114911
0,0.0,1.0,0.7000000000000001,1.7000000000000002,0.8107861060329068,0.5428396572827417,0.6502932551319649,0.843169488739109
0,0.0,1.0,0.7000000000000001,1.75,0.8180970149253731,0.5367197062423501,0.6481892091648189,0.8434982738780207
0,0.0,1.0,0.7000000000000001,1.8,0.8205854579792257,0.5318237454100367,0.6453769030820645,0.8430050961696531
0,0.0,1.0,0.7000000000000001,1.85,0.8259615384615384,0.5257037943696451,0.6424831712789828,0.8428407036001972
0,0.0,1.0,0.7000000000000001,1.9,0.8259187620889749,0.5226438188494492,0.6401799100449775,0.8421831333223738
0,0.0,1.0,0.7000000000000001,1.9500000000000002,0.8276199804113614,0.5171358629130967,0.6365348399246704,0.8413611704750945
0,0.0,1.0,0.7000000000000001,2.0,0.8272095332671301,0.5097919216646267,0.6308216584627035,0.8397172447805359
0,0.0,1.0,0.75,1.0,0.6501803194229778,0.7723378212974297,0.706013986013986,0.8272234095018905
0,0.0,1.0,0.75,1.05,0.6783139212423738,0.7484700122399021,0.7116671515856852,0.8370869636692422
0,0.0,1.0,0.75,1.1,0.7031528851873885,0.7233782129742962,0.7131221719457014,0.8436626664474766
0,0.0,1.0,0.75,1.15,0.7252053063802906,0.7025703794369645,0.7137084239975132,0.8485944435311524
0,0.0,1.0,0.75,1.2,0.7415881561238223,0.6744186046511628,0.7064102564102565,0.8494164063784317
0,0.0,1.0,0.75,1.25,0.7630637079455977,0.6523867809057528,0.7033982184097658,0.8522110800591813
0,0.0,1.0,0.75,1.3,0.7724550898203593,0.631578947368421,0.6949494949494949,0.8510603320729903
0,0.0,1.0,0.75,1.35,0.7834890965732088,0.6156670746634026,0.6895133653187114,0.8510603320729903
0,0.0,1.0,0.75,1.4,0.7912973408541499,0.6009791921664627,0.6831304347826087,0.8502383692257109
0,0.0,1.0,0.75,1.45,0.8038884192730347,0.5820073439412484,0.6751863684771033,0.8495807989478875
0,0.0,1.0,0.75,1.5,0.8093587521663779,0.5716034271725826,0.6700143472022956,0.8487588361006082
0,0.0,1.0,0.75,1.55,0.8134991119005328,0.5605875152998776,0.6637681159420289,0.8474436955449614
0,0.0,1.0,0.75,1.6,0.8177697189483227,0.5520195838433293,0.6591158202411399,0.846621732697682
0,0.0,1.0,0.75,1.65,0.8249063670411985,0.5391676866585068,0.6521095484826056,0.8454709847114911
0,0.0,1.0,0.75,1.7000000000000002,0.8262955854126679,0.5269277845777234,0.6434977578475336,0.843169488739109
0,0.0,1.0,0.75,1.75,0.8336614173228346,0.518359853121175,0.639245283018868,0.8428407036001972
0,0.0,1.0,0.75,1.8,0.838,0.5128518971848225,0.636294608959757,0.8425119184612856
0,0.0,1.0,0.75,1.85,0.8447395301327886,0.5061199510403916,0.632988901645618,0.8423475258918297
0,0.0,1.0,0.75,1.9,0.8448098663926003,0.5030599755201959,0.6306098964326813,0.8416899556140063
0,0.0,1.0,0.75,1.9500000000000002,0.8483263598326359,0.496328029375765,0.6262548262548262,0.840867992766727
0,0.0,1.0,0.75,2.0,0.8480340063761955,0.4883720930232558,0.6198058252427184,0.8390596745027125
0,0.0,1.0,0.8,1.0,0.6501803194229778,0.7723378212974297,0.706013986013986,0.8272234095018905
0,0.0,1.0,0.8,1.05,0.6790878754171301,0.7472460220318238,0.7115384615384615,0.8372513562386981
0,0.0,1.0,0.8,1.1,0.7055655296229802,0.7215422276621787,0.7134644478063539,0.8443202367253
0,0.0,1.0,0.8,1.15,0.7280254777070063,0.6995104039167687,0.7134831460674156,0.84908762123952
0,0.0,1.0,0.8,1.2,0.7454050374404356,0.6701346389228886,0.7057686110215919,0.8499095840867993
0,0.0,1.0,0.8,1.25,0.7672727272727272,0.6456548347613219,0.7012296444001329,0.8522110800591813
0,0.0,1.0,0.8,1.3,0.7763358778625954,0.6223990208078335,0.6908967391304348,0.8504027617951668
0,0.0,1.0,0.8,1.35,0.7875894988066826,0.605875152998776,0.6848841231407817,0.8502383692257109
0,0.0,1.0,0.8,1.4,0.7980132450331126,0.5899632802937577,0.6783954961294864,0.8497451915173434
0,0.0,1.0,0.8,1.45,0.81239092495637,0.5697674418604651,0.6697841726618705,0.84908762123952
0,0.0,1.0,0.8,1.5,0.8179372197309417,0.5581395348837209,0.663514005092761,0.847936873253329
0,0.0,1.0,0.8,1.55,0.8224471021159153,0.5471236230110159,0.6571113561190738,0.846621732697682
0,0.0,1.0,0.8,1.6,0.8269049858889934,0.5379436964504284,0.6518353726362626,0.845635377280947
0,0.0,1.0,0.8,1.65,0.834307992202729,0.5238678090575275,0.643609022556391,0.8441558441558441
0,0.0,1.0,0.8,1.7000000000000002,0.836,0.5116279069767442,0.6347760060744116,0.841854348183462
0,0.0,1.0,0.8,1.75,0.8439425051334702,0.5030599755201959,0.6303680981595093,0.8415255630445504
0,0.0,1.0,0.8,1.8,0.8502617801047121,0.4969400244798042,0.6272692159134802,0.8413611704750945
0,0.0,1.0,0.8,1.85,0.857449088960343,0.48959608323133413,0.6232956758862485,0.8410323853361829
0,0.0,1.0,0.8,1.9,0.8583783783783784,0.48592411260709917,0.6205549042594763,0.8403748150583593
0,0.0,1.0,0.8,1.9500000000000002,0.8623348017621145,0.4791921664626683,0.6160503540519277,0.8395528522110801
0,0.0,1.0,0.8,2.0,0.8622620380739082,0.47123623011015914,0.6094182825484764,0.8377445339470656
0,0.0,1.0,0.8500000000000001,1.0,0.6501803194229778,0.7723378212974297,0.706013986013986,0.8272234095018905
0,0.0,1.0,0.8500000000000001,1.05,0.6789092932665554,0.7466340269277846,0.7111629262605655,0.8370869636692422
0,0.0,1.0,0.8500000000000001,1.1,0.7052821128451381,0.719094247246022,0.7121212121212122,0.8438270590169324
0,0.0,1.0,0.8500000000000001,1.15,0.7276214833759591,0.6964504283965728,0.7116948092557849,0.8484300509616965
0,0.0,1.0,0.8500000000000001,1.2,0.7452054794520548,0.6658506731946144,0.7032967032967032,0.84908762123952
0,0.0,1.0,0.8500000000000001,1.25,0.7668621700879765,0.6401468788249693,0.6977985323549033,0.8510603320729903
0,0.0,1.0,0.8500000000000001,1.3,0.776661514683153,0.6150550795593636,0.6864754098360655,0.84908762123952
0,0.0,1.0,0.8500000000000001,1.35,0.7880741337630943,0.598531211750306,0.6803478260869565,0.8489232286700641
0,0.0,1.0,0.8500000000000001,1.4,0.7984886649874056,0.5820073439412484,0.6732743362831858,0.8482656583922407
0,0.0,1.0,0.8500000000000001,1.45,0.8129432624113475,0.5611995104039168,0.6640115858073861,0.8474436955449614
0,0.0,1.0,0.8500000000000001,1.5,0.8193430656934306,0.5495716034271726,0.657875457875458,0.8464573401282262
0,0.0,1.0,0.8500000000000001,1.55,0.8239700374531835,0.5385556915544676,0.6513693560325685,0.8451421995725793
0,0.0,1.0,0.8500000000000001,1.6,0.828544061302682,0.5293757649938801,0.6460044809559372,0.8441558441558441
0,0.0,1.0,0.8500000000000001,1.65,0.8361469712015889,0.5152998776009792,0.6376372586141614,0.8426763110307414
0,0.0,1.0,0.8500000000000001,1.7000000000000002,0.8377551020408164,0.5024479804161567,0.6281560826319816,0.8402104224889035
0,0.0,1.0,0.8500000000000001,1.75,0.8459119496855346,0.4938800489596083,0.6236476043276661,0.8398816373499918
0,0.0,1.0,0.8500000000000001,1.8,0.8524064171122995,0.48776009791921665,0.620474892954457,0.8397172447805359
0,0.0,1.0,0.8500000000000001,1.85,0.859802847754655,0.4804161566707466,0.6164114644680015,0.8393884596416242
0,0.0,1.0,0.8500000000000001,1.9,0.8625277161862528,0.47613219094247244,0.613564668769716,0.8388952819332566
0,0.0,1.0,0.8500000000000001,1.9500000000000002,0.8676470588235294,0.4694002447980416,0.6092136616362193,0.8382377116554331
0,0.0,1.0,0.8500000000000001,2.0,0.8675115207373272,0.46083231334149327,0.6019184652278178,0.8362650008219629
0,0.0,1.0,0.9,1.0,0.6501803194229778,0.7723378212974297,0.706013986013986,0.8272234095018905
0,0.0,1.0,0.9,1.05,0.6791086350974931,0.7460220318237454,0.7109944590259552,0.8370869636692422
0,0.0,1.0,0.9,1.1,0.7053517739025857,0.7178702570379437,0.7115559599636033,0.8436626664474766
0,0.0,1.0,0.9,1.15,0.7275641025641025,0.6946144430844553,0.7107075767063243,0.8481012658227848
0,0.0,1.0,0.9,1.2,0.7457044673539519,0.664014687882497,0.7024927160893493,0.8489232286700641
0,0.0,1.0,0.9,1.25,0.7674760853568801,0.6383108935128519,0.6969595723354494,0.8508959395035345
0,0.0,1.0,0.9,1.3,0.7771739130434783,0.6126070991432069,0.6851471594798083,0.8487588361006082
0,0.0,1.0,0.9,1.35,0.7886639676113361,0.5960832313341493,0.678982223771349,0.8485944435311524
0,0.0,1.0,0.9,1.4,0.7991561181434599,0.5795593635250919,0.6718694572543455,0.847936873253329
0,0.0,1.0,0.9,1.45,0.8137254901960784,0.5587515299877601,0.6625544267053701,0.8471149104060497
0,0.0,1.0,0.9,1.5,0.8201834862385321,0.5471236230110159,0.6563876651982379,0.8461285549893145
0,0.0,1.0,0.9,1.55,0.824693685202639,0.5354957160342717,0.6493506493506493,0.8446490218642118
0,0.0,1.0,0.9,1.6,0.8289855072463768,0.5250917992656059,0.6429374297489696,0.8433338813085649
0,0.0,1.0,0.9,1.65,0.8371859296482412,0.5097919216646267,0.6337010270064664,0.8416899556140063
0,0.0,1.0,0.9,1.7000000000000002,0.8388429752066116,0.4969400244798042,0.6241352805534205,0.8392240670721683
0,0.0,1.0,0.9,1.75,0.847872340425532,0.48776009791921665,0.6192696192696193,0.8388952819332566
0,0.0,1.0,0.9,1.8,0.8545059717698155,0.48164014687882495,0.6160469667318982,0.8387308893638008
0,0.0,1.0,0.9,1.85,0.8619153674832962,0.47368421052631576,0.6113744075829384,0.8382377116554331
0,0.0,1.0,0.9,1.9,0.8647125140924464,0.4694002447980416,0.6084886949623165,0.8377445339470656
0,0.0,1.0,0.9,1.9500000000000002,0.869815668202765,0.4620563035495716,0.6035171862509993,0.8369225710997863
0,0.0,1.0,0.9,2.0,0.8695652173913043,0.4528763769889841,0.5955734406438631,0.8347854676968601
0,0.0,1.0,0.9500000000000001,1.0,0.6501803194229778,0.7723378212974297,0.706013986013986,0.8272234095018905
0,0.0,1.0,0.9500000000000001,1.05,0.6791086350974931,0.7460220318237454,0.7109944590259552,0.8370869636692422
0,0.0,1.0,0.9500000000000001,1.1,0.7053517739025857,0.7178702570379437,0.7115559599636033,0.8436626664474766
0,0.0,1.0,0.9500000000000001,1.15,0.7275641025641025,0.6946144430844553,0.7107075767063243,0.8481012658227848
0,0.0,1.0,0.9500000000000001,1.2,0.7457044673539519,0.664014687882497,0.7024927160893493,0.8489232286700641
0,0.0,1.0,0.9500000000000001,1.25,0.7674760853568801,0.6383108935128519,0.6969595723354494,0.8508959395035345
0,0.0,1.0,0.9500000000000001,1.3,0.7771739130434783,0.6126070991432069,0.6851471594798083,0.8487588361006082
0,0.0,1.0,0.9500000000000001,1.35,0.7886639676113361,0.5960832313341493,0.678982223771349,0.8485944435311524
0,0.0,1.0,0.9500000000000001,1.4,0.7991561181434599,0.5795593635250919,0.6718694572543455,0.847936873253329
0,0.0,1.0,0.9500000000000001,1.45,0.8148479427549195,0.5575275397796817,0.6620639534883721,0.8471149104060497
0,0.0,1.0,0.9500000000000001,1.5,0.8211981566820277,0.5452876376988984,0.6553880102979036,0.8459641624198586
0,0.0,1.0,0.9500000000000001,1.55,0.8257575757575758,0.5336597307221542,0.6483271375464683,0.8444846292947559
0,0.0,1.0,0.9500000000000001,1.6,0.8300970873786407,0.5232558139534884,0.6418918918918919,0.843169488739109
0,0.0,1.0,0.9500000000000001,1.65,0.8382204246713852,0.50734394124847,0.6321006481128479,0.8413611704750945
0,0.0,1.0,0.9500000000000001,1.7000000000000002,0.83991683991684,0.4944920440636475,0.6224961479198767,0.8388952819332566
0,0.0,1.0,0.9500000000000001,1.75,0.8490364025695931,0.48531211750305997,0.617601246105919,0.8385664967943449
0,0.0,1.0,0.9500000000000001,1.8,0.8557377049180328,0.4791921664626683,0.6143585719890153,0.838402104224889
0,0.0,1.0,0.9500000000000001,1.85,0.8632286995515696,0.47123623011015914,0.6096595407759304,0.8379089265165215
0,0.0,1.0,0.9500000000000001,1.9,0.8660612939841089,0.4669522643818849,0.6067594433399602,0.8374157488081538
0,0.0,1.0,0.9500000000000001,1.9500000000000002,0.87122969837587,0.45960832313341493,0.6017628205128205,0.8365937859608745
0,0.0,1.0,0.9500000000000001,2.0,0.8710059171597633,0.4504283965728274,0.5937878176684147,0.8344566825579484
0,0.0,1.0,1.0,1.0,0.6501803194229778,0.7723378212974297,0.706013986013986,0.8272234095018905
0,0.0,1.0,1.0,1.05,0.6917808219178082,0.7417380660954712,0.7158889545186061,0.841854348183462
0,0.0,1.0,1.0,1.1,0.7247191011235955,0.7105263157894737,0.7175525339925836,0.8497451915173434
0,0.0,1.0,1.0,1.15,0.7540322580645161,0.6866585067319462,0.7187700192184499,0.8556633240177544
0,0.0,1.0,1.0,1.2,0.7764876632801161,0.6548347613219094,0.7104913678618858,0.8566496794344896
0,0.0,1.0,1.0,1.25,0.8015564202334631,0.6303549571603427,0.7057211373758137,0.8587867828374157
0,0.0,1.0,1.0,1.3,0.8136850783182193,0.6040391676866586,0.6933614330874605,0.8564852868650337
0,0.0,1.0,1.0,1.35,0.8265746333045729,0.5862913096695227,0.6860007160759041,0.8558277165872102
0,0.0,1.0,1.0,1.4,0.8370837083708371,0.5691554467564259,0.6775956284153006,0.8545125760315634
0,0.0,1.0,1.0,1.45,0.8492890995260663,0.5483476132190942,0.6664187430271475,0.852539865198093
0,0.0,1.0,1.0,1.5,0.8577036310107949,0.5348837209302325,0.658876743309461,0.8512247246424461
0,0.0,1.0,1.0,1.55,0.8607214428857716,0.5257037943696451,0.6527355623100305,0.8497451915173434
0,0.0,1.0,1.0,1.6,0.865979381443299,0.5140758873929009,0.6451612903225806,0.8481012658227848
0,0.0,1.0,1.0,1.65,0.8711395101171459,0.5006119951040392,0.6358336572094831,0.8459641624198586
0,0.0,1.0,1.0,1.7000000000000002,0.871319520174482,0.488984088127295,0.6264210113680909,0.8433338813085649
0,0.0,1.0,1.0,1.75,0.8780760626398211,0.4804161566707466,0.6210443037974683,0.8425119184612856
0,0.0,1.0,1.0,1.8,0.8826879271070615,0.47429620563035496,0.6170382165605095,0.841854348183462
0,0.0,1.0,1.0,1.85,0.8912280701754386,0.4663402692778458,0.6122940940136602,0.8413611704750945
0,0.0,1.0,1.0,1.9,0.8913813459268005,0.4620563035495716,0.6086255542120113,0.8403748150583593
0,0.0,1.0,1.0,1.9500000000000002,0.8953068592057761,0.45532435740514077,0.6036511156186612,0.8393884596416242
0,0.0,1.0,1.0,2.0,0.894478527607362,0.44614443084455324,0.5953450387913434,0.8370869636692422
0,0.4,1.35,1.0,1.15,0.7588315217391305,0.6835985312117503,0.7192530585962652,0.8566496794344896
