0,0.3,1.2,0.6,1.15,0.8,0.5,0.6153846153846154,0.9375
0,0.3,1.2,0.6,1.15,0.8,0.5,0.6153846153846154,0.9375
0,0.3,1.2,0.6,1.15,0.8,0.5,0.6153846153846154,0.9375
0,0.3,1.2,0.6,1.15,0.8,0.5,0.6153846153846154,0.9375
0,0.3,1.2,0.6,1.05,0.6666666666666666,0.75,0.7058823529411765,0.9375
0,0.3,1.2,0.6,1.0,0.6,0.75,0.6666666666666665,0.925
0,0.3,1.2,0.6,1.0,0.6,0.75,0.6666666666666665,0.925
0,0.3,1.2,0.6,1.1,0.75,0.75,0.75,0.95
0,0.3,1.2,0.6,1.1,0.75,0.75,0.75,0.95
0,0.3,1.2,0.6,1.1,0.6926910299003323,0.7656058751529988,0.7273255813953488,0.8457997698504027
0,0.0,1.0,0.0,1.0,0.6596183599793708,0.7827417380660955,0.7159249930030787,0.8331415420023015
0.05,0.0,1.0,0.0,1.0,0.6596183599793708,0.7827417380660955,0.7159249930030787,0.8331415420023015
0.1,0.0,1.0,0.0,1.0,0.6596183599793708,0.7827417380660955,0.7159249930030787,0.8331415420023015
0.15000000000000002,0.0,1.0,0.0,1.0,0.6594427244582043,0.7821297429620563,0.715565509518477,0.8329771494328456
0.2,0.0,1.0,0.0,1.0,0.6589147286821705,0.7802937576499388,0.7144858503782572,0.8324839717244781
0.25,0.0,1.0,0.0,1.0,0.6592207792207793,0.7766217870257038,0.7131216633885923,0.8321551865855663
0.30000000000000004,0.0,1.0,0.0,1.0,0.6577708006279435,0.7692778457772338,0.7091678420310296,0.8305112608910077
0.35000000000000003,0.0,1.0,0.0,1.0,0.6561014263074485,0.7600979192166463,0.7042812588602211,0.8285385500575374
0.4,0.0,1.0,0.0,1.0,0.6536819637139808,0.7496940024479805,0.6984036488027366,0.8260726615156995
0.45,0.0,1.0,0.0,1.0,0.6514008620689655,0.7399020807833537,0.692836676217765,0.8237711655433174
0.5,0.0,1.0,0.0,1.0,0.6476034858387799,0.7276621787025703,0.6853025936599424,0.8204833141542003
0.55,0.0,1.0,0.0,1.0,0.6409116175653141,0.7056303549571603,0.6717157005534519,0.8147295742232451
0.6000000000000001,0.0,1.0,0.0,1.0,0.6343537414965986,0.6848225214198287,0.6586227192466155,0.8093046194312017
0.65,0.0,1.0,0.0,1.0,0.6221441124780316,0.6499388004895961,0.6357378030529781,0.7999342429722176
0.7000000000000001,0.0,1.0,0.0,1.0,0.6090909090909091,0.6150550795593636,0.6120584652862363,0.7905638665132336
0.75,0.0,1.0,0.0,1.0,0.5944584382871536,0.5777233782129743,0.5859714463066418,0.780700312345882
0.8,0.0,1.0,0.0,1.0,0.5844660194174758,0.5526315789473685,0.568103177099717,0.7742890021371034
0.8500000000000001,0.0,1.0,0.0,1.0,0.574468085106383,0.5287637698898409,0.5506692160611855,0.7682064770672365
0.9,0.0,1.0,0.0,1.0,0.5672751859364435,0.5134638922888617,0.5390298747189207,0.7640966628308401
0.9500000000000001,0.0,1.0,0.0,1.0,0.5622435020519836,0.5030599755201959,0.5310077519379846,0.7613019891500904
1.0,0.0,1.0,0.0,1.0,0.5599173553719008,0.4975520195838433,0.5268956578094621,0.7599868485944435
0,0.0,1.0,0.0,1.0,0.6596183599793708,0.7827417380660955,0.7159249930030787,0.8331415420023015
0,0.0,1.05,0.0,1.0,0.6596183599793708,0.7827417380660955,0.7159249930030787,0.8331415420023015
0,0.0,1.1,0.0,1.0,0.6596183599793708,0.7827417380660955,0.7159249930030787,0.8331415420023015
0,0.0,1.15,0.0,1.0,0.6596183599793708,0.7827417380660955,0.7159249930030787,0.8331415420023015
0,0.0,1.2,0.0,1.0,0.6596183599793708,0.7827417380660955,0.7159249930030787,0.8331415420023015
0,0.0,1.25,0.0,1.0,0.6596183599793708,0.7827417380660955,0.7159249930030787,0.8331415420023015
0,0.0,1.3,0.0,1.0,0.6596183599793708,0.7827417380660955,0.7159249930030787,0.8331415420023015
0,0.0,1.35,0.0,1.0,0.6596183599793708,0.7827417380660955,0.7159249930030787,0.8331415420023015
0,0.0,1.4,0.0,1.0,0.6596183599793708,0.7827417380660955,0.7159249930030787,0.8331415420023015
0,0.0,1.45,0.0,1.0,0.6596183599793708,0.7827417380660955,0.7159249930030787,0.8331415420023015
0,0.0,1.5,0.0,1.0,0.6596183599793708,0.7827417380660955,0.7159249930030787,0.8331415420023015
0,0.0,1.55,0.0,1.0,0.6596183599793708,0.7827417380660955,0.7159249930030787,0.8331415420023015
0,0.0,1.6,0.0,1.0,0.6596183599793708,0.7827417380660955,0.7159249930030787,0.8331415420023015
0,0.0,1.65,0.0,1.0,0.6596183599793708,0.7827417380660955,0.7159249930030787,0.8331415420023015
0,0.0,1.7000000000000002,0.0,1.0,0.6596183599793708,0.7827417380660955,0.7159249930030787,0.8331415420023015
0,0.0,1.75,0.0,1.0,0.6596183599793708,0.7827417380660955,0.7159249930030787,0.8331415420023015
0,0.0,1.8,0.0,1.0,0.6596183599793708,0.7827417380660955,0.7159249930030787,0.8331415420023015
0,0.0,1.85,0.0,1.0,0.6596183599793708,0.7827417380660955,0.7159249930030787,0.8331415420023015
0,0.0,1.9,0.0,1.0,0.6596183599793708,0.7827417380660955,0.7159249930030787,0.8331415420023015
0,0.0,1.9500000000000002,0.0,1.0,0.6596183599793708,0.7827417380660955,0.7159249930030787,0.8331415420023015
0,0.0,2.0,0.0,1.0,0.6596183599793708,0.7827417380660955,0.7159249930030787,0.8331415420023015
0,0.05,1.0,0.0,1.0,0.6596183599793708,0.7827417380660955,0.7159249930030787,0.8331415420023015
0,0.05,1.05,0.0,1.0,0.6596183599793708,0.7827417380660955,0.7159249930030787,0.8331415420023015
0,0.05,1.1,0.0,1.0,0.6596183599793708,0.7827417380660955,0.7159249930030787,0.8331415420023015
0,0.05,1.15,0.0,1.0,0.6596183599793708,0.7827417380660955,0.7159249930030787,0.8331415420023015
0,0.05,1.2,0.0,1.0,0.6596183599793708,0.7827417380660955,0.7159249930030787,0.8331415420023015
0,0.05,1.25,0.0,1.0,0.6596183599793708,0.7827417380660955,0.7159249930030787,0.8331415420023015
0,0.05,1.3,0.0,1.0,0.6596183599793708,0.7827417380660955,0.7159249930030787,0.8331415420023015
0,0.05,1.35,0.0,1.0,0.6596183599793708,0.7827417380660955,0.7159249930030787,0.8331415420023015
0,0.05,1.4,0.0,1.0,0.6596183599793708,0.7827417380660955,0.7159249930030787,0.8331415420023015
0,0.05,1.45,0.0,1.0,0.6596183599793708,0.7827417380660955,0.7159249930030787,0.8331415420023015
0,0.05,1.5,0.0,1.0,0.6596183599793708,0.7827417380660955,0.7159249930030787,0.8331415420023015
0,0.05,1.55,0.0,1.0,0.6596183599793708,0.7827417380660955,0.7159249930030787,0.8331415420023015
0,0.05,1.6,0.0,1.0,0.6596183599793708,0.7827417380660955,0.7159249930030787,0.8331415420023015
0,0.05,1.65,0.0,1.0,0.6596183599793708,0.7827417380660955,0.7159249930030787,0.8331415420023015
0,0.05,1.7000000000000002,0.0,1.0,0.6596183599793708,0.7827417380660955,0.7159249930030787,0.8331415420023015
0,0.05,1.75,0.0,1.0,0.6596183599793708,0.7827417380660955,0.7159249930030787,0.8331415420023015
0,0.05,1.8,0.0,1.0,0.6596183599793708,0.7827417380660955,0.7159249930030787,0.8331415420023015
0,0.05,1.85,0.0,1.0,0.6596183599793708,0.7827417380660955,0.7159249930030787,0.8331415420023015
0,0.05,1.9,0.0,1.0,0.6596183599793708,0.7827417380660955,0.7159249930030787,0.8331415420023015
0,0.05,1.9500000000000002,0.0,1.0,0.6596183599793708,0.7827417380660955,0.7159249930030787,0.8331415420023015
0,0.05,2.0,0.0,1.0,0.6596183599793708,0.7827417380660955,0.7159249930030787,0.8331415420023015
0,0.1,1.0,0.0,1.0,0.6596183599793708,0.7827417380660955,0.7159249930030787,0.8331415420023015
0,0.1,1.05,0.0,1.0,0.6596183599793708,0.7827417380660955,0.7159249930030787,0.8331415420023015
0,0.1,1.1,0.0,1.0,0.6596183599793708,0.7827417380660955,0.7159249930030787,0.8331415420023015
0,0.1,1.15,0.0,1.0,0.6596183599793708,0.7827417380660955,0.7159249930030787,0.8331415420023015
0,0.1,1.2,0.0,1.0,0.6596183599793708,0.7827417380660955,0.7159249930030787,0.8331415420023015
0,0.1,1.25,0.0,1.0,0.6596183599793708,0.7827417380660955,0.7159249930030787,0.8331415420023015
0,0.1,1.3,0.0,1.0,0.6596183599793708,0.7827417380660955,0.7159249930030787,0.8331415420023015
0,0.1,1.35,0.0,1.0,0.6596183599793708,0.7827417380660955,0.7159249930030787,0.8331415420023015
0,0.1,1.4,0.0,1.0,0.6596183599793708,0.7827417380660955,0.7159249930030787,0.8331415420023015
0,0.1,1.45,0.0,1.0,0.6596183599793708,0.7827417380660955,0.7159249930030787,0.8331415420023015
0,0.1,1.5,0.0,1.0,0.6596183599793708,0.7827417380660955,0.7159249930030787,0.8331415420023015
0,0.1,1.55,0.0,1.0,0.6596183599793708,0.7827417380660955,0.7159249930030787,0.8331415420023015
0,0.1,1.6,0.0,1.0,0.6596183599793708,0.7827417380660955,0.7159249930030787,0.8331415420023015
0,0.1,1.65,0.0,1.0,0.6596183599793708,0.7827417380660955,0.7159249930030787,0.8331415420023015
0,0.1,1.7000000000000002,0.0,1.0,0.6596183599793708,0.7827417380660955,0.7159249930030787,0.8331415420023015
0,0.1,1.75,0.0,1.0,0.6596183599793708,0.7827417380660955,0.7159249930030787,0.8331415420023015
0,0.1,1.8,0.0,1.0,0.6596183599793708,0.7827417380660955,0.7159249930030787,0.8331415420023015
0,0.1,1.85,0.0,1.0,0.6596183599793708,0.7827417380660955,0.7159249930030787,0.8331415420023015
0,0.1,1.9,0.0,1.0,0.6596183599793708,0.7827417380660955,0.7159249930030787,0.8331415420023015
0,0.1,1.9500000000000002,0.0,1.0,0.6596183599793708,0.7827417380660955,0.7159249930030787,0.8331415420023015
0,0.1,2.0,0.0,1.0,0.6596183599793708,0.7827417380660955,0.7159249930030787,0.8331415420023015
0,0.15000000000000002,1.0,0.0,1.0,0.6596183599793708,0.7827417380660955,0.7159249930030787,0.8331415420023015
0,0.15000000000000002,1.05,0.0,1.0,0.6596183599793708,0.7827417380660955,0.7159249930030787,0.8331415420023015
0,0.15000000000000002,1.1,0.0,1.0,0.6596183599793708,0.7827417380660955,0.7159249930030787,0.8331415420023015
0,0.15000000000000002,1.15,0.0,1.0,0.6596183599793708,0.7827417380660955,0.7159249930030787,0.8331415420023015
0,0.15000000000000002,1.2,0.0,1.0,0.6596183599793708,0.7827417380660955,0.7159249930030787,0.8331415420023015
0,0.15000000000000002,1.25,0.0,1.0,0.6596183599793708,0.7827417380660955,0.7159249930030787,0.8331415420023015
0,0.15000000000000002,1.3,0.0,1.0,0.6596183599793708,0.7827417380660955,0.7159249930030787,0.8331415420023015
0,0.15000000000000002,1.35,0.0,1.0,0.6596183599793708,0.7827417380660955,0.7159249930030787,0.8331415420023015
0,0.15000000000000002,1.4,0.0,1.0,0.6596183599793708,0.7827417380660955,0.7159249930030787,0.8331415420023015
0,0.15000000000000002,1.45,0.0,1.0,0.6596183599793708,0.7827417380660955,0.7159249930030787,0.8331415420023015
0,0.15000000000000002,1.5,0.0,1.0,0.6596183599793708,0.7827417380660955,0.7159249930030787,0.8331415420023015
0,0.15000000000000002,1.55,0.0,1.0,0.6596183599793708,0.7827417380660955,0.7159249930030787,0.8331415420023015
0,0.15000000000000002,1.6,0.0,1.0,0.6596183599793708,0.7827417380660955,0.7159249930030787,0.8331415420023015
0,0.15000000000000002,1.65,0.0,1.0,0.6596183599793708,0.7827417380660955,0.7159249930030787,0.8331415420023015
0,0.15000000000000002,1.7000000000000002,0.0,1.0,0.6596183599793708,0.7827417380660955,0.7159249930030787,0.8331415420023015
0,0.15000000000000002,1.75,0.0,1.0,0.6596183599793708,0.7827417380660955,0.7159249930030787,0.8331415420023015
0,0.15000000000000002,1.8,0.0,1.0,0.6596183599793708,0.7827417380660955,0.7159249930030787,0.8331415420023015
0,0.15000000000000002,1.85,0.0,1.0,0.6596183599793708,0.7827417380660955,0.7159249930030787,0.8331415420023015
0,0.15000000000000002,1.9,0.0,1.0,0.6596183599793708,0.7827417380660955,0.7159249930030787,0.8331415420023015
0,0.15000000000000002,1.9500000000000002,0.0,1.0,0.6596183599793708,0.7827417380660955,0.7159249930030787,0.8331415420023015
0,0.15000000000000002,2.0,0.0,1.0,0.6596183599793708,0.7827417380660955,0.7159249930030787,0.8331415420023015
0,0.2,1.0,0.0,1.0,0.6596183599793708,0.7827417380660955,0.7159249930030787,0.8331415420023015
0,0.2,1.05,0.0,1.0,0.6594427244582043,0.7821297429620563,0.715565509518477,0.8329771494328456
0,0.2,1.1,0.0,1.0,0.6594427244582043,0.7821297429620563,0.715565509518477,0.8329771494328456
0,0.2,1.15,0.0,1.0,0.6594427244582043,0.7821297429620563,0.715565509518477,0.8329771494328456
0,0.2,1.2,0.0,1.0,0.6594427244582043,0.7821297429620563,0.715565509518477,0.8329771494328456
0,0.2,1.25,0.0,1.0,0.6594427244582043,0.7821297429620563,0.715565509518477,0.8329771494328456
0,0.2,1.3,0.0,1.0,0.6594427244582043,0.7821297429620563,0.715565509518477,0.8329771494328456
0,0.2,1.35,0.0,1.0,0.6594427244582043,0.7821297429620563,0.715565509518477,0.8329771494328456
0,0.2,1.4,0.0,1.0,0.6594427244582043,0.7821297429620563,0.715565509518477,0.8329771494328456
0,0.2,1.45,0.0,1.0,0.6594427244582043,0.7821297429620563,0.715565509518477,0.8329771494328456
0,0.2,1.5,0.0,1.0,0.6594427244582043,0.7821297429620563,0.715565509518477,0.8329771494328456
0,0.2,1.55,0.0,1.0,0.6594427244582043,0.7821297429620563,0.715565509518477,0.8329771494328456
0,0.2,1.6,0.0,1.0,0.6594427244582043,0.7821297429620563,0.715565509518477,0.8329771494328456
0,0.2,1.65,0.0,1.0,0.6594427244582043,0.7821297429620563,0.715565509518477,0.8329771494328456
0,0.2,1.7000000000000002,0.0,1.0,0.6594427244582043,0.7821297429620563,0.715565509518477,0.8329771494328456
0,0.2,1.75,0.0,1.0,0.6594427244582043,0.7821297429620563,0.715565509518477,0.8329771494328456
0,0.2,1.8,0.0,1.0,0.6594427244582043,0.7821297429620563,0.715565509518477,0.8329771494328456
0,0.2,1.85,0.0,1.0,0.6594427244582043,0.7821297429620563,0.715565509518477,0.8329771494328456
0,0.2,1.9,0.0,1.0,0.6594427244582043,0.7821297429620563,0.715565509518477,0.8329771494328456
0,0.2,1.9500000000000002,0.0,1.0,0.6594427244582043,0.7821297429620563,0.715565509518477,0.8329771494328456
0,0.2,2.0,0.0,1.0,0.6594427244582043,0.7821297429620563,0.715565509518477,0.8329771494328456
0,0.25,1.0,0.0,1.0,0.6596183599793708,0.7827417380660955,0.7159249930030787,0.8331415420023015
0,0.25,1.05,0.0,1.0,0.6596074380165289,0.7815177478580171,0.7154061624649859,0.8329771494328456
0,0.25,1.1,0.0,1.0,0.6599483204134367,0.7815177478580171,0.7156066124964976,0.8331415420023015
0,0.25,1.15,0.0,1.0,0.6599483204134367,0.7815177478580171,0.7156066124964976,0.8331415420023015
0,0.25,1.2,0.0,1.0,0.6602895553257497,0.7815177478580171,0.7158071748878923,0.8333059345717574
0,0.25,1.25,0.0,1.0,0.6602895553257497,0.7815177478580171,0.7158071748878923,0.8333059345717574
0,0.25,1.3,0.0,1.0,0.6602895553257497,0.7815177478580171,0.7158071748878923,0.8333059345717574
0,0.25,1.35,0.0,1.0,0.6602895553257497,0.7815177478580171,0.7158071748878923,0.8333059345717574
0,0.25,1.4,0.0,1.0,0.6602895553257497,0.7815177478580171,0.7158071748878923,0.8333059345717574
0,0.25,1.45,0.0,1.0,0.6602895553257497,0.7815177478580171,0.7158071748878923,0.8333059345717574
0,0.25,1.5,0.0,1.0,0.6602895553257497,0.7815177478580171,0.7158071748878923,0.8333059345717574
0,0.25,1.55,0.0,1.0,0.6602895553257497,0.7815177478580171,0.7158071748878923,0.8333059345717574
0,0.25,1.6,0.0,1.0,0.6602895553257497,0.7815177478580171,0.7158071748878923,0.8333059345717574
0,0.25,1.65,0.0,1.0,0.6602895553257497,0.7815177478580171,0.7158071748878923,0.8333059345717574
0,0.25,1.7000000000000002,0.0,1.0,0.6602895553257497,0.7815177478580171,0.7158071748878923,0.8333059345717574
0,0.25,1.75,0.0,1.0,0.6602895553257497,0.7815177478580171,0.7158071748878923,0.8333059345717574
0,0.25,1.8,0.0,1.0,0.6602895553257497,0.7815177478580171,0.7158071748878923,0.8333059345717574
0,0.25,1.85,0.0,1.0,0.6602895553257497,0.7815177478580171,0.7158071748878923,0.8333059345717574
0,0.25,1.9,0.0,1.0,0.6602895553257497,0.7815177478580171,0.7158071748878923,0.8333059345717574
0,0.25,1.9500000000000002,0.0,1.0,0.6602895553257497,0.7815177478580171,0.7158071748878923,0.8333059345717574
0,0.25,2.0,0.0,1.0,0.6602895553257497,0.7815177478580171,0.7158071748878923,0.8333059345717574
0,0.30000000000000004,1.0,0.0,1.0,0.6596183599793708,0.7827417380660955,0.7159249930030787,0.8331415420023015
0,0.30000000000000004,1.05,0.0,1.0,0.6594315245478036,0.780905752753978,0.7150462314373774,0.8328127568633897
0,0.30000000000000004,1.1,0.0,1.0,0.6601138127263321,0.780905752753978,0.7154471544715448,0.8331415420023015
0,0.30000000000000004,1.15,0.0,1.0,0.6601138127263321,0.780905752753978,0.7154471544715448,0.8331415420023015
0,0.30000000000000004,1.2,0.0,1.0,0.6607975142413257,0.780905752753978,0.7158485273492287,0.8334703271412132
0,0.30000000000000004,1.25,0.0,1.0,0.661139896373057,0.780905752753978,0.7160493827160495,0.833634719710669
0,0.30000000000000004,1.3,0.0,1.0,0.661139896373057,0.780905752753978,0.7160493827160495,0.833634719710669
0,0.30000000000000004,1.35,0.0,1.0,0.661139896373057,0.780905752753978,0.7160493827160495,0.833634719710669
0,0.30000000000000004,1.4,0.0,1.0,0.661139896373057,0.780905752753978,0.7160493827160495,0.833634719710669
0,0.30000000000000004,1.45,0.0,1.0,0.661139896373057,0.780905752753978,0.7160493827160495,0.833634719710669
0,0.30000000000000004,1.5,0.0,1.0,0.661139896373057,0.780905752753978,0.7160493827160495,0.833634719710669
0,0.30000000000000004,1.55,0.0,1.0,0.661139896373057,0.780905752753978,0.7160493827160495,0.833634719710669
0,0.30000000000000004,1.6,0.0,1.0,0.661139896373057,0.780905752753978,0.7160493827160495,0.833634719710669
0,0.30000000000000004,1.65,0.0,1.0,0.661139896373057,0.780905752753978,0.7160493827160495,0.833634719710669
0,0.30000000000000004,1.7000000000000002,0.0,1.0,0.661139896373057,0.780905752753978,0.7160493827160495,0.833634719710669
0,0.30000000000000004,1.75,0.0,1.0,0.661139896373057,0.780905752753978,0.7160493827160495,0.833634719710669
0,0.30000000000000004,1.8,0.0,1.0,0.661139896373057,0.780905752753978,0.7160493827160495,0.833634719710669
0,0.30000000000000004,1.85,0.0,1.0,0.661139896373057,0.780905752753978,0.7160493827160495,0.833634719710669
0,0.30000000000000004,1.9,0.0,1.0,0.661139896373057,0.780905752753978,0.7160493827160495,0.833634719710669
0,0.30000000000000004,1.9500000000000002,0.0,1.0,0.661139896373057,0.780905752753978,0.7160493827160495,0.833634719710669
0,0.30000000000000004,2.0,0.0,1.0,0.661139896373057,0.780905752753978,0.7160493827160495,0.833634719710669
0,0.35000000000000003,1.0,0.0,1.0,0.6596183599793708,0.7827417380660955,0.7159249930030787,0.8331415420023015
0,0.35000000000000003,1.05,0.0,1.0,0.6592554291623578,0.7802937576499388,0.7146860986547084,0.832648364293934
0,0.35000000000000003,1.1,0.0,1.0,0.6599378881987578,0.7802937576499388,0.715086932136848,0.8329771494328456
0,0.35000000000000003,1.15,0.0,1.0,0.6599378881987578,0.7802937576499388,0.715086932136848,0.8329771494328456
0,0.35000000000000003,1.2,0.0,1.0,0.6606217616580311,0.7802937576499388,0.7154882154882155,0.8333059345717574
0,0.35000000000000003,1.25,0.0,1.0,0.6609642301710731,0.7802937576499388,0.7156890261015998,0.8334703271412132
0,0.35000000000000003,1.3,0.0,1.0,0.6614745586708204,0.7796817625458996,0.7157303370786517,0.833634719710669
0,0.35000000000000003,1.35,0.0,1.0,0.6618181818181819,0.7796817625458996,0.7159314414161281,0.8337991122801249
0,0.35000000000000003,1.4,0.0,1.0,0.6616424116424117,0.7790697674418605,0.7155705452501405,0.833634719710669
0,0.35000000000000003,1.45,0.0,1.0,0.6616424116424117,0.7790697674418605,0.7155705452501405,0.833634719710669
0,0.35000000000000003,1.5,0.0,1.0,0.6616424116424117,0.7790697674418605,0.7155705452501405,0.833634719710669
0,0.35000000000000003,1.55,0.0,1.0,0.6616424116424117,0.7790697674418605,0.7155705452501405,0.833634719710669
0,0.35000000000000003,1.6,0.0,1.0,0.6616424116424117,0.7790697674418605,0.7155705452501405,0.833634719710669
0,0.35000000000000003,1.65,0.0,1.0,0.6616424116424117,0.7790697674418605,0.7155705452501405,0.833634719710669
0,0.35000000000000003,1.7000000000000002,0.0,1.0,0.6616424116424117,0.7790697674418605,0.7155705452501405,0.833634719710669
0,0.35000000000000003,1.75,0.0,1.0,0.6616424116424117,0.7790697674418605,0.7155705452501405,0.833634719710669
0,0.35000000000000003,1.8,0.0,1.0,0.6616424116424117,0.7790697674418605,0.7155705452501405,0.833634719710669
0,0.35000000000000003,1.85,0.0,1.0,0.6616424116424117,0.7790697674418605,0.7155705452501405,0.833634719710669
0,0.35000000000000003,1.9,0.0,1.0,0.6616424116424117,0.7790697674418605,0.7155705452501405,0.833634719710669
0,0.35000000000000003,1.9500000000000002,0.0,1.0,0.6616424116424117,0.7790697674418605,0.7155705452501405,0.833634719710669
0,0.35000000000000003,2.0,0.0,1.0,0.6616424116424117,0.7790697674418605,0.7155705452501405,0.833634719710669
0,0.4,1.0,0.0,1.0,0.6596183599793708,0.7827417380660955,0.7159249930030787,0.8331415420023015
0,0.4,1.05,0.0,1.0,0.6592554291623578,0.7802937576499388,0.7146860986547084,0.832648364293934
0,0.4,1.1,0.0,1.0,0.6599274235355106,0.7790697674418605,0.7145663766488913,0.8328127568633897
0,0.4,1.15,0.0,1.0,0.6597510373443983,0.7784577723378213,0.7142055025266704,0.832648364293934
0,0.4,1.2,0.0,1.0,0.6607792207792208,0.7784577723378213,0.7148075302051139,0.8331415420023015
0,0.4,1.25,0.0,1.0,0.6611226611226612,0.7784577723378213,0.715008431703204,0.8333059345717574
0,0.4,1.3,0.0,1.0,0.661634565330557,0.7778457772337821,0.7150492264416314,0.8334703271412132
0,0.4,1.35,0.0,1.0,0.6618030224075039,0.7772337821297429,0.7148888263439346,0.8334703271412132
0,0.4,1.4,0.0,1.0,0.6616266944734098,0.7766217870257038,0.714527027027027,0.8333059345717574
0,0.4,1.45,0.0,1.0,0.6616266944734098,0.7766217870257038,0.714527027027027,0.8333059345717574
0,0.4,1.5,0.0,1.0,0.6616266944734098,0.7766217870257038,0.714527027027027,0.8333059345717574
0,0.4,1.55,0.0,1.0,0.6616266944734098,0.7766217870257038,0.714527027027027,0.8333059345717574
0,0.4,1.6,0.0,1.0,0.6616266944734098,0.7766217870257038,0.714527027027027,0.8333059345717574
0,0.4,1.65,0.0,1.0,0.6616266944734098,0.7766217870257038,0.714527027027027,0.8333059345717574
0,0.4,1.7000000000000002,0.0,1.0,0.6616266944734098,0.7766217870257038,0.714527027027027,0.8333059345717574
0,0.4,1.75,0.0,1.0,0.6616266944734098,0.7766217870257038,0.714527027027027,0.8333059345717574
0,0.4,1.8,0.0,1.0,0.6616266944734098,0.7766217870257038,0.714527027027027,0.8333059345717574
0,0.4,1.85,0.0,1.0,0.6616266944734098,0.7766217870257038,0.714527027027027,0.8333059345717574
0,0.4,1.9,0.0,1.0,0.6616266944734098,0.7766217870257038,0.714527027027027,0.8333059345717574
0,0.4,1.9500000000000002,0.0,1.0,0.6616266944734098,0.7766217870257038,0.714527027027027,0.8333059345717574
0,0.4,2.0,0.0,1.0,0.6616266944734098,0.7766217870257038,0.714527027027027,0.8333059345717574
0,0.45,1.0,0.0,1.0,0.6596183599793708,0.7827417380660955,0.7159249930030787,0.8331415420023015
0,0.45,1.05,0.0,1.0,0.6592554291623578,0.7802937576499388,0.7146860986547084,0.832648364293934
0,0.45,1.1,0.0,1.0,0.6597510373443983,0.7784577723378213,0.7142055025266704,0.832648364293934
0,0.45,1.15,0.0,1.0,0.6595744680851063,0.7778457772337821,0.7138444257231115,0.8324839717244781
0,0.45,1.2,0.0,1.0,0.6609464378575143,0.7778457772337821,0.7146471745853248,0.8331415420023015
0,0.45,1.25,0.0,1.0,0.6612903225806451,0.7778457772337821,0.7148481439820022,0.8333059345717574
0,0.45,1.3,0.0,1.0,0.6618030224075039,0.7772337821297429,0.7148888263439346,0.8334703271412132
0,0.45,1.35,0.0,1.0,0.6619718309859155,0.7766217870257038,0.7147282455646297,0.8334703271412132
0,0.45,1.4,0.0,1.0,0.6612650287506534,0.7741738066095472,0.7132788271778969,0.8328127568633897
0,0.45,1.45,0.0,1.0,0.6614338042909471,0.773561811505508,0.71311706629055,0.8328127568633897
0,0.45,1.5,0.0,1.0,0.6614338042909471,0.773561811505508,0.71311706629055,0.8328127568633897
0,0.45,1.55,0.0,1.0,0.6614338042909471,0.773561811505508,0.71311706629055,0.8328127568633897
0,0.45,1.6,0.0,1.0,0.6617801047120419,0.773561811505508,0.7133182844243792,0.8329771494328456
0,0.45,1.65,0.0,1.0,0.6616029334730226,0.7729498164014688,0.7129551227773074,0.8328127568633897
0,0.45,1.7000000000000002,0.0,1.0,0.6616029334730226,0.7729498164014688,0.7129551227773074,0.8328127568633897
0,0.45,1.75,0.0,1.0,0.6616029334730226,0.7729498164014688,0.7129551227773074,0.8328127568633897
0,0.45,1.8,0.0,1.0,0.6616029334730226,0.7729498164014688,0.7129551227773074,0.8328127568633897
0,0.45,1.85,0.0,1.0,0.6616029334730226,0.7729498164014688,0.7129551227773074,0.8328127568633897
0,0.45,1.9,0.0,1.0,0.6616029334730226,0.7729498164014688,0.7129551227773074,0.8328127568633897
0,0.45,1.9500000000000002,0.0,1.0,0.6616029334730226,0.7729498164014688,0.7129551227773074,0.8328127568633897
0,0.45,2.0,0.0,1.0,0.6616029334730226,0.7729498164014688,0.7129551227773074,0.8328127568633897
0,0.5,1.0,0.0,1.0,0.6596183599793708,0.7827417380660955,0.7159249930030787,0.8331415420023015
0,0.3,1.2,0.6,1.15,0.707683419988446,0.7496940024479805,0.7280832095096582,0.8495807989478875
0,0.5,1.05,0.0,1.0,0.6590791515778582,0.7796817625458996,0.7143257639472946,0.8324839717244781
0,0.5,1.1,0.0,1.0,0.6599169262720664,0.7778457772337821,0.7140449438202248,0.832648364293934
0,0.5,1.15,0.0,1.0,0.6595634095634095,0.7766217870257038,0.7133220910623946,0.8323195791550222
0,0.5,1.2,0.0,1.0,0.6609375,0.7766217870257038,0.7141249296567248,0.8329771494328456
0,0.5,1.25,0.0,1.0,0.6611053180396246,0.7760097919216646,0.7139639639639639,0.8329771494328456
0,0.5,1.3,0.0,1.0,0.6616187989556136,0.7753977968176254,0.7140039447731755,0.8331415420023015
0,0.5,1.35,0.0,1.0,0.6621338912133892,0.7747858017135862,0.7140439932318106,0.8333059345717574
0,0.5,1.4,0.0,1.0,0.6614255765199162,0.7723378212974297,0.712591756070017,0.832648364293934
0,0.5,1.45,0.0,1.0,0.661594963273872,0.7717258261933905,0.7124293785310736,0.832648364293934
0,0.5,1.5,0.0,1.0,0.661594963273872,0.7717258261933905,0.7124293785310736,0.832648364293934
0,0.5,1.55,0.0,1.0,0.661594963273872,0.7717258261933905,0.7124293785310736,0.832648364293934
0,0.5,1.6,0.0,1.0,0.6619422572178477,0.7717258261933905,0.7126306866346425,0.8328127568633897
0,0.5,1.65,0.0,1.0,0.6617647058823529,0.7711138310893513,0.7122668174109666,0.832648364293934
0,0.5,1.7000000000000002,0.0,1.0,0.6617647058823529,0.7711138310893513,0.7122668174109666,0.832648364293934
0,0.5,1.75,0.0,1.0,0.6617647058823529,0.7711138310893513,0.7122668174109666,0.832648364293934
0,0.5,1.8,0.0,1.0,0.6617647058823529,0.7711138310893513,0.7122668174109666,0.832648364293934
0,0.5,1.85,0.0,1.0,0.6615869679453494,0.7705018359853121,0.7119027424370935,0.8324839717244781
0,0.5,1.9,0.0,1.0,0.6614090431125131,0.769889840881273,0.7115384615384615,0.8323195791550222
0,0.5,1.9500000000000002,0.0,1.0,0.6614090431125131,0.769889840881273,0.7115384615384615,0.8323195791550222
0,0.5,2.0,0.0,1.0,0.6614090431125131,0.769889840881273,0.7115384615384615,0.8323195791550222
0,0.55,1.0,0.0,1.0,0.6596183599793708,0.7827417380660955,0.7159249930030787,0.8331415420023015
0,0.55,1.05,0.0,1.0,0.659243915069912,0.7790697674418605,0.7141654978962132,0.8324839717244781
0,0.55,1.1,0.0,1.0,0.6599063962558502,0.7766217870257038,0.7135226314309813,0.8324839717244781
0,0.55,1.15,0.0,1.0,0.659375,0.7747858017135862,0.7124366910523353,0.8319907940161104
0,0.55,1.2,0.0,1.0,0.6609195402298851,0.7741738066095472,0.7130777903043969,0.832648364293934
0,0.55,1.25,0.0,1.0,0.6614338042909471,0.773561811505508,0.71311706629055,0.8328127568633897
0,0.55,1.3,0.0,1.0,0.6619496855345912,0.7729498164014688,0.7131564088085827,0.8329771494328456
0,0.55,1.35,0.0,1.0,0.6624671916010498,0.7723378212974297,0.7131958180276915,0.8331415420023015
0,0.55,1.4,0.0,1.0,0.6621052631578948,0.769889840881273,0.7119411431805321,0.832648364293934
0,0.55,1.45,0.0,1.0,0.6622760800842993,0.7692778457772338,0.7117780294450736,0.832648364293934
0,0.55,1.5,0.0,1.0,0.6620980495519241,0.7686658506731946,0.7114131973945058,0.8324839717244781
0,0.55,1.55,0.0,1.0,0.6620980495519241,0.7686658506731946,0.7114131973945058,0.8324839717244781
0,0.55,1.6,0.0,1.0,0.662269129287599,0.7680538555691554,0.7112496457920091,0.8324839717244781
0,0.55,1.65,0.0,1.0,0.6615547329455315,0.7656058751529988,0.7097872340425532,0.8318264014466547
0,0.55,1.7000000000000002,0.0,1.0,0.6615547329455315,0.7656058751529988,0.7097872340425532,0.8318264014466547
0,0.55,1.75,0.0,1.0,0.6615547329455315,0.7656058751529988,0.7097872340425532,0.8318264014466547
0,0.55,1.8,0.0,1.0,0.6615547329455315,0.7656058751529988,0.7097872340425532,0.8318264014466547
0,0.55,1.85,0.0,1.0,0.6613756613756614,0.7649938800489596,0.7094211123723043,0.8316620088771988
0,0.55,1.9,0.0,1.0,0.6610169491525424,0.7637698898408812,0.7086882453151617,0.831333223738287
0,0.55,1.9500000000000002,0.0,1.0,0.6608373078961314,0.7631578947368421,0.7083214995739846,0.8311688311688312
0,0.55,2.0,0.0,1.0,0.6604774535809018,0.7619339045287638,0.7075873827791986,0.8308400460299195
0,0.6000000000000001,1.0,0.0,1.0,0.6596183599793708,0.7827417380660955,0.7159249930030787,0.8331415420023015
0,0.6000000000000001,1.05,0.0,1.0,0.6595854922279792,0.7790697674418605,0.7143658810325477,0.832648364293934
0,0.6000000000000001,1.1,0.0,1.0,0.6598958333333333,0.7753977968176254,0.7129994372537986,0.8323195791550222
0,0.6000000000000001,1.15,0.0,1.0,0.6593635889410537,0.773561811505508,0.7119121374260772,0.8318264014466547
0,0.6000000000000001,1.2,0.0,1.0,0.6607329842931937,0.7723378212974297,0.7121896162528217,0.8323195791550222
0,0.6000000000000001,1.25,0.0,1.0,0.661594963273872,0.7717258261933905,0.7124293785310736,0.832648364293934
0,0.6000000000000001,1.3,0.0,1.0,0.6619348054679285,0.7705018359853121,0.7121040723981901,0.832648364293934
0,0.6000000000000001,1.35,0.0,1.0,0.6622760800842993,0.7692778457772338,0.7117780294450736,0.832648364293934
0,0.6000000000000001,1.4,0.0,1.0,0.6619123085050185,0.7668298653610771,0.7105188545506096,0.8321551865855663
0,0.6000000000000001,1.45,0.0,1.0,0.6620762711864406,0.7649938800489596,0.7098239636570131,0.8319907940161104
0,0.6000000000000001,1.5,0.0,1.0,0.6615384615384615,0.7631578947368421,0.7087240693378801,0.8314976163077429
0,0.6000000000000001,1.55,0.0,1.0,0.6615384615384615,0.7631578947368421,0.7087240693378801,0.8314976163077429
0,0.6000000000000001,1.6,0.0,1.0,0.6617100371747212,0.762545899632803,0.7085584304805234,0.8314976163077429
0,0.6000000000000001,1.65,0.0,1.0,0.6609898882384246,0.7600979192166463,0.7070879590093937,0.8308400460299195
0,0.6000000000000001,1.7000000000000002,0.0,1.0,0.6608093716719915,0.7594859241126071,0.7067198177676539,0.8306756534604636
0,0.6000000000000001,1.75,0.0,1.0,0.6608093716719915,0.7594859241126071,0.7067198177676539,0.8306756534604636
0,0.6000000000000001,1.8,0.0,1.0,0.660628662759723,0.758873929008568,0.7063514668185703,0.8305112608910077
0,0.6000000000000001,1.85,0.0,1.0,0.6604477611940298,0.7582619339045288,0.705982905982906,0.8303468683215519
0,0.6000000000000001,1.9,0.0,1.0,0.6597222222222222,0.7558139534883721,0.7045065601825441,0.8296892980437284
0,0.6000000000000001,1.9500000000000002,0.0,1.0,0.6598930481283423,0.7552019583843329,0.7043378995433789,0.8296892980437284
0,0.6000000000000001,2.0,0.0,1.0,0.6595289079229122,0.7539779681762546,0.7035979440319817,0.8293605129048167
0,0.65,1.0,0.0,1.0,0.6596183599793708,0.7827417380660955,0.7159249930030787,0.8331415420023015
0,0.65,1.05,0.0,1.0,0.6592323651452282,0.7778457772337821,0.7136440202133632,0.8323195791550222
0,0.65,1.1,0.0,1.0,0.6593635889410537,0.773561811505508,0.7119121374260772,0.8318264014466547
0,0.65,1.15,0.0,1.0,0.6586513329848406,0.7711138310893513,0.7104595432760079,0.8311688311688312
0,0.65,1.2,0.0,1.0,0.6600209863588667,0.769889840881273,0.7107344632768362,0.8316620088771988
0,0.65,1.25,0.0,1.0,0.66070489216202,0.7686658506731946,0.7106082036775105,0.8318264014466547
0,0.65,1.3,0.0,1.0,0.6613924050632911,0.7674418604651163,0.7104815864022663,0.8319907940161104
0,0.65,1.35,0.0,1.0,0.6615547329455315,0.7656058751529988,0.7097872340425532,0.8318264014466547
0,0.65,1.4,0.0,1.0,0.66118769883351,0.7631578947368421,0.7085227272727274,0.831333223738287
0,0.65,1.45,0.0,1.0,0.6611702127659574,0.7607099143206855,0.707455890722823,0.8310044385993753
0,0.65,1.5,0.0,1.0,0.6604477611940298,0.7582619339045288,0.705982905982906,0.8303468683215519
0,0.65,1.55,0.0,1.0,0.6602666666666667,0.7576499388004896,0.7056141350812196,0.830182475752096
0,0.65,1.6,0.0,1.0,0.6602564102564102,0.7564259485924113,0.7050770108385624,0.8300180831826401
0,0.65,1.65,0.0,1.0,0.6595289079229122,0.7539779681762546,0.7035979440319817,0.8293605129048167
0,0.65,1.7000000000000002,0.0,1.0,0.659346545259775,0.7533659730722154,0.7032276492430733,0.8291961203353608
0,0.65,1.75,0.0,1.0,0.659346545259775,0.7533659730722154,0.7032276492430733,0.8291961203353608
0,0.65,1.8,0.0,1.0,0.6591639871382636,0.7527539779681762,0.7028571428571427,0.829031727765905
0,0.65,1.85,0.0,1.0,0.6589812332439678,0.7521419828641371,0.7024864246927693,0.8288673351964492
0,0.65,1.9,0.0,1.0,0.6582482536270822,0.7496940024479805,0.7010014306151644,0.8282097649186256
0,0.65,1.9500000000000002,0.0,1.0,0.6582346609257266,0.7484700122399021,0.7004581901489119,0.8280453723491699
0,0.65,2.0,0.0,1.0,0.6576819407008087,0.7466340269277846,0.6993407853253081,0.8275521946408022
0,0.7000000000000001,1.0,0.0,1.0,0.6596183599793708,0.7827417380660955,0.7159249930030787,0.8331415420023015
0,0.7000000000000001,1.05,0.0,1.0,0.6595634095634095,0.7766217870257038,0.7133220910623946,0.8323195791550222
0,0.7000000000000001,1.1,0.0,1.0,0.6593406593406593,0.7711138310893513,0.7108603667136812,0.8314976163077429
0,0.7000000000000001,1.15,0.0,1.0,0.6580882352941176,0.7668298653610771,0.7083097795364613,0.8303468683215519
0,0.7000000000000001,1.2,0.0,1.0,0.6596306068601583,0.7649938800489596,0.7084159818645509,0.8308400460299195
0,0.7000000000000001,1.25,0.0,1.0,0.660137638962414,0.7631578947368421,0.7079193868861766,0.8308400460299195
0,0.7000000000000001,1.3,0.0,1.0,0.66064790228359,0.7613219094247246,0.7074210975263009,0.8308400460299195
0,0.7000000000000001,1.35,0.0,1.0,0.660628662759723,0.758873929008568,0.7063514668185703,0.8305112608910077
0,0.7000000000000001,1.4,0.0,1.0,0.6600748262960984,0.7558139534883721,0.7047075606276747,0.8298536906131843
0,0.7000000000000001,1.45,0.0,1.0,0.660053619302949,0.7533659730722154,0.7036296084595598,0.8295249054742726
0,0.7000000000000001,1.5,0.0,1.0,0.6591397849462366,0.7503059975520195,0.7017744705208929,0.8287029426269933
0,0.7000000000000001,1.55,0.0,1.0,0.6593110871905274,0.7496940024479805,0.7016036655211914,0.8287029426269933
0,0.7000000000000001,1.6,0.0,1.0,0.6594711279007016,0.7478580171358629,0.7008890163464296,0.8285385500575374
0,0.7000000000000001,1.65,0.0,1.0,0.6587344510546241,0.7454100367197063,0.6993970714900949,0.827880979779714
0,0.7000000000000001,1.7000000000000002,0.0,1.0,0.6585497835497836,0.7447980416156671,0.6990235496840895,0.8277165872102581
0,0.7000000000000001,1.75,0.0,1.0,0.6589063345966432,0.7447980416156671,0.6992243608158575,0.827880979779714
0,0.7000000000000001,1.8,0.0,1.0,0.6585365853658537,0.7435740514075887,0.6984765737280828,0.8275521946408022
0,0.7000000000000001,1.85,0.0,1.0,0.658351409978308,0.7429620563035496,0.6981023576768257,0.8273878020713463
0,0.7000000000000001,1.9,0.0,1.0,0.657608695652174,0.7405140758873929,0.6966033390903859,0.8267302317935229
0,0.7000000000000001,1.9500000000000002,0.0,1.0,0.6575939031028851,0.7392900856793145,0.6960530106597522,0.8265658392240671
0,0.7000000000000001,2.0,0.0,1.0,0.6568466993998909,0.7368421052631579,0.6945486010960484,0.8259082689462436
0,0.75,1.0,0.0,1.0,0.6596183599793708,0.7827417380660955,0.7159249930030787,0.8331415420023015
0,0.75,1.05,0.0,1.0,0.6595634095634095,0.7766217870257038,0.7133220910623946,0.8323195791550222
0,0.75,1.1,0.0,1.0,0.6595075955997904,0.7705018359853121,0.7106971493084957,0.8314976163077429
0,0.75,1.15,0.0,1.0,0.6580611169652265,0.7643818849449204,0.7072480181200452,0.8300180831826401
0,0.75,1.2,0.0,1.0,0.6596082583377448,0.762545899632803,0.7073516889015045,0.8305112608910077
0,0.75,1.25,0.0,1.0,0.6601168348380244,0.7607099143206855,0.7068524310491897,0.8305112608910077
0,0.75,1.3,0.0,1.0,0.6604477611940298,0.7582619339045288,0.705982905982906,0.8303468683215519
0,0.75,1.35,0.0,1.0,0.6602461209202782,0.7552019583843329,0.7045389666000571,0.8298536906131843
0,0.75,1.4,0.0,1.0,0.6596886741814278,0.7521419828641371,0.7028881898770375,0.8291961203353608
0,0.75,1.45,0.0,1.0,0.6596661281637048,0.7496940024479805,0.7018046405041535,0.8288673351964492
0,0.75,1.5,0.0,1.0,0.6585629389519179,0.7460220318237454,0.6995695839311334,0.827880979779714
0,0.75,1.55,0.0,1.0,0.6587344510546241,0.7454100367197063,0.6993970714900949,0.827880979779714
0,0.75,1.6,0.0,1.0,0.6588937093275488,0.7435740514075887,0.6986774008050604,0.8277165872102581
0,0.75,1.65,0.0,1.0,0.6579662860250136,0.7405140758873929,0.6968039159228334,0.8268946243629788
0,0.75,1.7000000000000002,0.0,1.0,0.6575939031028851,0.7392900856793145,0.6960530106597522,0.8265658392240671
0,0.75,1.75,0.0,1.0,0.6579520697167756,0.7392900856793145,0.6962536023054755,0.8267302317935229
0,0.75,1.8,0.0,1.0,0.6575790621592148,0.7380660954712362,0.6955017301038062,0.8264014466546112
0,0.75,1.85,0.0,1.0,0.657018022938285,0.7362301101591188,0.6943722943722944,0.8259082689462436
0,0.75,1.9,0.0,1.0,0.6562671045429667,0.7337821297429621,0.6928633342964462,0.8252506986684202
0,0.75,1.9500000000000002,0.0,1.0,0.65625,0.7325581395348837,0.6923076923076923,0.8250863060989643
0,0.75,2.0,0.0,1.0,0.6554945054945055,0.730110159118727,0.690793283149971,0.8244287358211408
0,0.8,1.0,0.0,1.0,0.6596183599793708,0.7827417380660955,0.7159249930030787,0.8331415420023015
0,0.8,1.05,0.0,1.0,0.6593863754550182,0.7760097919216646,0.7129603598538095,0.8321551865855663
0,0.8,1.1,0.0,1.0,0.6593291404612159,0.769889840881273,0.7103331451157539,0.831333223738287
0,0.8,1.15,0.0,1.0,0.6575197889182058,0.762545899632803,0.7061490507225843,0.8295249054742726
0,0.8,1.2,0.0,1.0,0.6590668080593849,0.7607099143206855,0.7062499999999999,0.8300180831826401
0,0.8,1.25,0.0,1.0,0.6595744680851063,0.758873929008568,0.7057484348321001,0.8300180831826401
0,0.8,1.3,0.0,1.0,0.6602564102564102,0.7564259485924113,0.7050770108385624,0.8300180831826401
0,0.8,1.35,0.0,1.0,0.6602254428341385,0.7527539779681762,0.7034601086645696,0.8295249054742726
0,0.8,1.4,0.0,1.0,0.6592991913746631,0.7484700122399021,0.701060475781026,0.8285385500575374
0,0.8,1.45,0.0,1.0,0.6592752839372634,0.7460220318237454,0.6999712891185759,0.8282097649186256
0,0.8,1.5,0.0,1.0,0.6581660336408031,0.7423500611995104,0.6977279263733104,0.8272234095018905
0,0.8,1.55,0.0,1.0,0.6581521739130435,0.741126070991432,0.6971790443293033,0.8270590169324347
0,0.8,1.6,0.0,1.0,0.6583106267029972,0.7392900856793145,0.6964543095993081,0.8268946243629788
0,0.8,1.65,0.0,1.0,0.6570021881838074,0.7350061199510404,0.6938186019641825,0.8257438763767878
0,0.8,1.7000000000000002,0.0,1.0,0.6564383561643835,0.7331701346389229,0.6926857473258167,0.8252506986684202
0,0.8,1.75,0.0,1.0,0.6567982456140351,0.7331701346389229,0.6928860613071139,0.825415091237876
0,0.8,1.8,0.0,1.0,0.6564215148188803,0.7319461444308446,0.6921296296296297,0.8250863060989643
0,0.8,1.85,0.0,1.0,0.6558548653106102,0.730110159118727,0.6909933391253981,0.8245931283905967
0,0.8,1.9,0.0,1.0,0.6550964187327823,0.7276621787025703,0.6894752102058567,0.8239355581127733
0,0.8,1.9500000000000002,0.0,1.0,0.6550772626931567,0.726438188494492,0.6889146836912361,0.8237711655433174
0,0.8,2.0,0.0,1.0,0.6543141592920354,0.7239902080783354,0.6873910517141197,0.823113595265494
0,0.8500000000000001,1.0,0.0,1.0,0.6596183599793708,0.7827417380660955,0.7159249930030787,0.8331415420023015
0,0.8500000000000001,1.05,0.0,1.0,0.6593863754550182,0.7760097919216646,0.7129603598538095,0.8321551865855663
0,0.8500000000000001,1.1,0.0,1.0,0.6593291404612159,0.769889840881273,0.7103331451157539,0.831333223738287
0,0.8500000000000001,1.15,0.0,1.0,0.6578669482576558,0.762545899632803,0.7063492063492064,0.8296892980437284
0,0.8500000000000001,1.2,0.0,1.0,0.6594164456233422,0.7607099143206855,0.7064506962205173,0.830182475752096
0,0.8500000000000001,1.25,0.0,1.0,0.6597444089456869,0.7582619339045288,0.7055808656036446,0.8300180831826401
0,0.8500000000000001,1.3,0.0,1.0,0.6602461209202782,0.7552019583843329,0.7045389666000571,0.8298536906131843
0,0.8500000000000001,1.35,0.0,1.0,0.6600322754168908,0.7509179926560587,0.702547953048955,0.8291961203353608
0,0.8500000000000001,1.4,0.0,1.0,0.6591031874662344,0.7466340269277846,0.7001434720229555,0.8282097649186256
0,0.8500000000000001,1.45,0.0,1.0,0.6590785907859079,0.7441860465116279,0.6990514515665422,0.827880979779714
0,0.8500000000000001,1.5,0.0,1.0,0.6579662860250136,0.7405140758873929,0.6968039159228334,0.8268946243629788
0,0.8500000000000001,1.55,0.0,1.0,0.6579520697167756,0.7392900856793145,0.6962536023054755,0.8267302317935229
0,0.8500000000000001,1.6,0.0,1.0,0.6581103222282906,0.737454100367197,0.6955266955266955,0.8265658392240671
0,0.8500000000000001,1.65,0.0,1.0,0.6566099835436094,0.7325581395348837,0.6925079548741683,0.8252506986684202
0,0.8500000000000001,1.7000000000000002,0.0,1.0,0.656043956043956,0.7307221542227662,0.6913723219455704,0.8247575209600526
0,0.8500000000000001,1.75,0.0,1.0,0.6564046179219352,0.7307221542227662,0.6915725456125109,0.8249219135295085
0,0.8500000000000001,1.8,0.0,1.0,0.6560264171711613,0.7294981640146879,0.6908142567371777,0.8245931283905967
0,0.8500000000000001,1.85,0.0,1.0,0.655457552370452,0.7276621787025703,0.6896751740139211,0.8240999506822292
0,0.8500000000000001,1.9,0.0,1.0,0.6546961325966851,0.7252141982864138,0.6881533101045297,0.8234423804044058
0,0.8500000000000001,1.9500000000000002,0.0,1.0,0.6546762589928058,0.7239902080783354,0.6875908166230746,0.8232779878349499
0,0.8500000000000001,2.0,0.0,1.0,0.653910149750416,0.7215422276621787,0.6860634274076229,0.8226204175571264
0,0.9,1.0,0.0,1.0,0.6596183599793708,0.7827417380660955,0.7159249930030787,0.8331415420023015
0,0.9,1.05,0.0,1.0,0.6593863754550182,0.7760097919216646,0.7129603598538095,0.8321551865855663
0,0.9,1.1,0.0,1.0,0.6593291404612159,0.769889840881273,0.7103331451157539,0.831333223738287
0,0.9,1.15,0.0,1.0,0.6578669482576558,0.762545899632803,0.7063492063492064,0.8296892980437284
0,0.9,1.2,0.0,1.0,0.6594164456233422,0.7607099143206855,0.7064506962205173,0.830182475752096
0,0.9,1.25,0.0,1.0,0.6595631326584976,0.7576499388004896,0.7052121902591855,0.8298536906131843
0,0.9,1.3,0.0,1.0,0.6600642398286938,0.7545899632802937,0.7041690462592803,0.8296892980437284
0,0.9,1.35,0.0,1.0,0.6598493003229279,0.7503059975520195,0.7021764032073311,0.829031727765905
0,0.9,1.4,0.0,1.0,0.658918918918919,0.7460220318237454,0.6997703788748565,0.8280453723491699
0,0.9,1.45,0.0,1.0,0.6588937093275488,0.7435740514075887,0.6986774008050604,0.8277165872102581
0,0.9,1.5,0.0,1.0,0.6577801958650707,0.7399020807833537,0.6964285714285714,0.8267302317935229
0,0.9,1.55,0.0,1.0,0.6575790621592148,0.7380660954712362,0.6955017301038062,0.8264014466546112
0,0.9,1.6,0.0,1.0,0.6575492341356673,0.7356181150550796,0.6943963027151935,0.8260726615156995
0,0.9,1.65,0.0,1.0,0.656043956043956,0.7307221542227662,0.6913723219455704,0.8247575209600526
0,0.9,1.7000000000000002,0.0,1.0,0.6552863436123348,0.7282741738066095,0.6898550724637682,0.8240999506822292
0,0.9,1.75,0.0,1.0,0.6556473829201102,0.7282741738066095,0.6900550884314293,0.8242643432516851
0,0.9,1.8,0.0,1.0,0.6550772626931567,0.726438188494492,0.6889146836912361,0.8237711655433174
0,0.9,1.85,0.0,1.0,0.6545052515201769,0.7246022031823746,0.6877722916061574,0.8232779878349499
0,0.9,1.9,0.0,1.0,0.6537396121883656,0.7221542227662179,0.6862460017446932,0.8226204175571264
0,0.9,1.9500000000000002,0.0,1.0,0.6537180910099889,0.7209302325581395,0.6856810244470314,0.8224560249876706
0,0.9,2.0,0.0,1.0,0.6529477196885428,0.7184822521419829,0.6841491841491841,0.8217984547098471
0,0.9500000000000001,1.0,0.0,1.0,0.6596183599793708,0.7827417380660955,0.7159249930030787,0.8331415420023015
0,0.9500000000000001,1.05,0.0,1.0,0.6593863754550182,0.7760097919216646,0.7129603598538095,0.8321551865855663
0,0.9500000000000001,1.1,0.0,1.0,0.6593291404612159,0.769889840881273,0.7103331451157539,0.831333223738287
0,0.9500000000000001,1.15,0.0,1.0,0.6578669482576558,0.762545899632803,0.7063492063492064,0.8296892980437284
0,0.9500000000000001,1.2,0.0,1.0,0.6594164456233422,0.7607099143206855,0.7064506962205173,0.830182475752096
0,0.9500000000000001,1.25,0.0,1.0,0.6595631326584976,0.7576499388004896,0.7052121902591855,0.8298536906131843
0,0.9500000000000001,1.3,0.0,1.0,0.6600642398286938,0.7545899632802937,0.7041690462592803,0.8296892980437284
0,0.9500000000000001,1.35,0.0,1.0,0.6598493003229279,0.7503059975520195,0.7021764032073311,0.829031727765905
0,0.9500000000000001,1.4,0.0,1.0,0.658918918918919,0.7460220318237454,0.6997703788748565,0.8280453723491699
0,0.9500000000000001,1.45,0.0,1.0,0.6588937093275488,0.7435740514075887,0.6986774008050604,0.8277165872102581
0,0.9500000000000001,1.5,0.0,1.0,0.6577801958650707,0.7399020807833537,0.6964285714285714,0.8267302317935229
0,0.9500000000000001,1.55,0.0,1.0,0.6575790621592148,0.7380660954712362,0.6955017301038062,0.8264014466546112
0,0.9500000000000001,1.6,0.0,1.0,0.6575492341356673,0.7356181150550796,0.6943963027151935,0.8260726615156995
0,0.9500000000000001,1.65,0.0,1.0,0.656043956043956,0.7307221542227662,0.6913723219455704,0.8247575209600526
0,0.9500000000000001,1.7000000000000002,0.0,1.0,0.6552863436123348,0.7282741738066095,0.6898550724637682,0.8240999506822292
0,0.9500000000000001,1.75,0.0,1.0,0.6556473829201102,0.7282741738066095,0.6900550884314293,0.8242643432516851
0,0.9500000000000001,1.8,0.0,1.0,0.6550772626931567,0.726438188494492,0.6889146836912361,0.8237711655433174
0,0.9500000000000001,1.85,0.0,1.0,0.6545052515201769,0.7246022031823746,0.6877722916061574,0.8232779878349499
0,0.9500000000000001,1.9,0.0,1.0,0.6537396121883656,0.7221542227662179,0.6862460017446932,0.8226204175571264
0,0.9500000000000001,1.9500000000000002,0.0,1.0,0.6537180910099889,0.7209302325581395,0.6856810244470314,0.8224560249876706
0,0.9500000000000001,2.0,0.0,1.0,0.6529477196885428,0.7184822521419829,0.6841491841491841,0.8217984547098471
0,1.0,1.0,0.0,1.0,0.6596183599793708,0.7827417380660955,0.7159249930030787,0.8331415420023015
0,1.0,1.05,0.0,1.0,0.6593863754550182,0.7760097919216646,0.7129603598538095,0.8321551865855663
0,1.0,1.1,0.0,1.0,0.6593291404612159,0.769889840881273,0.7103331451157539,0.831333223738287
0,1.0,1.15,0.0,1.0,0.6578669482576558,0.762545899632803,0.7063492063492064,0.8296892980437284
0,1.0,1.2,0.0,1.0,0.6594164456233422,0.7607099143206855,0.7064506962205173,0.830182475752096
0,1.0,1.25,0.0,1.0,0.6595631326584976,0.7576499388004896,0.7052121902591855,0.8298536906131843
0,1.0,1.3,0.0,1.0,0.6600642398286938,0.7545899632802937,0.7041690462592803,0.8296892980437284
0,1.0,1.35,0.0,1.0,0.6596661281637048,0.7496940024479805,0.7018046405041535,0.8288673351964492
0,1.0,1.4,0.0,1.0,0.6587344510546241,0.7454100367197063,0.6993970714900949,0.827880979779714
0,1.0,1.45,0.0,1.0,0.6587086272381986,0.7429620563035496,0.6983031348863963,0.8275521946408022
0,1.0,1.5,0.0,1.0,0.6575939031028851,0.7392900856793145,0.6960530106597522,0.8265658392240671
0,1.0,1.55,0.0,1.0,0.657392253136934,0.737454100367197,0.6951254687049322,0.8262370540851554
0,1.0,1.6,0.0,1.0,0.6573617952928298,0.7350061199510404,0.694019069633054,0.8259082689462436
0,1.0,1.65,0.0,1.0,0.6558548653106102,0.730110159118727,0.6909933391253981,0.8245931283905967
0,1.0,1.7000000000000002,0.0,1.0,0.6550964187327823,0.7276621787025703,0.6894752102058567,0.8239355581127733
0,1.0,1.75,0.0,1.0,0.655457552370452,0.7276621787025703,0.6896751740139211,0.8240999506822292
0,1.0,1.8,0.0,1.0,0.6546961325966851,0.7252141982864138,0.6881533101045297,0.8234423804044058
0,1.0,1.85,0.0,1.0,0.6541228555617045,0.7233782129742962,0.6870095902353966,0.8229492026960381
0,1.0,1.9,0.0,1.0,0.6533555185801442,0.7209302325581395,0.6854815245853942,0.8222916324182147
0,1.0,1.9500000000000002,0.0,1.0,0.6533333333333333,0.7197062423500612,0.6849155503785672,0.8221272398487588
0,1.0,2.0,0.0,1.0,0.6525612472160356,0.7172582619339045,0.6833819241982506,0.8214696695709354
0,0.0,1.0,0.0,1.0,0.6596183599793708,0.7827417380660955,0.7159249930030787,0.8331415420023015
0,0.0,1.0,0.0,1.05,0.6596183599793708,0.7827417380660955,0.7159249930030787,0.8331415420023015
0,0.0,1.0,0.0,1.1,0.6596183599793708,0.7827417380660955,0.7159249930030787,0.8331415420023015
0,0.0,1.0,0.0,1.15,0.6596183599793708,0.7827417380660955,0.7159249930030787,0.8331415420023015
0,0.0,1.0,0.0,1.2,0.6596183599793708,0.7827417380660955,0.7159249930030787,0.8331415420023015
0,0.0,1.0,0.0,1.25,0.6596183599793708,0.7827417380660955,0.7159249930030787,0.8331415420023015
0,0.0,1.0,0.0,1.3,0.6596183599793708,0.7827417380660955,0.7159249930030787,0.8331415420023015
0,0.0,1.0,0.0,1.35,0.6596183599793708,0.7827417380660955,0.7159249930030787,0.8331415420023015
0,0.0,1.0,0.0,1.4,0.6596183599793708,0.7827417380660955,0.7159249930030787,0.8331415420023015
0,0.0,1.0,0.0,1.45,0.6596183599793708,0.7827417380660955,0.7159249930030787,0.8331415420023015
0,0.0,1.0,0.0,1.5,0.6596183599793708,0.7827417380660955,0.7159249930030787,0.8331415420023015
0,0.0,1.0,0.0,1.55,0.6596183599793708,0.7827417380660955,0.7159249930030787,0.8331415420023015
0,0.0,1.0,0.0,1.6,0.6596183599793708,0.7827417380660955,0.7159249930030787,0.8331415420023015
0,0.0,1.0,0.0,1.65,0.6596183599793708,0.7827417380660955,0.7159249930030787,0.8331415420023015
0,0.0,1.0,0.0,1.7000000000000002,0.6596183599793708,0.7827417380660955,0.7159249930030787,0.8331415420023015
0,0.0,1.0,0.0,1.75,0.6596183599793708,0.7827417380660955,0.7159249930030787,0.8331415420023015
0,0.0,1.0,0.0,1.8,0.6596183599793708,0.7827417380660955,0.7159249930030787,0.8331415420023015
0,0.0,1.0,0.0,1.85,0.6596183599793708,0.7827417380660955,0.7159249930030787,0.8331415420023015
0,0.0,1.0,0.0,1.9,0.6596183599793708,0.7827417380660955,0.7159249930030787,0.8331415420023015
0,0.0,1.0,0.0,1.9500000000000002,0.6596183599793708,0.7827417380660955,0.7159249930030787,0.8331415420023015
0,0.0,1.0,0.0,2.0,0.6596183599793708,0.7827417380660955,0.7159249930030787,0.8331415420023015
0,0.0,1.0,0.05,1.0,0.6596183599793708,0.7827417380660955,0.7159249930030787,0.8331415420023015
0,0.0,1.0,0.05,1.05,0.6596183599793708,0.7827417380660955,0.7159249930030787,0.8331415420023015
0,0.0,1.0,0.05,1.1,0.6596183599793708,0.7827417380660955,0.7159249930030787,0.8331415420023015
0,0.0,1.0,0.05,1.15,0.6596183599793708,0.7827417380660955,0.7159249930030787,0.8331415420023015
0,0.0,1.0,0.05,1.2,0.6596183599793708,0.7827417380660955,0.7159249930030787,0.8331415420023015
0,0.0,1.0,0.05,1.25,0.6596183599793708,0.7827417380660955,0.7159249930030787,0.8331415420023015
0,0.0,1.0,0.05,1.3,0.6596183599793708,0.7827417380660955,0.7159249930030787,0.8331415420023015
0,0.0,1.0,0.05,1.35,0.6596183599793708,0.7827417380660955,0.7159249930030787,0.8331415420023015
0,0.0,1.0,0.05,1.4,0.6596183599793708,0.7827417380660955,0.7159249930030787,0.8331415420023015
0,0.0,1.0,0.05,1.45,0.6596183599793708,0.7827417380660955,0.7159249930030787,0.8331415420023015
0,0.0,1.0,0.05,1.5,0.6596183599793708,0.7827417380660955,0.7159249930030787,0.8331415420023015
0,0.0,1.0,0.05,1.55,0.6596183599793708,0.7827417380660955,0.7159249930030787,0.8331415420023015
0,0.0,1.0,0.05,1.6,0.6596183599793708,0.7827417380660955,0.7159249930030787,0.8331415420023015
0,0.0,1.0,0.05,1.65,0.6596183599793708,0.7827417380660955,0.7159249930030787,0.8331415420023015
0,0.0,1.0,0.05,1.7000000000000002,0.6596183599793708,0.7827417380660955,0.7159249930030787,0.8331415420023015
0,0.0,1.0,0.05,1.75,0.6596183599793708,0.7827417380660955,0.7159249930030787,0.8331415420023015
0,0.0,1.0,0.05,1.8,0.6596183599793708,0.7827417380660955,0.7159249930030787,0.8331415420023015
0,0.0,1.0,0.05,1.85,0.6596183599793708,0.7827417380660955,0.7159249930030787,0.8331415420023015
0,0.0,1.0,0.05,1.9,0.6596183599793708,0.7827417380660955,0.7159249930030787,0.8331415420023015
0,0.0,1.0,0.05,1.9500000000000002,0.6596183599793708,0.7827417380660955,0.7159249930030787,0.8331415420023015
0,0.0,1.0,0.05,2.0,0.6596183599793708,0.7827417380660955,0.7159249930030787,0.8331415420023015
0,0.0,1.0,0.1,1.0,0.6596183599793708,0.7827417380660955,0.7159249930030787,0.8331415420023015
0,0.0,1.0,0.1,1.05,0.6596183599793708,0.7827417380660955,0.7159249930030787,0.8331415420023015
0,0.0,1.0,0.1,1.1,0.6596183599793708,0.7827417380660955,0.7159249930030787,0.8331415420023015
0,0.0,1.0,0.1,1.15,0.6596183599793708,0.7827417380660955,0.7159249930030787,0.8331415420023015
0,0.0,1.0,0.1,1.2,0.6596183599793708,0.7827417380660955,0.7159249930030787,0.8331415420023015
0,0.0,1.0,0.1,1.25,0.6596183599793708,0.7827417380660955,0.7159249930030787,0.8331415420023015
0,0.0,1.0,0.1,1.3,0.6596183599793708,0.7827417380660955,0.7159249930030787,0.8331415420023015
0,0.0,1.0,0.1,1.35,0.6596183599793708,0.7827417380660955,0.7159249930030787,0.8331415420023015
0,0.0,1.0,0.1,1.4,0.6596183599793708,0.7827417380660955,0.7159249930030787,0.8331415420023015
0,0.0,1.0,0.1,1.45,0.6596183599793708,0.7827417380660955,0.7159249930030787,0.8331415420023015
0,0.0,1.0,0.1,1.5,0.6596183599793708,0.7827417380660955,0.7159249930030787,0.8331415420023015
0,0.0,1.0,0.1,1.55,0.6596183599793708,0.7827417380660955,0.7159249930030787,0.8331415420023015
0,0.0,1.0,0.1,1.6,0.6596183599793708,0.7827417380660955,0.7159249930030787,0.8331415420023015
0,0.0,1.0,0.1,1.65,0.6596183599793708,0.7827417380660955,0.7159249930030787,0.8331415420023015
0,0.0,1.0,0.1,1.7000000000000002,0.6596183599793708,0.7827417380660955,0.7159249930030787,0.8331415420023015
0,0.0,1.0,0.1,1.75,0.6596183599793708,0.7827417380660955,0.7159249930030787,0.8331415420023015
0,0.0,1.0,0.1,1.8,0.6596183599793708,0.7827417380660955,0.7159249930030787,0.8331415420023015
0,0.0,1.0,0.1,1.85,0.6596183599793708,0.7827417380660955,0.7159249930030787,0.8331415420023015
0,0.0,1.0,0.1,1.9,0.6596183599793708,0.7827417380660955,0.7159249930030787,0.8331415420023015
0,0.0,1.0,0.1,1.9500000000000002,0.6596183599793708,0.7827417380660955,0.7159249930030787,0.8331415420023015
0,0.0,1.0,0.1,2.0,0.6596183599793708,0.7827417380660955,0.7159249930030787,0.8331415420023015
0,0.0,1.0,0.15000000000000002,1.0,0.6596183599793708,0.7827417380660955,0.7159249930030787,0.8331415420023015
0,0.0,1.0,0.15000000000000002,1.05,0.6596183599793708,0.7827417380660955,0.7159249930030787,0.8331415420023015
0,0.0,1.0,0.15000000000000002,1.1,0.6594427244582043,0.7821297429620563,0.715565509518477,0.8329771494328456
0,0.0,1.0,0.15000000000000002,1.15,0.6594427244582043,0.7821297429620563,0.715565509518477,0.8329771494328456
0,0.0,1.0,0.15000000000000002,1.2,0.659783169850284,0.7821297429620563,0.7157658919070289,0.8331415420023015
0,0.0,1.0,0.15000000000000002,1.25,0.659783169850284,0.7821297429620563,0.7157658919070289,0.8331415420023015
0,0.0,1.0,0.15000000000000002,1.3,0.659783169850284,0.7821297429620563,0.7157658919070289,0.8331415420023015
0,0.0,1.0,0.15000000000000002,1.35,0.6596074380165289,0.7815177478580171,0.7154061624649859,0.8329771494328456
0,0.0,1.0,0.15000000000000002,1.4,0.6596074380165289,0.7815177478580171,0.7154061624649859,0.8329771494328456
0,0.0,1.0,0.15000000000000002,1.45,0.6596074380165289,0.7815177478580171,0.7154061624649859,0.8329771494328456
0,0.0,1.0,0.15000000000000002,1.5,0.6596074380165289,0.7815177478580171,0.7154061624649859,0.8329771494328456
0,0.0,1.0,0.15000000000000002,1.55,0.6596074380165289,0.7815177478580171,0.7154061624649859,0.8329771494328456
0,0.0,1.0,0.15000000000000002,1.6,0.6594315245478036,0.780905752753978,0.7150462314373774,0.8328127568633897
0,0.0,1.0,0.15000000000000002,1.65,0.6594315245478036,0.780905752753978,0.7150462314373774,0.8328127568633897
0,0.0,1.0,0.15000000000000002,1.7000000000000002,0.6594315245478036,0.780905752753978,0.7150462314373774,0.8328127568633897
0,0.0,1.0,0.15000000000000002,1.75,0.6594315245478036,0.780905752753978,0.7150462314373774,0.8328127568633897
0,0.0,1.0,0.15000000000000002,1.8,0.6594315245478036,0.780905752753978,0.7150462314373774,0.8328127568633897
0,0.0,1.0,0.15000000000000002,1.85,0.6594315245478036,0.780905752753978,0.7150462314373774,0.8328127568633897
0,0.0,1.0,0.15000000000000002,1.9,0.6594315245478036,0.780905752753978,0.7150462314373774,0.8328127568633897
0,0.0,1.0,0.15000000000000002,1.9500000000000002,0.6594315245478036,0.780905752753978,0.7150462314373774,0.8328127568633897
0,0.0,1.0,0.15000000000000002,2.0,0.6594315245478036,0.780905752753978,0.7150462314373774,0.8328127568633897
0,0.0,1.0,0.2,1.0,0.6596183599793708,0.7827417380660955,0.7159249930030787,0.8331415420023015
0,0.0,1.0,0.2,1.05,0.6599587203302374,0.7827417380660955,0.7161254199328109,0.8333059345717574
0,0.0,1.0,0.2,1.1,0.6596074380165289,0.7815177478580171,0.7154061624649859,0.8329771494328456
0,0.0,1.0,0.2,1.15,0.6597724922440538,0.780905752753978,0.7152466367713005,0.8329771494328456
0,0.0,1.0,0.2,1.2,0.6600934094447327,0.7784577723378213,0.7144060657118787,0.8328127568633897
0,0.0,1.0,0.2,1.25,0.6602597402597402,0.7778457772337821,0.7142455745996066,0.8328127568633897
0,0.0,1.0,0.2,1.3,0.6609464378575143,0.7778457772337821,0.7146471745853248,0.8331415420023015
0,0.0,1.0,0.2,1.35,0.6612819176654507,0.7766217870257038,0.7143259217562623,0.8331415420023015
0,0.0,1.0,0.2,1.4,0.6609285341679708,0.7753977968176254,0.7136018023092088,0.8328127568633897
0,0.0,1.0,0.2,1.45,0.6614420062695925,0.7747858017135862,0.713641488162345,0.8329771494328456
0,0.0,1.0,0.2,1.5,0.6607329842931937,0.7723378212974297,0.7121896162528217,0.8323195791550222
0,0.0,1.0,0.2,1.55,0.6607236497115889,0.7711138310893513,0.7116633719288337,0.8321551865855663
0,0.0,1.0,0.2,1.6,0.6600105097214923,0.7686658506731946,0.7102063895957026,0.8314976163077429
0,0.0,1.0,0.2,1.65,0.6603575184016824,0.7686658506731946,0.7104072398190046,0.8316620088771988
0,0.0,1.0,0.2,1.7000000000000002,0.66070489216202,0.7686658506731946,0.7106082036775105,0.8318264014466547
0,0.0,1.0,0.2,1.75,0.660347551342812,0.7674418604651163,0.7098782904047551,0.8314976163077429
0,0.0,1.0,0.2,1.8,0.660347551342812,0.7674418604651163,0.7098782904047551,0.8314976163077429
0,0.0,1.0,0.2,1.85,0.660347551342812,0.7674418604651163,0.7098782904047551,0.8314976163077429
0,0.0,1.0,0.2,1.9,0.660347551342812,0.7674418604651163,0.7098782904047551,0.8314976163077429
0,0.0,1.0,0.2,1.9500000000000002,0.660347551342812,0.7674418604651163,0.7098782904047551,0.8314976163077429
0,0.0,1.0,0.2,2.0,0.660168598524763,0.7668298653610771,0.7095130237825594,0.831333223738287
0,0.0,1.0,0.25,1.0,0.6596183599793708,0.7827417380660955,0.7159249930030787,0.8331415420023015
0,0.0,1.0,0.25,1.05,0.661498708010336,0.7833537331701347,0.7172877556738583,0.8341278974190367
0,0.0,1.0,0.25,1.1,0.6652806652806653,0.7833537331701347,0.7195053400786958,0.8359362156830511
0,0.0,1.0,0.25,1.15,0.6687664041994751,0.7796817625458996,0.719977394744278,0.8370869636692422
0,0.0,1.0,0.25,1.2,0.6712619300106044,0.7747858017135862,0.7193181818181817,0.8375801413776097
0,0.0,1.0,0.25,1.25,0.6714666666666667,0.7705018359853121,0.7175833570817897,0.8370869636692422
0,0.0,1.0,0.25,1.3,0.6736222578919208,0.7705018359853121,0.7188124464744504,0.8380733190859773
0,0.0,1.0,0.25,1.35,0.674217907227616,0.7649938800489596,0.716743119266055,0.8375801413776097
0,0.0,1.0,0.25,1.4,0.6745945945945946,0.7637698898408812,0.7164179104477612,0.8375801413776097
0,0.0,1.0,0.25,1.45,0.675,0.7600979192166463,0.7150259067357514,0.8372513562386981
0,0.0,1.0,0.25,1.5,0.67430441898527,0.7564259485924113,0.7130083645803289,0.8364293933914188
0,0.0,1.0,0.25,1.55,0.6737938596491229,0.7521419828641371,0.7108155002891845,0.8356074305441394
0,0.0,1.0,0.25,1.6,0.6738173817381738,0.7496940024479805,0.7097334878331402,0.8352786454052277
0,0.0,1.0,0.25,1.65,0.6742006615214995,0.7484700122399021,0.7093967517401393,0.8352786454052277
0,0.0,1.0,0.25,1.7000000000000002,0.6747787610619469,0.7466340269277846,0.7088901801278327,0.8352786454052277
0,0.0,1.0,0.25,1.75,0.6744186046511628,0.7454100367197063,0.708139534883721,0.834949860266316
0,0.0,1.0,0.25,1.8,0.6744444444444444,0.7429620563035496,0.7070471753057659,0.8346210751274042
0,0.0,1.0,0.25,1.85,0.6746518105849583,0.741126070991432,0.7063283756197142,0.8344566825579484
0,0.0,1.0,0.25,1.9,0.6746518105849583,0.741126070991432,0.7063283756197142,0.8344566825579484
0,0.0,1.0,0.25,1.9500000000000002,0.6748603351955307,0.7392900856793145,0.7056074766355139,0.8342922899884925
0,0.0,1.0,0.25,2.0,0.674496644295302,0.7380660954712362,0.7048509643483344,0.8339635048495808
0,0.0,1.0,0.30000000000000004,1.0,0.6596183599793708,0.7827417380660955,0.7159249930030787,0.8331415420023015
0,0.0,1.0,0.30000000000000004,1.05,0.6623443983402489,0.7815177478580171,0.717012914093206,0.8342922899884925
0,0.0,1.0,0.30000000000000004,1.1,0.6689437729900157,0.7790697674418605,0.7198190556969184,0.8370869636692422
0,0.0,1.0,0.30000000000000004,1.15,0.6757624398073836,0.7729498164014688,0.7210962032543534,0.8393884596416242
0,0.0,1.0,0.30000000000000004,1.2,0.6817438692098092,0.7656058751529988,0.7212453156529259,0.8410323853361829
0,0.0,1.0,0.30000000000000004,1.25,0.6824175824175824,0.7600979192166463,0.719166184134337,0.8405392076278152
0,0.0,1.0,0.30000000000000004,1.3,0.6852567642186638,0.7594859241126071,0.7204644412191583,0.8416899556140063
0,0.0,1.0,0.30000000000000004,1.35,0.6871508379888268,0.7527539779681762,0.7184579439252337,0.8415255630445504
0,0.0,1.0,0.30000000000000004,1.4,0.6884507042253522,0.7478580171358629,0.7169257846875915,0.8413611704750945
0,0.0,1.0,0.30000000000000004,1.45,0.6911262798634812,0.7435740514075887,0.7163915094339622,0.841854348183462
0,0.0,1.0,0.30000000000000004,1.5,0.69010863350486,0.7386780905752754,0.7135678391959799,0.8407036001972711
0,0.0,1.0,0.30000000000000004,1.55,0.6904487917146145,0.7343941248470012,0.7117437722419928,0.8402104224889035
0,0.0,1.0,0.30000000000000004,1.6,0.6915509259259259,0.7313341493268054,0.7108863771564544,0.8402104224889035
0,0.0,1.0,0.30000000000000004,1.65,0.6922183507549361,0.7294981640146879,0.7103694874851013,0.8402104224889035
0,0.0,1.0,0.30000000000000004,1.7000000000000002,0.6927113702623907,0.7270501835985312,0.7094655120931623,0.8400460299194477
0,0.0,1.0,0.30000000000000004,1.75,0.6923976608187135,0.7246022031823746,0.7081339712918661,0.8395528522110801
0,0.0,1.0,0.30000000000000004,1.8,0.6927144535840188,0.7215422276621787,0.7068345323741007,0.8392240670721683
0,0.0,1.0,0.30000000000000004,1.85,0.692443919716647,0.7178702570379437,0.7049278846153847,0.8385664967943449
0,0.0,1.0,0.30000000000000004,1.9,0.6918982850384388,0.7160342717258262,0.7037593984962405,0.8380733190859773
0,0.0,1.0,0.30000000000000004,1.9500000000000002,0.6918052256532067,0.7129742962056304,0.7022302591922845,0.8375801413776097
0,0.0,1.0,0.30000000000000004,2.0,0.6912552052349792,0.7111383108935129,0.7010558069381599,0.8370869636692422
0,0.0,1.0,0.35000000000000003,1.0,0.6596183599793708,0.7827417380660955,0.7159249930030787,0.8331415420023015
0,0.0,1.0,0.35000000000000003,1.05,0.6642373763664758,0.780905752753978,0.7178621659634319,0.8351142528357718
0,0.0,1.0,0.35000000000000003,1.1,0.674468085106383,0.7760097919216646,0.7216846898121798,0.8392240670721683
0,0.0,1.0,0.35000000000000003,1.15,0.6818675352877307,0.7686658506731946,0.7226697353279632,0.8415255630445504
0,0.0,1.0,0.35000000000000003,1.2,0.6890989988876529,0.7582619339045288,0.7220279720279721,0.843169488739109
0,0.0,1.0,0.35000000000000003,1.25,0.6937853107344633,0.7515299877600979,0.7215041128084606,0.8441558441558441
0,0.0,1.0,0.35000000000000003,1.3,0.6964184195565662,0.7496940024479805,0.7220748600058946,0.8449778070031234
0,0.0,1.0,0.35000000000000003,1.35,0.6997690531177829,0.7417380660954712,0.7201426024955437,0.8451421995725793
0,0.0,1.0,0.35000000000000003,1.4,0.7018669778296382,0.7362301101591188,0.7186379928315411,0.8451421995725793
0,0.0,1.0,0.35000000000000003,1.45,0.7036599763872491,0.7294981640146879,0.716346153846154,0.8448134144336676
0,0.0,1.0,0.35000000000000003,1.5,0.7038140643623361,0.7227662178702571,0.7131642512077295,0.8438270590169324
0,0.0,1.0,0.35000000000000003,1.55,0.7033033033033033,0.7166462668298653,0.7099120945741133,0.8426763110307414
0,0.0,1.0,0.35000000000000003,1.6,0.7052058111380145,0.7129742962056304,0.7090687766281193,0.8428407036001972
0,0.0,1.0,0.35000000000000003,1.65,0.7047387606318347,0.7099143206854345,0.7073170731707316,0.8421831333223738
0,0.0,1.0,0.35000000000000003,1.7000000000000002,0.7064220183486238,0.7068543451652387,0.7066381156316917,0.8423475258918297
0,0.0,1.0,0.35000000000000003,1.75,0.7063882063882064,0.7037943696450428,0.7050889025137952,0.841854348183462
0,0.0,1.0,0.35000000000000003,1.8,0.7074534161490683,0.697062423500612,0.7022194821208384,0.8411967779056386
0,0.0,1.0,0.35000000000000003,1.85,0.7075,0.6927784577723378,0.7000618429189857,0.8405392076278152
0,0.0,1.0,0.35000000000000003,1.9,0.7071339173967459,0.6915544675642595,0.6992574257425742,0.8402104224889035
0,0.0,1.0,0.35000000000000003,1.9500000000000002,0.7073631214600378,0.6878824969400245,0.6974868135277691,0.8397172447805359
0,0.0,1.0,0.35000000000000003,2.0,0.7064393939393939,0.6848225214198287,0.6954630205096333,0.8388952819332566
0,0.0,1.0,0.4,1.0,0.6602994321115127,0.7827417380660955,0.7163259591150938,0.8334703271412132
0,0.0,1.0,0.4,1.05,0.6656200941915228,0.7784577723378213,0.7176304654442878,0.8354430379746836
0,0.0,1.0,0.4,1.1,0.6793975255513717,0.7729498164014688,0.7231606069281421,0.8410323853361829
0,0.0,1.0,0.4,1.15,0.6868464501926252,0.7637698898408812,0.7232686177919444,0.8430050961696531
0,0.0,1.0,0.4,1.2,0.6948863636363637,0.7484700122399021,0.7206835592221568,0.8441558441558441
0,0.0,1.0,0.4,1.25,0.698961937716263,0.7417380660954712,0.7197149643705464,0.8448134144336676
0,0.0,1.0,0.4,1.3,0.7042007001166861,0.7386780905752754,0.7210274790919953,0.8464573401282262
0,0.0,1.0,0.4,1.35,0.7082590612002376,0.7294981640146879,0.7187217365088936,0.846621732697682
0,0.0,1.0,0.4,1.4,0.7111913357400722,0.7233782129742962,0.7172330097087378,0.8467861252671379
0,0.0,1.0,0.4,1.45,0.7136752136752137,0.715422276621787,0.7145476772616136,0.8464573401282262
0,0.0,1.0,0.4,1.5,0.7144622991347342,0.7074663402692778,0.7109471094710947,0.8454709847114911
0,0.0,1.0,0.4,1.55,0.7155388471177945,0.6988984088127295,0.7071207430340558,0.8444846292947559
0,0.0,1.0,0.4,1.6,0.7178186429930248,0.6927784577723378,0.7050763002180007,0.8443202367253
0,0.0,1.0,0.4,1.65,0.7181122448979592,0.6891064871481029,0.7033104309806372,0.8438270590169324
0,0.0,1.0,0.4,1.7000000000000002,0.7202572347266881,0.6854345165238678,0.7024145500156789,0.8439914515863883
0,0.0,1.0,0.4,1.75,0.7213220998055736,0.6811505507955936,0.7006610009442872,0.8436626664474766
0,0.0,1.0,0.4,1.8,0.7229862475442044,0.6756425948592412,0.6985131287567226,0.8433338813085649
0,0.0,1.0,0.4,1.85,0.7231377719182597,0.671358629130967,0.6962868930498255,0.8426763110307414
0,0.0,1.0,0.4,1.9,0.722405816259088,0.6689106487148103,0.6946298061646012,0.8420187407529179
0,0.0,1.0,0.4,1.9500000000000002,0.7226666666666667,0.6634026927784578,0.6917677089980856,0.8411967779056386
0,0.0,1.0,0.4,2.0,0.7217391304347827,0.6603427172582619,0.689677213167146,0.8403748150583593
0,0.0,1.0,0.45,1.0,0.6602994321115127,0.7827417380660955,0.7163259591150938,0.8334703271412132
0,0.0,1.0,0.45,1.05,0.6666666666666666,0.7784577723378213,0.7182382834556746,0.8359362156830511
0,0.0,1.0,0.45,1.1,0.6814254859611231,0.7723378212974297,0.7240390131956397,0.841854348183462
0,0.0,1.0,0.45,1.15,0.6893687707641196,0.7619339045287638,0.7238372093023255,0.8438270590169324
0,0.0,1.0,0.45,1.2,0.6987399770904925,0.7466340269277846,0.7218934911242604,0.8454709847114911
0,0.0,1.0,0.45,1.25,0.7046117921774664,0.7386780905752754,0.7212429040932179,0.846621732697682
0,0.0,1.0,0.45,1.3,0.7098108747044918,0.7350061199510404,0.7221888153938666,0.8481012658227848
0,0.0,1.0,0.45,1.35,0.7135102533172497,0.7239902080783354,0.7187120291616039,0.8477724806838731
0,0.0,1.0,0.45,1.4,0.7176181706568447,0.715422276621787,0.7165185412197366,0.847936873253329
0,0.0,1.0,0.45,1.45,0.7206982543640897,0.7074663402692778,0.714021000617665,0.8477724806838731
0,0.0,1.0,0.45,1.5,0.7215189873417721,0.6976744186046512,0.7093963907902925,0.8464573401282262
0,0.0,1.0,0.45,1.55,0.7230077120822622,0.6884944920440637,0.7053291536050157,0.8454709847114911
0,0.0,1.0,0.45,1.6,0.726027397260274,0.6811505507955936,0.7028733817492896,0.8453065921420352
0,0.0,1.0,0.45,1.65,0.726854891661195,0.6774785801713586,0.7012987012987013,0.8449778070031234
0,0.0,1.0,0.45,1.7000000000000002,0.7289595758780649,0.6731946144430845,0.699968183264397,0.8449778070031234
0,0.0,1.0,0.45,1.75,0.730126920507682,0.6689106487148103,0.6981794953688917,0.8446490218642118
0,0.0,1.0,0.45,1.8,0.7320703653585927,0.6621787025703795,0.6953727506426736,0.8441558441558441
0,0.0,1.0,0.45,1.85,0.7324710687542546,0.6585067319461444,0.6935223976796648,0.8436626664474766
0,0.0,1.0,0.45,1.9,0.731740614334471,0.6560587515299877,0.6918360761535979,0.8430050961696531
0,0.0,1.0,0.45,1.9500000000000002,0.7312198483804273,0.6493268053855569,0.6878444084278768,0.8416899556140063
0,0.0,1.0,0.45,2.0,0.7306094182825484,0.6456548347613219,0.6855100714749838,0.840867992766727
0,0.0,1.0,0.5,1.0,0.6602994321115127,0.7827417380660955,0.7163259591150938,0.8334703271412132
0,0.0,1.0,0.5,1.05,0.6675420168067226,0.7778457772337821,0.7184850197851894,0.8362650008219629
0,0.0,1.0,0.5,1.1,0.6835236541598695,0.7692778457772338,0.7238698531528938,0.8423475258918297
0,0.0,1.0,0.5,1.15,0.6932136848008974,0.7564259485924113,0.723441615452151,0.8446490218642118
0,0.0,1.0,0.5,1.2,0.7036606624055781,0.741126070991432,0.7219076005961251,0.846621732697682
0,0.0,1.0,0.5,1.25,0.711481261154075,0.7319461444308446,0.7215686274509804,0.8482656583922407
0,0.0,1.0,0.5,1.3,0.7186932849364791,0.7270501835985312,0.7228475813811986,0.8502383692257109
0,0.0,1.0,0.5,1.35,0.7238390092879257,0.715422276621787,0.7196060326254231,0.8502383692257109
0,0.0,1.0,0.5,1.4,0.7282471626733922,0.7068543451652387,0.7173913043478262,0.8504027617951668
0,0.0,1.0,0.5,1.45,0.7294344473007712,0.6946144430844553,0.7115987460815046,0.8487588361006082
0,0.0,1.0,0.5,1.5,0.7329396325459318,0.6835985312117503,0.707409753008233,0.8481012658227848
0,0.0,1.0,0.5,1.55,0.736,0.6756425948592412,0.7045309508615188,0.8477724806838731
0,0.0,1.0,0.5,1.6,0.7388059701492538,0.6664626682986536,0.7007722007722008,0.8471149104060497
0,0.0,1.0,0.5,1.65,0.7390710382513661,0.6621787025703795,0.6985151710781149,0.8464573401282262
0,0.0,1.0,0.5,1.7000000000000002,0.7429163787145819,0.6578947368421053,0.6978253813696852,0.8469505178365938
0,0.0,1.0,0.5,1.75,0.7440559440559441,0.6511627906976745,0.6945169712793734,0.8461285549893145
0,0.0,1.0,0.5,1.8,0.7468085106382979,0.6444308445532436,0.6918528252299606,0.8457997698504027
0,0.0,1.0,0.5,1.85,0.7469621157969979,0.6395348837209303,0.6890867128255852,0.8449778070031234
0,0.0,1.0,0.5,1.9,0.7487401007919366,0.6364749082007344,0.6880582203109493,0.8449778070031234
0,0.0,1.0,0.5,1.9500000000000002,0.7489114658925979,0.631578947368421,0.6852589641434262,0.8441558441558441
0,0.0,1.0,0.5,2.0,0.7478070175438597,0.6260709914320686,0.681545636242505,0.8428407036001972
0,0.0,1.0,0.55,1.0,0.6602994321115127,0.7827417380660955,0.7163259591150938,0.8334703271412132
0,0.0,1.0,0.55,1.05,0.6671932596103213,0.7753977968176254,0.7172374752335127,0.8357718231135952
0,0.0,1.0,0.55,1.1,0.6871232876712329,0.7674418604651163,0.7250650477016479,0.8436626664474766
0,0.0,1.0,0.55,1.15,0.7005681818181818,0.7545899632802937,0.7265763111373011,0.8474436955449614
0,0.0,1.0,0.55,1.2,0.7115044247787611,0.7380660954712362,0.7245419044758186,0.8492520138089759
0,0.0,1.0,0.55,1.25,0.720873786407767,0.7270501835985312,0.7239488117001828,0.8510603320729903
0,0.0,1.0,0.55,1.3,0.7281733746130031,0.7197062423500612,0.7239150507848569,0.852539865198093
0,0.0,1.0,0.55,1.35,0.736741214057508,0.7056303549571603,0.7208502657080338,0.8531974354759165
0,0.0,1.0,0.55,1.4,0.7436232831916285,0.6958384332925337,0.7189377173569396,0.85385500575374
0,0.0,1.0,0.55,1.45,0.7469879518072289,0.6829865361077111,0.7135549872122762,0.8527042577675489
0,0.0,1.0,0.55,1.5,0.7511994516792323,0.6707466340269278,0.7086970578726156,0.8518822949202696
0,0.0,1.0,0.55,1.55,0.7547038327526132,0.6627906976744186,0.7057673509286413,0.8515535097813579
0,0.0,1.0,0.55,1.6,0.7590618336886994,0.653610771113831,0.7024005261427162,0.8512247246424461
0,0.0,1.0,0.55,1.65,0.7594846098783107,0.6493268053855569,0.700098977235236,0.8505671543646227
0,0.0,1.0,0.55,1.7000000000000002,0.7673231218088986,0.6438188494492044,0.7001663893510816,0.8518822949202696
0,0.0,1.0,0.55,1.75,0.7686622320768662,0.6364749082007344,0.6963508536993639,0.8508959395035345
0,0.0,1.0,0.55,1.8,0.772351615326822,0.6291309669522643,0.693423271500843,0.8505671543646227
0,0.0,1.0,0.55,1.85,0.7725549658832449,0.6236230110159119,0.6901456146291906,0.8495807989478875
0,0.0,1.0,0.55,1.9,0.7744648318042814,0.6199510403916769,0.6886471787899389,0.8494164063784317
0,0.0,1.0,0.55,1.9500000000000002,0.7746913580246914,0.6144430844553244,0.6853242320819113,0.8484300509616965
0,0.0,1.0,0.55,2.0,0.7737169517884914,0.6089351285189718,0.6815068493150684,0.8471149104060497
0,0.0,1.0,0.6000000000000001,1.0,0.6602994321115127,0.7827417380660955,0.7163259591150938,0.8334703271412132
0,0.0,1.0,0.6000000000000001,1.05,0.6693079767564712,0.7753977968176254,0.718457612702013,0.8367581785303304
0,0.0,1.0,0.6000000000000001,1.1,0.6912899669239251,0.7674418604651163,0.7273781902552204,0.8454709847114911
0,0.0,1.0,0.6000000000000001,1.15,0.7061529614721104,0.7515299877600979,0.7281351912244293,0.8492520138089759
0,0.0,1.0,0.6000000000000001,1.2,0.7196149217809867,0.7319461444308446,0.7257281553398057,0.851389117211902
0,0.0,1.0,0.6000000000000001,1.25,0.7301488833746899,0.7203182374541004,0.7252002464571782,0.8533618280453723
0,0.0,1.0,0.6000000000000001,1.3,0.7376425855513308,0.7123623011015912,0.7247820672478207,0.8546769686010193
0,0.0,1.0,0.6000000000000001,1.35,0.747209455022981,0.6964504283965728,0.7209375989863794,0.8551701463093868
0,0.0,1.0,0.6000000000000001,1.4,0.7552258934592043,0.6854345165238678,0.7186397176772537,0.8558277165872102
0,0.0,1.0,0.6000000000000001,1.45,0.7593360995850622,0.6719706242350061,0.712987012987013,0.8546769686010193
0,0.0,1.0,0.6000000000000001,1.5,0.7651245551601423,0.6578947368421053,0.7074695623560381,0.85385500575374
0,0.0,1.0,0.6000000000000001,1.55,0.7697893972403776,0.6487148102815178,0.7040850215875125,0.8535262206148282
0,0.0,1.0,0.6000000000000001,1.6,0.7742175856929955,0.6358629130966952,0.698252688172043,0.8523754726286372
0,0.0,1.0,0.6000000000000001,1.65,0.774679728711379,0.6291309669522643,0.6943600135089496,0.8512247246424461
0,0.0,1.0,0.6000000000000001,1.7000000000000002,0.7823076923076923,0.6223990208078335,0.6932515337423313,0.8520466874897255
0,0.0,1.0,0.6000000000000001,1.75,0.78515625,0.6150550795593636,0.6897735072065889,0.851389117211902
0,0.0,1.0,0.6000000000000001,1.8,0.7903097696584591,0.6089351285189718,0.6878672658140338,0.8515535097813579
0,0.0,1.0,0.6000000000000001,1.85,0.790529695024077,0.6028151774785802,0.6840277777777778,0.8504027617951668
0,0.0,1.0,0.6000000000000001,1.9,0.7925445705024311,0.598531211750306,0.6820083682008368,0.8500739766562552
0,0.0,1.0,0.6000000000000001,1.9500000000000002,0.7927927927927928,0.5924112607099143,0.6781085814360772,0.8489232286700641
0,0.0,1.0,0.6000000000000001,2.0,0.7935323383084577,0.5856793145654835,0.673943661971831,0.8477724806838731
0,0.0,1.0,0.65,1.0,0.6602994321115127,0.7827417380660955,0.7163259591150938,0.8334703271412132
0,0.0,1.0,0.65,1.05,0.6700158646218932,0.7753977968176254,0.7188652482269503,0.8370869636692422
0,0.0,1.0,0.65,1.1,0.697324414715719,0.7656058751529988,0.7298716452742123,0.8477724806838731
0,0.0,1.0,0.65,1.15,0.712536443148688,0.7478580171358629,0.7297700806210808,0.8512247246424461
0,0.0,1.0,0.65,1.2,0.7259439707673568,0.7294981640146879,0.7277167277167277,0.8533618280453723
0,0.0,1.0,0.65,1.25,0.7371069182389937,0.7172582619339045,0.7270471464019852,0.8553345388788427
0,0.0,1.0,0.65,1.3,0.747741935483871,0.7093023255813954,0.7280150753768844,0.8576360348512247
0,0.0,1.0,0.65,1.35,0.7575150300601202,0.6940024479804161,0.7243692111146597,0.8581292125595923
0,0.0,1.0,0.65,1.4,0.7649484536082474,0.6811505507955936,0.7206215603755259,0.8581292125595923
0,0.0,1.0,0.65,1.45,0.771793054571226,0.6664626682986536,0.7152709359605911,0.8574716422817689
0,0.0,1.0,0.65,1.5,0.7781844802342606,0.6505507955936353,0.7086666666666668,0.8563208942955779
0,0.0,1.0,0.65,1.55,0.7843726521412472,0.6389228886168911,0.7042158516020235,0.8558277165872102
0,0.0,1.0,0.65,1.6,0.7896365042536736,0.6248470012239902,0.6976426375128116,0.8545125760315634
0,0.0,1.0,0.65,1.65,0.7907523510971787,0.6175030599755202,0.6934707903780069,0.8533618280453723
0,0.0,1.0,0.65,1.7000000000000002,0.7983935742971887,0.6083231334149327,0.6905175408127822,0.8535262206148282
0,0.0,1.0,0.65,1.75,0.8014705882352942,0.6003671970624235,0.6864940517844648,0.8527042577675489
0,0.0,1.0,0.65,1.8,0.8075,0.5930232558139535,0.6838390966831334,0.8527042577675489
0,0.0,1.0,0.65,1.85,0.8089602704987321,0.5856793145654835,0.6794462193823216,0.8515535097813579
0,0.0,1.0,0.65,1.9,0.8106255355612683,0.5789473684210527,0.6754730453409498,0.8505671543646227
0,0.0,1.0,0.65,1.9500000000000002,0.8110918544194108,0.572827417380661,0.6714490674318508,0.8494164063784317
0,0.0,1.0,0.65,2.0,0.8125,0.5648714810281518,0.6664259927797834,0.8481012658227848
0,0.0,1.0,0.7000000000000001,1.0,0.6602994321115127,0.7827417380660955,0.7163259591150938,0.8334703271412132
0,0.0,1.0,0.7000000000000001,1.05,0.6705508474576272,0.7747858017135862,0.7189097103918228,0.8372513562386981
0,0.0,1.0,0.7000000000000001,1.1,0.69927333705981,0.7656058751529988,0.7309377738825592,0.8485944435311524
0,0.0,1.0,0.7000000000000001,1.15,0.715208455666471,0.7454100367197063,0.729997003296374,0.8518822949202696
0,0.0,1.0,0.7000000000000001,1.2,0.7305795314426634,0.7252141982864138,0.727886977886978,0.8543481834621075
0,0.0,1.0,0.7000000000000001,1.25,0.7429667519181585,0.7111383108935129,0.7267041901188243,0.8563208942955779
0,0.0,1.0,0.7000000000000001,1.3,0.7542706964520368,0.7025703794369645,0.7275031685678074,0.8586223902679598
0,0.0,1.0,0.7000000000000001,1.35,0.7648261758691206,0.6866585067319462,0.7236375362786197,0.8591155679763275
0,0.0,1.0,0.7000000000000001,1.4,0.773943661971831,0.6725826193390453,0.7197118533071382,0.8592799605457834
0,0.0,1.0,0.7000000000000001,1.45,0.7823228634039445,0.6554467564259486,0.7132867132867134,0.8584579976985041
0,0.0,1.0,0.7000000000000001,1.5,0.7901515151515152,0.6383108935128519,0.7061611374407584,0.857307249712313
0,0.0,1.0,0.7000000000000001,1.55,0.7964257964257965,0.6272949816401469,0.701814447107155,0.8568140720039454
0,0.0,1.0,0.7000000000000001,1.6,0.8022417934347478,0.6132190942472461,0.6951092611862643,0.8554989314482986
0,0.0,1.0,0.7000000000000001,1.65,0.8035714285714286,0.605875152998776,0.6908583391486393,0.8543481834621075
0,0.0,1.0,0.7000000000000001,1.7000000000000002,0.8118234804329725,0.5966952264381885,0.6878306878306878,0.8545125760315634
0,0.0,1.0,0.7000000000000001,1.75,0.8161702127659575,0.5869033047735618,0.6828052687789249,0.8535262206148282
0,0.0,1.0,0.7000000000000001,1.8,0.8238884045335658,0.5783353733170135,0.6796116504854369,0.8535262206148282
0,0.0,1.0,0.7000000000000001,1.85,0.8255093002657219,0.5703794369645043,0.6746290264205574,0.8522110800591813
0,0.0,1.0,0.7000000000000001,1.9,0.8282374100719424,0.5636474908200735,0.6707938820101967,0.851389117211902
0,0.0,1.0,0.7000000000000001,1.9500000000000002,0.8296903460837887,0.5575275397796817,0.6669106881405564,0.8504027617951668
0,0.0,1.0,0.7000000000000001,2.0,0.8307123034227567,0.5495716034271726,0.6615101289134439,0.8489232286700641
0,0.0,1.0,0.75,1.0,0.6602994321115127,0.7827417380660955,0.7163259591150938,0.8334703271412132
0,0.0,1.0,0.75,1.05,0.6719660837307896,0.7760097919216646,0.720249928997444,0.8380733190859773
0,0.0,1.0,0.75,1.1,0.7015677491601344,0.7668298653610771,0.7327485380116959,0.8497451915173434
0,0.0,1.0,0.75,1.15,0.7174041297935103,0.7441860465116279,0.7305497146290177,0.852539865198093
0,0.0,1.0,0.75,1.2,0.7327960322380657,0.7233782129742962,0.7280566676932553,0.854841361170475
0,0.0,1.0,0.75,1.25,0.7451737451737451,0.7086903304773562,0.726474278544542,0.8566496794344896
0,0.0,1.0,0.75,1.3,0.756631299734748,0.6982864137086904,0.7262889879057924,0.8586223902679598
0,0.0,1.0,0.75,1.35,0.7682758620689655,0.6817625458996328,0.7224383916990922,0.8592799605457834
0,0.0,1.0,0.75,1.4,0.7785714285714286,0.6670746634026927,0.7185234014502307,0.859608745684695
0,0.0,1.0,0.75,1.45,0.788261515601783,0.6493268053855569,0.7120805369127515,0.8589511754068716
0,0.0,1.0,0.75,1.5,0.7956823438704703,0.631578947368421,0.7041965199590583,0.8574716422817689
0,0.0,1.0,0.75,1.55,0.8020585906571654,0.6199510403916769,0.699344149119779,0.8568140720039454
0,0.0,1.0,0.75,1.6,0.8108552631578947,0.6034271725826194,0.6919298245614035,0.8556633240177544
0,0.0,1.0,0.75,1.65,0.8123436196830692,0.5960832313341493,0.6876103070949524,0.8545125760315634
0,0.0,1.0,0.75,1.7000000000000002,0.8209083119108826,0.5862913096695227,0.6840414137807926,0.8545125760315634
0,0.0,1.0,0.75,1.75,0.8268892794376098,0.5758873929008568,0.6789321789321789,0.8536906131842841
0,0.0,1.0,0.75,1.8,0.8349864743011722,0.5667074663402693,0.6751731680641633,0.8535262206148282
0,0.0,1.0,0.75,1.85,0.8368469294225481,0.5587515299877601,0.6700917431192661,0.8522110800591813
0,0.0,1.0,0.75,1.9,0.839851024208566,0.5520195838433293,0.6661742983751846,0.851389117211902
0,0.0,1.0,0.75,1.9500000000000002,0.8415094339622642,0.5458996328029376,0.662212323682257,0.8504027617951668
0,0.0,1.0,0.75,2.0,0.8427612655800575,0.5379436964504284,0.6567052670900261,0.8489232286700641
0,0.0,1.0,0.8,1.0,0.6602994321115127,0.7827417380660955,0.7163259591150938,0.8334703271412132
0,0.0,1.0,0.8,1.05,0.672322375397667,0.7760097919216646,0.7204545454545456,0.8382377116554331
0,0.0,1.0,0.8,1.1,0.702079820123665,0.7643818849449204,0.7319074128332844,0.8495807989478875
0,0.0,1.0,0.8,1.15,0.7191211401425178,0.741126070991432,0.729957805907173,0.8527042577675489
0,0.0,1.0,0.8,1.2,0.7347066167290887,0.7203182374541004,0.7274412855377009,0.8550057537399309
0,0.0,1.0,0.8,1.25,0.7477243172951885,0.7037943696450428,0.7250945775535939,0.8566496794344896
0,0.0,1.0,0.8,1.3,0.7588985896574882,0.6915544675642595,0.723663144412424,0.8581292125595923
0,0.0,1.0,0.8,1.35,0.7706293706293706,0.6744186046511628,0.7193211488250653,0.8586223902679598
0,0.0,1.0,0.8,1.4,0.7814088598402323,0.6585067319461444,0.714712720026569,0.8587867828374157
0,0.0,1.0,0.8,1.45,0.7912254160363086,0.6401468788249693,0.7077131258457374,0.8579648199901364
0,0.0,1.0,0.8,1.5,0.7989002356637863,0.6223990208078335,0.6996904024767802,0.8564852868650337
0,0.0,1.0,0.8,1.55,0.8082859463850528,0.6089351285189718,0.694589877835951,0.856156501726122
0,0.0,1.0,0.8,1.6,0.820186598812553,0.5917992656058751,0.6875222182723072,0.8554989314482986
0,0.0,1.0,0.8,1.65,0.8218588640275387,0.5844553243574051,0.6831187410586552,0.8543481834621075
0,0.0,1.0,0.8,1.7000000000000002,0.830238726790451,0.5746634026927785,0.6792043399638337,0.8541837908926516
0,0.0,1.0,0.8,1.75,0.8365122615803815,0.5636474908200735,0.673491773308958,0.8531974354759165
0,0.0,1.0,0.8,1.8,0.8461538461538461,0.5520195838433293,0.668148148148148,0.8527042577675489
0,0.0,1.0,0.8,1.85,0.8484270734032412,0.5446756425948592,0.6634364517331346,0.8515535097813579
0,0.0,1.0,0.8,1.9,0.8522837706511176,0.5367197062423501,0.6586556515208413,0.8505671543646227
0,0.0,1.0,0.8,1.9500000000000002,0.8541871921182266,0.5305997552019583,0.6545866364665911,0.8495807989478875
0,0.0,1.0,0.8,2.0,0.8554216867469879,0.5214198286413708,0.6479087452471483,0.8477724806838731
0,0.0,1.0,0.8500000000000001,1.0,0.6623511134127396,0.7827417380660955,0.717531556802244,0.8344566825579484
0,0.0,1.0,0.8500000000000001,1.05,0.674653887113951,0.7753977968176254,0.7215261958997722,0.8392240670721683
0,0.0,1.0,0.8500000000000001,1.1,0.7040181097906055,0.7613219094247246,0.7315495442516906,0.8499095840867993
0,0.0,1.0,0.8500000000000001,1.15,0.7231231231231231,0.7368421052631579,0.7299181570172779,0.8535262206148282
0,0.0,1.0,0.8500000000000001,1.2,0.7383059418457648,0.7148102815177478,0.72636815920398,0.8553345388788427
0,0.0,1.0,0.8500000000000001,1.25,0.7519788918205804,0.6976744186046512,0.7238095238095238,0.8569784645734013
0,0.0,1.0,0.8500000000000001,1.3,0.7640218878248974,0.6835985312117503,0.7215762273901809,0.8582936051290482
0,0.0,1.0,0.8500000000000001,1.35,0.7769066286528866,0.6670746634026927,0.7178136318735594,0.8591155679763275
0,0.0,1.0,0.8500000000000001,1.4,0.787991104521868,0.6505507955936353,0.7127053302044922,0.8591155679763275
0,0.0,1.0,0.8500000000000001,1.45,0.7984555984555984,0.6328029375764994,0.7060430180949129,0.8584579976985041
0,0.0,1.0,0.8500000000000001,1.5,0.8075684380032206,0.6138310893512852,0.6974965229485396,0.8569784645734013
0,0.0,1.0,0.8500000000000001,1.55,0.8157676348547718,0.6015911872705019,0.692497358224727,0.8564852868650337
0,0.0,1.0,0.8500000000000001,1.6,0.8282740676496098,0.5844553243574051,0.6853247219232149,0.8558277165872102
0,0.0,1.0,0.8500000000000001,1.65,0.8301056338028169,0.5771113831089352,0.6808664259927798,0.8546769686010193
0,0.0,1.0,0.8500000000000001,1.7000000000000002,0.8387681159420289,0.5667074663402693,0.6764061358655953,0.8543481834621075
0,0.0,1.0,0.8500000000000001,1.75,0.8452935694315005,0.555079559363525,0.6701145179165128,0.8531974354759165
0,0.0,1.0,0.8500000000000001,1.8,0.8539865513928915,0.54406364749082,0.6646728971962617,0.852539865198093
0,0.0,1.0,0.8500000000000001,1.85,0.8571428571428571,0.5361077111383109,0.6596385542168675,0.851389117211902
0,0.0,1.0,0.8500000000000001,1.9,0.8611388611388612,0.5275397796817626,0.65426944971537,0.8502383692257109
0,0.0,1.0,0.8500000000000001,1.9500000000000002,0.8632218844984803,0.5214198286413708,0.6501335368180085,0.8492520138089759
0,0.0,1.0,0.8500000000000001,2.0,0.8646694214876033,0.5122399020807834,0.6433512682551884,0.8474436955449614
0,0.0,1.0,0.9,1.0,0.6623511134127396,0.7827417380660955,0.717531556802244,0.8344566825579484
0,0.0,1.0,0.9,1.05,0.674653887113951,0.7753977968176254,0.7215261958997722,0.8392240670721683
0,0.0,1.0,0.9,1.1,0.7034521788341822,0.7607099143206855,0.7309614819170832,0.8495807989478875
0,0.0,1.0,0.9,1.15,0.7227901383042694,0.7356181150550796,0.7291477100394298,0.8531974354759165
0,0.0,1.0,0.9,1.2,0.738276299112801,0.7129742962056304,0.7254047322540472,0.8550057537399309
0,0.0,1.0,0.9,1.25,0.7526525198938993,0.6946144430844553,0.7224697644812222,0.8566496794344896
0,0.0,1.0,0.9,1.3,0.7653131452167928,0.6805385556915544,0.7204405571752511,0.8581292125595923
0,0.0,1.0,0.9,1.35,0.7783357245337159,0.664014687882497,0.7166446499339497,0.8589511754068716
0,0.0,1.0,0.9,1.4,0.7901418969380134,0.6474908200734394,0.7117389841910527,0.8591155679763275
0,0.0,1.0,0.9,1.45,0.8006230529595015,0.6291309669522643,0.7045921864290609,0.8582936051290482
0,0.0,1.0,0.9,1.5,0.8085969180859692,0.6101591187270502,0.6955005231949773,0.8564852868650337
0,0.0,1.0,0.9,1.55,0.8168896321070234,0.5979192166462668,0.6904593639575972,0.8559921091566661
0,0.0,1.0,0.9,1.6,0.829246935201401,0.5795593635250919,0.6822766570605188,0.8550057537399309
0,0.0,1.0,0.9,1.65,0.8312611012433393,0.572827417380661,0.6782608695652174,0.8540193983231958
0,0.0,1.0,0.9,1.7000000000000002,0.8398902104300091,0.5618115055079559,0.6732673267326732,0.8535262206148282
0,0.0,1.0,0.9,1.75,0.8465160075329566,0.5501835985312118,0.6669139465875371,0.8523754726286372
0,0.0,1.0,0.9,1.8,0.8557504873294347,0.5373317013463892,0.6601503759398495,0.851389117211902
0,0.0,1.0,0.9,1.85,0.858987090367428,0.5293757649938801,0.6550549034456645,0.8502383692257109
0,0.0,1.0,0.9,1.9,0.8630831643002028,0.5208078335373317,0.6496183206106871,0.84908762123952
0,0.0,1.0,0.9,1.9500000000000002,0.8652263374485597,0.51468788249694,0.6454336147352263,0.8481012658227848
0,0.0,1.0,0.9,2.0,0.8664563617245006,0.5042839657282742,0.63752417794971,0.8459641624198586
0,0.0,1.0,0.9500000000000001,1.0,0.6623511134127396,0.7827417380660955,0.717531556802244,0.8344566825579484
0,0.0,1.0,0.9500000000000001,1.05,0.674653887113951,0.7753977968176254,0.7215261958997722,0.8392240670721683
0,0.0,1.0,0.9500000000000001,1.1,0.7042492917847025,0.7607099143206855,0.7313915857605179,0.8499095840867993
0,0.0,1.0,0.9500000000000001,1.15,0.7236604455147502,0.7356181150550796,0.7295902883156298,0.8535262206148282
0,0.0,1.0,0.9500000000000001,1.2,0.7392131979695431,0.7129742962056304,0.7258566978193145,0.8553345388788427
0,0.0,1.0,0.9500000000000001,1.25,0.7526525198938993,0.6946144430844553,0.7224697644812222,0.8566496794344896
0,0.0,1.0,0.9500000000000001,1.3,0.7653131452167928,0.6805385556915544,0.7204405571752511,0.8581292125595923
0,0.0,1.0,0.9500000000000001,1.35,0.7783357245337159,0.664014687882497,0.7166446499339497,0.8589511754068716
0,0.0,1.0,0.9500000000000001,1.4,0.7901418969380134,0.6474908200734394,0.7117389841910527,0.8591155679763275
0,0.0,1.0,0.9500000000000001,1.45,0.8004676539360873,0.6285189718482252,0.7041480973603018,0.8581292125595923
0,0.0,1.0,0.9500000000000001,1.5,0.8084415584415584,0.609547123623011,0.6950453593859036,0.8563208942955779
0,0.0,1.0,0.9500000000000001,1.55,0.8164291701592624,0.5960832313341493,0.6890696851786345,0.8554989314482986
0,0.0,1.0,0.9500000000000001,1.6,0.829225352112676,0.576499388004896,0.68014440433213,0.8543481834621075
0,0.0,1.0,0.9500000000000001,1.65,0.83125,0.5697674418604651,0.6761074800290487,0.8533618280453723
0,0.0,1.0,0.9500000000000001,1.7000000000000002,0.8406998158379374,0.5587515299877601,0.6713235294117648,0.8530330429064606
0,0.0,1.0,0.9500000000000001,1.75,0.8473933649289099,0.5471236230110159,0.6649312011900336,0.8518822949202696
0,0.0,1.0,0.9500000000000001,1.8,0.8567222767419038,0.5342717258261934,0.6581228797587636,0.8508959395035345
0,0.0,1.0,0.9500000000000001,1.85,0.8598598598598599,0.5257037943696451,0.6524876566654007,0.8495807989478875
0,0.0,1.0,0.9500000000000001,1.9,0.8640081799591002,0.5171358629130967,0.6470137825421133,0.8484300509616965
0,0.0,1.0,0.9500000000000001,1.9500000000000002,0.8660436137071651,0.5104039167686658,0.6422795533307663,0.8472793029755055
0,0.0,1.0,0.9500000000000001,2.0,0.8690095846645367,0.49938800489596086,0.6342790516906335,0.8453065921420352
0,0.0,1.0,1.0,1.0,0.6623511134127396,0.7827417380660955,0.717531556802244,0.8344566825579484
0,0.0,1.0,1.0,1.05,0.678093197643278,0.7747858017135862,0.7232219365895458,0.8407036001972711
0,0.0,1.0,1.0,1.1,0.7144502014968336,0.7594859241126071,0.7362800355977454,0.85385500575374
0,0.0,1.0,1.0,1.15,0.7390228818800247,0.7313341493268054,0.7351584127960628,0.8584579976985041
0,0.0,1.0,1.0,1.2,0.7606837606837606,0.708078335373317,0.7334389857369255,0.8617458490876212
0,0.0,1.0,1.0,1.25,0.7767795438838977,0.6878824969400245,0.7296332359623497,0.8630609896432682
0,0.0,1.0,1.0,1.3,0.792507204610951,0.6731946144430845,0.7279947054930511,0.8648693079072826
0,0.0,1.0,1.0,1.35,0.808446455505279,0.6560587515299877,0.7243243243243244,0.8658556633240178
0,0.0,1.0,1.0,1.4,0.8232044198895028,0.6383108935128519,0.7190623922785246,0.8660200558934736
0,0.0,1.0,1.0,1.45,0.8345740281224152,0.6175030599755202,0.7098135772071755,0.864376130198915
0,0.0,1.0,1.0,1.5,0.8407917383820999,0.5979192166462668,0.6988555078683835,0.8615814565181654
0,0.0,1.0,1.0,1.55,0.8511586452762924,0.5844553243574051,0.6930333817126271,0.8609238862403419
0,0.0,1.0,1.0,1.6,0.8596654275092936,0.5660954712362302,0.6826568265682658,0.8586223902679598
0,0.0,1.0,1.0,1.65,0.8632075471698113,0.5599755201958384,0.6792873051224944,0.8579648199901364
0,0.0,1.0,1.0,1.7000000000000002,0.8709990300678953,0.5495716034271726,0.6739212007504691,0.8571428571428571
0,0.0,1.0,1.0,1.75,0.8773678963110668,0.5385556915544676,0.6674251042851727,0.8558277165872102
0,0.0,1.0,1.0,1.8,0.8865979381443299,0.5263157894736842,0.6605222734254992,0.8546769686010193
0,0.0,1.0,1.0,1.85,0.891578947368421,0.518359853121175,0.6555727554179567,0.8536906131842841
0,0.0,1.0,1.0,1.9,0.894962486602358,0.511015911872705,0.6505648617062719,0.852539865198093
0,0.0,1.0,1.0,1.9500000000000002,0.8966267682263329,0.5042839657282742,0.645515080297689,0.8512247246424461
0,0.0,1.0,1.0,2.0,0.8968957871396895,0.49510403916768664,0.63801261829653,0.84908762123952
0,0.30000000000000004,1.25,1.0,1.1,0.7164351851851852,0.7576499388004896,0.7364663890541345,0.8543481834621075
